3033,1788139705,1169034,0
2625,1788178388,2183491,0
1298,1788184402,2023202,0
3278,1788191491,2104050,2178123
3255,1788227858,2132828,0
4538,1788242721,888810,0
828,1788269600,2137188,0
1440,1788282107,2183483,1369420
539,1788283129,1898371,0
760,1788285453,1961278,0
2437,1788289326,1731373,0
2662,1788290290,2058795,2059472
1694,1788312866,1731373,0
3013,1788313356,486339,0
1299,1788314555,2104050,0
1812,1788315005,2179516,2141769
3016,1788320121,2058795,0
2433,1788331120,301920,0
2899,1788331571,2137188,0
3134,1788334228,1994814,2173649
4153,1788343661,254189,0
2581,1788349090,1898371,0
2330,1788364688,2084142,0
3714,1788367146,2132828,2183628
2831,1788377313,2179516,2116596
3950,1788387188,222751,0
1273,1788388173,1691132,0
995,1788391619,1589382,0
1517,1788395857,1589382,0
4875,1788397868,2084142,2095879
342,1788398131,2136699,0
2837,1788398932,1951772,0
1661,1788399261,486339,0
458,1788402710,1589382,0
3945,1788402979,1912482,1553074
5017,1788407798,1745999,0
3106,1788409233,2080309,0
3395,1788415019,1994814,0
846,1788427600,2127978,2131994
1519,1788435060,1586763,0
1671,1788435458,2121243,0
4401,1788436367,2136214,0
2084,1788438121,1997833,743605
2084,1788438730,1997833,1997833
2595,1788439562,1961278,2006269
5283,1788449171,1745999,0
4432,1788451872,888810,0
690,1788452994,2136699,0
4969,1788454075,2067012,0
3981,1788455437,1594692,2177332
3206,1788455616,222751,0
647,1788455890,301920,0
3861,1788461615,2127978,1891510
2355,1788468900,2104050,1589382
5658,1788469416,2184039,2134283
5320,1788471764,2021767,0
1720,1788475510,2071214,116702
4379,1788475645,862424,0
1967,1788477398,2121243,93720
3739,1788479721,1666646,0
1447,1788482182,486339,0
3959,1788484253,1594692,0
3892,1788484687,2127978,2070355
3184,1788485696,2181101,2175784
4911,1788486057,1786798,2126355
1852,1788491173,2032066,0
5604,1788497407,2021767,0
282,1788498641,1271321,0
2324,1788499207,1651308,1525913
2390,1788500426,2136699,1635695
3558,1788501756,2076485,0
4987,1788502554,2176673,0
2827,1788502681,1958874,2113675
2268,1788503368,2057638,1408290
1932,1788506097,2123065,31891
3736,1788508601,2121004,0
323,1788512326,1342035,0
3337,1788513461,1390210,2179170
4408,1788513612,2136006,0
848,1788514680,1342035,0
5045,1788516211,2132828,9312
2851,1788516532,1342035,0
995,1788519117,2104050,1589382
4884,1788520413,2142222,0
2169,1788521268,1714244,1011913
2366,1788526168,1586763,1608613
2865,1788528152,2122744,0
299,1788529033,1342035,0
407,1788530635,2181789,0
4458,1788534187,2180955,0
1819,1788537460,1810435,2183238
1256,1788537854,1187462,0
5008,1788540274,2067012,0
2734,1788546395,2180410,0
3521,1788551047,2181101,0
5665,1788557700,2064866,0
1403,1788558034,2017869,0
1848,1788559369,1994814,2180257
3373,1788560578,1997833,0
2208,1788561303,2080309,1099788
1873,1788562535,2127978,0
46,1788564648,2076485,0
1969,1788567634,2181315,0
4607,1788568186,934653,0
1659,1788570900,1617970,2180301
1633,1788571863,2132828,0
495,1788573170,2014236,0
5190,1788574923,2057638,2078176
5078,1788575389,164,0
1496,1788577776,2181101,0
3702,1788580976,219369,2183613
3519,1788581279,254547,2182120
3731,1788582561,800543,0
2238,1788582682,1958874,1244723
5576,1788587599,2090745,2184039
28,1788588275,1651308,1566017
255,1788591871,1921999,0
16,1788592214,2084142,2078678
2171,1788599714,1608799,0
2988,1788603807,1673222,0
3483,1788604031,2179394,2181768
4055,1788604139,2145649,2177697
6131,1788604941,2179394,2106801
5027,1788609920,2127679,0
1894,1788610079,2068769,0
4400,1788612662,1993222,0
224,1788613253,1673222,0
4446,1788615766,1563523,2056203
3887,1788616389,2090921,0
2478,1788617219,2181708,0
1205,1788619148,1885328,0
218,1788619312,1958874,0
4698,1788620878,164,0
4227,1788620943,254189,2182063
2601,1788621034,1678679,2011559
2601,1788621034,1678679,1678679
4009,1788623345,1810435,2178079
4701,1788623732,2128799,0
1507,1788625795,9148,0
3202,1788626068,23632,2176116
3988,1788626335,2112797,0
3947,1788627277,2124912,2179321
4206,1788630211,2133019,0
4485,1788631666,141108,1434418
3250,1788633806,2122743,2177595
3199,1788635126,2132828,2176096
5323,1788635353,2183995,0
148,1788636327,2115128,0
4354,1788636949,1549959,0
2754,1788637567,2023202,0
4494,1788637723,934653,0
6368,1788639041,2064866,0
2247,1788639407,2179552,0
4030,1788639566,2137188,2179937
3858,1788640989,254547,0
295,1788642953,1885328,0
4456,1788643504,992825,8235
3066,1788647506,1543507,0
1393,1788647842,2102310,0
2190,1788649666,2176673,1051979
4436,1788649971,2101846,0
1019,1788654347,2058795,0
2271,1788656178,2138682,0
4199,1788657061,2145649,2180534
1203,1788658852,2133518,0
4297,1788663096,1587053,1772681
2733,1788664290,1598893,2087047
764,1788666185,2123065,1301199
3038,1788666562,2032066,0
2881,1788672902,1714244,2122907
4238,1788675610,1390210,2179191
2228,1788677467,2090921,0
4135,1788678366,2181217,0
5303,1788678937,1905015,2079605
3357,1788683487,1543507,0
4283,1788683815,1671571,0
4030,1788690708,2045489,2137188
2122,1788691669,1673222,0
4104,1788692880,2179320,2179792
4168,1788693924,1577451,2177331
5485,1788696124,1810435,1819637
3041,1788696665,2123065,0
4523,1788700413,779531,0
2542,1788700961,1678679,1939316
1680,1788702915,2080309,0
2962,1788705675,2137188,0
4041,1788706161,254189,0
4818,1788706199,1657363,0
3733,1788707666,2180410,0
3441,1788708088,1851914,0
3254,1788708859,2183491,2177628
663,1788710580,2182357,0
1184,1788712076,2183490,1225599
4471,1788714369,2101846,0
4386,1788714642,1390210,0
3989,1788714781,2179320,1568957
2880,1788714923,1885328,0
2395,1788715880,2181676,0
2434,1788716263,2085554,1707975
3046,1788716341,2145649,2141470
1103,1788716772,2103534,0
581,1788716896,2137298,0
50,1788719900,934653,1933963
2217,1788720977,1471280,0
162,1788723556,2114370,2121596
4174,1788725632,2145649,2181811
86,1788725976,2170846,0
3941,1788726727,1595726,0
5461,1788727025,1989499,2082451
3943,1788727232,2126523,2179728
768,1788727360,1586763,0
2425,1788728301,2174102,0
2673,1788729010,2085554,2068769
4877,1788730969,934653,0
2824,1788731423,2183491,2113522
5171,1788731584,2142222,0
3084,1788733562,1653036,2144483
3662,1788734965,2123065,0
4438,1788736105,2113964,0
5270,1788737449,2090745,2182227
5149,1788737978,2182145,2009697
491,1788738513,1885328,0
2473,1788738781,2123065,0
2133,1788741842,1682674,913250
1488,1788742700,2179552,0
960,1788744209,2056942,0
4520,1788746296,433392,0
4259,1788746500,1898371,862424
3317,1788746660,15527,0
4720,1788747875,2094332,2136696
803,1788748725,278359,2181612
74,1788748770,2084142,1955107
6273,1788748785,2002238,0
3907,1788749400,2179320,2183546
3711,1788751960,2175860,0
4724,1788752573,1678679,0
5627,1788752941,2090745,0
5842,1788755007,1989499,2091224
2562,1788755651,1169034,1964000
5286,1788755752,1905015,0
3090,1788756169,2112801,2144971
3036,1788757362,1731373,2140408
4045,1788757393,20451,0
1644,1788761397,2023202,0
133,1788762152,1100445,1791810
3330,1788764536,1747072,0
351,1788765381,2133518,0
5001,1788765579,2183491,1663439
316,1788767591,287776,0
94,1788768490,2183455,0
748,1788768632,2132828,1851914
1825,1788770380,2177696,2136090
3785,1788770408,2112801,0
5053,1788771627,1820940,2180455
2258,1788772403,2183991,0
3761,1788775149,184307,2183959
5235,1788776010,1124356,2183126
545,1788776094,2181431,0
5123,1788776269,1833730,0
2428,1788776872,2086782,0
4022,1788781195,2132828,6210
3083,1788781342,1187462,0
3097,1788782350,2119519,0
754,1788783226,486339,0
705,1788784539,1052122,0
569,1788784732,141108,0
4521,1788786682,1535952,2178475
4918,1788788084,23632,2178141
160,1788789806,2181708,0
3212,1788790326,2076485,0
1071,1788791870,2014236,2183481
1822,1788792716,2177696,2182386
2302,1788793049,1946447,0
6069,1788793272,13447,879328
5228,1788794641,1173630,1007629
2336,1788794769,1036162,0
1479,1788796614,1040712,0
2802,1788796955,2123065,0
4140,1788797198,2136006,0
4872,1788798900,2179394,1935738
896,1788799753,2112530,0
3765,1788799927,1810435,0
5938,1788799931,2085554,2184125
4524,1788804776,1657441,0
3306,1788805283,2121965,0
5316,1788805461,2174871,0
4396,1788806204,2057638,0
694,1788806419,2085554,0
1285,1788806590,2135170,2172610
3982,1788807615,1617970,0
4893,1788807730,1556649,2183299
2242,1788807780,2122743,0
2705,1788808562,2129194,2081465
4417,1788809539,28243,2181569
4726,1788809709,1571842,2058491
4560,1788810126,2180955,0
4823,1788811733,2179320,1437428
2892,1788812234,2113497,0
5157,1788813038,1419758,0
5970,1788813120,1825930,2184135
7182,1788813774,2064866,0
4204,1788813789,891173,2180539
3895,1788814921,2134775,0
4167,1788815240,1617970,0
2180,1788815594,91387,1024499
4702,1788816140,1783692,2181972
4601,1788817472,1678679,0
2544,1788817825,1344786,1943768
4838,1788818181,20451,2183991
3242,1788818554,1747072,0
1134,1788818985,1169034,1566793
4944,1788819105,1745999,2015667
1802,1788819195,2183491,2176385
2079,1788819746,2122773,0
1186,1788820176,1040712,0
4413,1788821768,1657441,0
3808,1788821919,2098548,0
1141,1788822180,2181025,0
2441,1788822737,2094332,1723176
1918,1788824059,1052122,0
5159,1788824084,2182145,2083024
3645,1788827963,800543,0
1915,1788831504,1731373,0
3239,1788832055,2172838,2177122
3308,1788832238,1806454,0
4368,1788833038,2136315,1802533
2675,1788836419,2183545,0
5334,1788837307,2090745,0
3017,1788838190,1682674,2138858
3914,1788838828,2181217,0
947,1788839213,888810,2093396
4816,1788839240,1714244,0
4056,1788839782,1100445,0
477,1788840598,2023202,0
3965,1788841580,2177759,0
4791,1788842726,1714244,0
1882,1788843550,1174348,2085554
1584,1788843633,1824034,2073585
4234,1788843707,2177696,2182065
5288,1788844071,1836199,0
2652,1788846828,1474095,2055243
5074,1788849811,1833730,0
6659,1788852555,2126523,2183267
1884,1788852655,486339,0
2639,1788853772,2176591,2050175
4207,1788854168,2062192,2180548
2813,1788854471,1715991,2112721
5813,1788855626,2179394,2184103
5092,1788856304,1836199,0
6558,1788857209,2064866,0
4783,1788858275,2128799,0
751,1788858504,2132828,1908624
4880,1788858634,912352,0
944,1788858817,888810,2093353
2246,1788858835,2086782,0
4555,1788859841,2094332,0
2484,1788859853,2130145,1820634
1746,1788862140,2122744,0
1732,1788862398,1344475,1764827
6338,1788862440,1342035,2132867
4858,1788863216,1793379,2124706
6565,1788863565,1905015,0
1867,1788863759,20451,2177737
2272,1788865307,2090921,0
4447,1788866980,2183490,0
4889,1788869102,2140134,2054038
3409,1788869623,2054225,2180890
653,1788869950,2030151,0
5324,1788870275,1545062,0
2300,1788870857,278359,1498879
2516,1788871293,1078293,0
340,1788871338,1472448,2181694
1832,1788873072,2131544,2132203
1527,1788873570,2112530,0
4822,1788875228,1716245,0
2469,1788875874,1169034,0
4451,1788875965,2142802,0
3621,1788876118,2112530,0
3059,1788877138,1682674,2142923
4148,1788878087,1912482,2142486
3200,1788878351,2183491,0
4176,1788879674,20451,0
1726,1788880066,1820940,1628845
410,1788880105,784340,0
2655,1788880170,2137298,0
3349,1788881231,183902,0
4212,1788881974,2133019,0
2434,1788883037,2087974,2085554
5473,1788883040,2090745,0
4171,1788883687,254189,2177329
3997,1788883809,2174195,0
1634,1788885189,2182261,0
3262,1788887095,2181542,0
528,1788887152,2032066,2140980
5684,1788888283,199877,0
5874,1788888430,2184122,0
3544,1788888589,2179093,2182244
3273,1788890600,1169034,0
1821,1788892864,2133516,0
2016,1788892869,1820949,0
1853,1788893172,1342035,2181421
2961,1788893252,1519293,2130615
3416,1788893424,1580481,0
11,1788893595,2121004,0
4734,1788894842,11565,2096765
5847,1788895651,2054225,2184109
679,1788895963,2070095,0
3782,1788897139,247494,0
2191,1788898250,1471280,0
47,1788899155,321281,912799
5543,1788899446,2176673,2114867
3925,1788899465,286637,1819308
2673,1788900454,2137186,2085554
5047,1788900893,2113999,0
773,1788901236,2071464,0
4029,1788901656,2118444,0
438,1788902596,1820949,0
696,1788902955,2112530,0
5778,1788904189,2134563,2179333
1538,1788904439,1231327,1646350
6661,1788906106,2126523,2183234
1063,1788906348,2115128,0
2461,1788906655,1672154,0
1585,1788906995,2181025,0
3960,1788908688,2177696,2142482
4424,1788909358,2088603,0
1246,1788909540,2095097,0
4133,1788910666,2183483,2180093
1816,1788911089,2177696,2178451
4921,1788911948,2101531,0
4411,1788912103,222751,2114502
955,1788912512,888810,2183239
4924,1788913826,1294772,0
2590,1788914211,2056942,0
4985,1788914580,2021767,2141000
4150,1788914814,891173,2180096
4867,1788916664,2124934,2065395
4080,1788918686,1148395,0
1252,1788919349,1731373,0
2193,1788919441,2095097,1052122
2673,1788920139,2025956,2137186
4771,1788920406,1989499,2181536
4438,1788920656,1039689,2113964
21,1788921769,2032066,0
5015,1788922067,1736828,1474095
4243,1788922806,2176985,0
4243,1788922806,2176985,2176985
4619,1788925409,779531,0
5505,1788927646,1752476,2176704
1587,1788928482,1824034,144527
4425,1788929154,2144655,0
736,1788930291,219369,1549572
5195,1788930489,2177105,0
738,1788932672,1156788,1552780
1016,1788932717,2084142,2104050
3766,1788933343,2182326,0
3969,1788933620,1963398,0
4392,1788934140,164,0
1299,1788934236,1320170,2104050
4438,1788938420,2113964,1039689
4086,1788938464,2133019,0
3748,1788938959,1945137,2183798
3278,1788940283,1342035,2104050
1070,1788941239,2086782,0
1754,1788941796,301920,250
1060,1788942085,2137188,2045489
1977,1788942734,2080309,0
2645,1788943449,2129677,2054684
2856,1788944850,1608799,0
2183,1788945620,1598893,0
485,1788947137,2122757,0
2490,1788948160,2183483,0
4339,1788949879,2132944,0
3917,1788950605,2183483,0
3511,1788950665,2119519,0
4184,1788953616,1666646,0
2849,1788953966,2121004,0
3727,1788954382,2173364,0
3279,1788954408,2133516,0
2741,1788955467,1946447,0
2073,1788955737,2095097,0
2389,1788956643,2182015,0
2274,1788957112,2181774,0
4338,1788958416,2180955,0
2540,1788960956,2124889,0
4813,1788961571,11565,689953
1344,1788961840,2180410,0
1107,1788964584,2181891,0
5380,1788964882,1989499,0
2415,1788964995,2086782,0
1112,1788965044,2176591,0
2610,1788966105,2137186,0
1716,1788966828,2183545,0
4956,1788967083,1571842,2130685
682,1788967144,1580481,0
443,1788967637,2095097,0
4649,1788967673,1657441,0
4425,1788967992,2182260,2144655
3094,1788968284,1734443,2145267
139,1788969439,2100821,0
20,1788969540,1820940,1022419
2109,1788971281,1983197,0
1801,1788971976,2090629,0
2694,1788972897,2113497,0
5615,1788973411,2118644,0
1067,1788973486,1165711,0
1738,1788973656,2182955,0
4640,1788974276,2113964,1039689
1004,1788975028,1040712,0
4112,1788975114,2182271,0
2822,1788975736,2168803,0
4912,1788976026,2174871,0
2684,1788976861,2181542,0
4955,1788976909,1294772,0
3591,1788977158,2183642,0
845,1788977255,1187462,0
3974,1788977547,1617970,2177769
3284,1788978453,1370083,2178131
176,1788980225,2181669,2183966
4587,1788981970,2179029,0
5194,1788982116,2127679,0
5938,1788982376,2025956,2085554
4773,1788983496,2142222,0
558,1788984221,2137186,0
4780,1788984300,2067012,0
4397,1788984306,2124912,2181850
1674,1788984307,2121243,2181848
3087,1788986309,2182274,2144655
4065,1788986390,1912482,0
3198,1788986866,1043263,0
2762,1788987888,2122743,0
5006,1788988350,2182267,0
4077,1788989133,2136006,0
5448,1788989440,1271321,1691132
1660,1788990984,1672154,0
5902,1788991853,2124191,0
3435,1788991873,201700,0
3589,1788991941,925391,2182643
3728,1788992042,2095097,0
3819,1788992220,2171983,0
5012,1788992386,11758,0
938,1788993133,2182357,0
5022,1788995094,2177105,0
3900,1788995700,278359,1323047
516,1788996079,2137188,0
4157,1788998367,1657441,0
791,1788998766,2134563,2116739
1954,1788999065,1951772,0
5678,1788999353,1326344,2184052
769,1789000200,2179394,1968000
6291,1789000375,1344786,2098395
3515,1789002065,865857,2182119
3266,1789003335,1994814,0
113,1789005258,2177807,0
5075,1789005932,219369,2110005
5467,1789005978,1545062,1630138
2584,1789006047,2051496,1994010
3609,1789006810,1342035,2182955
1512,1789007060,1958874,1023259
6763,1789007287,1824034,1659003
5794,1789007956,2176673,2183452
1051,1789008111,2131544,2045479
3303,1789008865,2136744,0
1,1789009027,28243,2426
4570,1789010351,1875804,1970276
4312,1789011838,2062192,0
2989,1789011891,1783692,2135995
3823,1789012600,1796437,11758
695,1789012801,2127978,254547
322,1789013014,1556649,2181481
278,1789013256,1961278,2085977
1094,1789013518,1682674,1939289
1729,1789013883,1320170,1643481
5568,1789015047,741002,2111618
3639,1789017433,2121468,2183285
4166,1789018647,141108,2132109
4792,1789019106,2067012,0
3084,1789019707,2062192,1653036
4926,1789019982,3257,0
203,1789019982,2115188,0
2355,1789021806,1651308,2104050
3564,1789022302,2182287,0
4149,1789023657,2078998,0
271,1789023988,2065272,0
3908,1789026327,2177144,0
4966,1789026331,1571842,0
214,1789026712,2088603,1826519
6502,1789027032,1611365,0
4072,1789028579,1907385,0
6603,1789031655,13447,2183840
4864,1789031881,2179516,2183996
6622,1789033811,2126523,2183638
6622,1789033813,2126523,2126523
4324,1789034082,2088603,0
2083,1789034482,2124889,0
1681,1789034589,1966979,0
2333,1789034609,184307,0
5941,1789034735,1545062,2128933
274,1789036524,1684263,0
4249,1789036846,862456,0
2057,1789037158,2175860,492721
6467,1789037778,1551180,2184180
5203,1789039415,1736828,2104259
3115,1789040756,1994814,0
2748,1789041164,2176997,2093981
1235,1789041463,222751,2115128
815,1789041523,2137132,0
1941,1789041596,2017869,0
4709,1789041995,2182267,1522246
4683,1789043014,2054225,0
4695,1789043313,2078998,0
4361,1789043459,2176985,0
1016,1789044000,2084142,2084142
1016,1789044062,1745999,2084142
1958,1789044412,301920,83966
25,1789044933,2084142,0
5244,1789045001,2132851,2142296
2314,1789045232,2122743,0
2907,1789046429,2118228,0
4540,1789046703,1993222,2115
3282,1789048235,542783,0
503,1789050121,20451,0
1756,1789050215,2077042,0
3288,1789050754,2181431,0
4849,1789051386,813,10174
5429,1789051739,2142222,0
7011,1789052555,1203157,0
3898,1789052744,550454,817959
4776,1789053926,2067012,0
4431,1789055086,2119635,0
1912,1789055765,1796437,13447
747,1789055938,35585,0
670,1789056145,2093156,0
3103,1789056742,2051496,0
6169,1789057333,23046,0
6169,1789057333,23046,23046
2112,1789057398,907588,0
4154,1789057857,2182274,2180095
2343,1789059251,1863997,1577430
2299,1789059318,2176068,0
2518,1789059405,2137186,0
4938,1789060597,2127679,0
2373,1789060652,2183605,1614522
1511,1789062741,2017869,0
3336,1789064033,1666646,0
4515,1789064489,141108,0
5203,1789064970,1947487,1736828
6113,1789067097,1833730,2184150
4519,1789068213,2183486,0
740,1789068799,2071214,1673222
1925,1789069577,2181676,0
1851,1789071459,1951772,0
551,1789072055,2183545,0
5309,1789072603,19450,0
4448,1789073773,779531,0
2367,1789075290,925391,0
1760,1789076027,2140502,149167
3153,1789076139,2076485,0
1635,1789076375,2127978,2141217
1635,1789076375,2127978,2127978
6299,1789076518,2028057,0
1647,1789077279,28243,2170846
7098,1789077661,2126872,0
1752,1789078025,1459338,0
3811,1789078576,2062192,0
3272,1789079262,1453511,0
5884,1789079726,2179394,2135102
3280,1789079952,1433177,2178130
6257,1789080298,2126523,2183650
744,1789080706,1731373,0
1576,1789081017,2182257,0
3995,1789081288,2171938,2144326
2529,1789081885,2182326,0
602,1789082232,2121965,0
2525,1789082303,1703257,0
1858,1789082993,546791,0
2341,1789084937,2138682,1564945
2634,1789086354,1863997,0
2803,1789086756,2183804,0
4976,1789086889,2027527,0
2040,1789087456,2049063,0
1237,1789088401,1958874,2115188
1237,1789088401,1958874,1958874
4078,1789088737,1156788,2179414
2352,1789089209,287776,1586548
930,1789089581,2179093,0
4464,1789090000,1535952,0
4508,1789090319,1796437,0
4287,1789091430,1595726,0
3459,1789091808,2178811,2181315
3081,1789092072,1898371,2144281
3903,1789092515,865857,1773131
197,1789093706,912352,1472448
705,1789094802,1580481,1052122
297,1789095487,1715991,2134461
4548,1789095846,2031095,1691091
5407,1789096632,2137541,0
3000,1789096797,925391,0
5724,1789098330,23632,199877
2984,1789098717,2125883,0
255,1789100733,1608799,1921999
5768,1789102639,2127978,2179332
5967,1789102920,2130145,2184134
4954,1789103066,2078998,0
2656,1789103163,2145649,2057827
3656,1789103705,2176885,0
1637,1789103879,1578846,0
369,1789104125,2179988,0
2200,1789104323,1543507,1066559
4094,1789104719,2177696,2179797
338,1789105661,2137188,2137132
298,1789105884,2113497,0
2919,1789106447,1734443,2127633
778,1789106611,2134983,2056849
4019,1789107639,2182274,2178077
216,1789108449,1806454,1921999
4811,1789108671,1716245,0
4217,1789110277,2133019,2181819
4992,1789110971,2127679,0
450,1789111637,2122743,0
2144,1789112663,1078293,0
6599,1789115280,2028057,0
5890,1789116912,2179320,477281
4965,1789117419,2027527,0
2773,1789118160,2056942,0
4949,1789118892,2080999,0
778,1789119171,2132828,2134983
4358,1789120183,2098548,0
1273,1789120259,1271321,0
1381,1789121380,164,829690
1013,1789122121,1271321,2092837
314,1789122625,2177144,2179493
1624,1789123403,2090921,0
1249,1789123611,2103534,0
2006,1789126742,1983197,0
4568,1789127024,2136315,2076962
3373,1789127426,2174102,1997833
340,1789128502,2023202,0
4066,1789128839,11565,0
4473,1789128858,2078998,0
5273,1789129962,2084142,5515
5790,1789130250,2088089,2183409
6646,1789130319,2126523,2183643
778,1789131223,2134983,2132828
2002,1789132331,1946447,0
5777,1789132397,2081316,0
40,1789132582,1342035,2030151
6246,1789134119,789512,280765
1224,1789134137,2175100,0
2957,1789134836,2182957,0
228,1789135792,2121326,1989749
6084,1789136217,2028057,0
2345,1789137813,2174772,0
4945,1789137880,10764,0
4782,1789138128,2180955,0
523,1789138582,784340,0
2708,1789138652,35585,0
3841,1789139364,769012,0
6499,1789140859,1825930,1203157
5034,1789142051,2179516,2142538
5520,1789142276,2176997,2182263
2909,1789142337,1320170,2126872
4389,1789142849,1980096,0
4476,1789143668,2127652,0
509,1789143818,2174772,0
800,1789145216,219369,2134983
778,1789145216,2132828,2134983
570,1789145515,1747712,0
561,1789145977,2182121,0
1735,1789146751,1810435,2132181
4646,1789148533,2183995,0
432,1789148748,2139741,0
4869,1789148818,1657363,0
1969,1789149563,2090629,2181315
3495,1789149924,1563523,2181853
3334,1789150539,2122743,0
1157,1789151292,384682,150754
5403,1789152761,2027527,0
5052,1789153867,2132851,0
4708,1789154663,2175174,0
6049,1789154891,2028057,0
2036,1789155329,1406307,301195
4285,1789155506,2124934,2177058
1387,1789155509,2017869,0
6603,1789156645,1796437,13447
3434,1789157127,222751,2181095
4598,1789157743,2054225,0
4557,1789159015,1549959,0
65,1789162177,2172838,0
1565,1789162815,2181669,0
2063,1789163144,2181025,0
2605,1789164451,1747712,0
5230,1789164925,1833730,0
4562,1789165753,1595726,0
966,1789166321,2003676,0
5417,1789167187,2177105,0
4344,1789167901,1993222,0
6642,1789169927,2182145,2182124
5016,1789170412,267903,0
1276,1789170932,2179363,0
2994,1789170994,2178467,0
1678,1789171066,865857,2181849
7311,1789171163,2082469,2179792
2592,1789172570,1951772,0
1212,1789173096,952827,0
4855,1789173176,2067012,0
403,1789173421,2181431,0
1728,1789175128,2174102,0
2393,1789175674,1231327,0
2815,1789176294,1628375,0
31,1789176359,2174905,0
1625,1789176472,2125437,0
4594,1789176953,1535952,0
5152,1789177393,2178811,2097510
4474,1789179963,1657363,2170748
797,1789180049,2132828,2134775
3851,1789180063,934653,0
81,1789180743,2084142,0
6358,1789180880,2002238,0
5220,1789181145,1736828,2178132
3233,1789182352,2087974,2176951
3571,1789182703,2110662,0
4030,1789182944,2102310,2045489
4161,1789183107,2179320,2180697
923,1789183398,2017869,0
3448,1789183469,2145649,2181219
4231,1789183778,2094332,2182061
1119,1789185826,384682,0
5464,1789186855,2027527,0
3080,1789187932,91387,0
3127,1789188179,1587053,2173438
5735,1789188429,1786798,0
3970,1789189892,2179320,2179323
3169,1789189933,2182287,0
195,1789189936,2125437,0
5516,1789190310,1173630,2173719
1232,1789190319,1958874,2098997
4040,1789191010,1571842,2178080
4113,1789191060,2059063,2179796
4036,1789191067,804111,2178156
4036,1789191067,804111,804111
1789,1789193153,2121243,2171897
2738,1789193238,2121745,0
5179,1789194062,1806454,2100821
7187,1789194201,2179394,0
7187,1789194201,2179394,2179394
4327,1789194802,1980096,0
5566,1789196694,891173,2137541
5516,1789197167,2184036,1173630
5858,1789197664,2182145,1107872
4655,1789197812,1437765,0
4787,1789198633,1556649,1980128
3104,1789198715,1609139,2171586
1989,1789199305,2183642,0
5209,1789199852,2123609,0
268,1789199882,2083885,0
268,1789199896,2083885,2083885
3805,1789200878,2084332,1653036
5,1789201362,1793379,562305
698,1789201889,2132828,285536
535,1789202436,2121745,0
4970,1789203710,1317137,0
3800,1789204201,1320170,0
5139,1789204853,2102310,1878804
4042,1789205691,2119635,2178078
6351,1789205903,1317137,2097174
7946,1789205938,2082469,0
953,1789206580,2119519,0
3850,1789206882,2090921,0
4453,1789208620,2142802,0
2611,1789209044,1406307,0
4366,1789209610,1671571,0
6603,1789211309,1097179,1796437
2988,1789211641,278359,1673222
5271,1789211852,3257,0
3307,1789212013,2175860,2178205
4434,1789212047,2103338,0
4319,1789215788,1342035,1943415
2647,1789215994,2143028,0
3895,1789216116,2071214,2134775
2671,1789217989,1979816,2068059
728,1789219350,2133516,0
452,1789219506,2018579,0
4474,1789219724,1247466,1657363
982,1789219845,1898371,2118228
982,1789219845,1898371,1898371
5487,1789220646,2184100,0
900,1789221365,1036162,0
2952,1789221544,2121326,2130142
2952,1789221544,2121326,2121326
1940,1789222461,1734443,0
3996,1789222519,2179320,0
6652,1789223007,2126523,2183233
3674,1789223059,2182326,0
2972,1789223933,719468,2132406
5797,1789224095,2176673,2184100
3053,1789224955,2112530,2142019
2545,1789225446,1475038,0
700,1789225603,2132828,590756
1026,1789226232,2102310,2141813
3149,1789226296,1721928,0
1749,1789227143,1734443,0
93,1789227561,28243,2179037
5004,1789228499,1894143,2179393
4053,1789228599,2177696,2177768
446,1789228820,2182257,0
4672,1789229132,240304,114956
5774,1789229362,2130145,2179727
4829,1789229955,1317137,1971615
2623,1789231163,1747072,0
5004,1789233270,219369,1894143
2379,1789233283,1488,0
4452,1789233324,1233516,2125992
1785,1789233697,2145573,0
5774,1789234331,219369,2130145
4160,1789234749,1993222,0
1612,1789236325,860318,2173333
688,1789236427,1169034,0
2131,1789236845,2183397,0
4821,1789236858,1657363,0
6955,1789237628,231570,2183238
230,1789238057,1961278,1997833
3118,1789238370,2177759,0
4001,1789239098,1814340,0
3723,1789240798,2179989,0
3772,1789241409,1586763,0
4052,1789241696,2088603,0
5804,1789242267,1999464,0
4380,1789243006,784340,0
891,1789245365,2176997,0
1810,1789245408,1747712,0
3399,1789245838,2127978,0
339,1789246237,2182357,0
4488,1789246263,2171938,2182307
3824,1789247042,2177144,0
3871,1789247068,1342035,1943414
249,1789248008,2109083,0
5258,1789248712,1702291,0
4179,1789249729,2171938,0
5516,1789250559,1173630,2184036
1791,1789250962,865857,2171585
5516,1789251025,2184036,1173630
5141,1789253922,1317137,0
4418,1789254478,2181217,0
4639,1789254782,1671571,0
3828,1789254812,934653,0
3143,1789254849,2183201,0
64,1789257403,2182836,0
3374,1789257727,1898371,2180058
3583,1789259734,2179516,0
7773,1789261109,2082469,0
4126,1789261384,2177696,2180089
2511,1789261740,2179488,0
4246,1789262210,1810435,1959710
5789,1789264510,1736828,0
5127,1789265606,2121850,0
954,1789265723,2137188,0
4070,1789267800,1344475,2177723
291,1789268188,1715991,2120128
3561,1789268385,1747712,0
1502,1789269150,2179320,0
5105,1789270181,2123609,0
1217,1789270799,2038416,2007265
4644,1789271640,1546340,2183486
4543,1789271765,28243,2118135
4404,1789271903,1671571,0
1710,1789272917,1943417,0
4592,1789273369,2183448,2143478
3354,1789275664,1796981,2179535
3529,1789276385,2127978,0
2843,1789276977,2181891,0
4173,1789277753,2085697,0
4132,1789277967,2171938,0
5018,1789278176,1556649,1655794
1383,1789278197,542783,0
3860,1789278436,2136214,0
819,1789279596,1747712,0
5129,1789280275,2123609,0
5708,1789280727,1233516,2072629
4841,1789281470,2183998,1405084
2687,1789282531,2136708,0
1148,1789282801,1546340,2123325
1529,1789282822,91387,0
5353,1789282939,1651308,1370083
7045,1789284122,2182145,2078176
4834,1789284844,1657363,0
4769,1789284951,813,0
7540,1789285304,2082469,0
5933,1789285483,2179516,2184122
2219,1789286151,925391,0
4890,1789286362,1419758,0
1730,1789286978,1166358,0
8131,1789287474,2121007,0
4028,1789287680,2077500,2126990
2568,1789287925,2178467,0
2577,1789288020,2181676,0
3582,1789288407,1166358,0
857,1789288967,1966979,0
10,1789290129,2093156,0
1824,1789290306,2174772,0
1222,1789292144,222751,2065272
732,1789292270,1894143,1479932
2677,1789292496,2083885,0
1217,1789292761,2129677,2038416
1217,1789292761,2129677,2129677
1217,1789293538,2038416,2129677
4644,1789293546,2136315,1546340
3532,1789294195,1747712,0
805,1789296214,1156788,2175505
5563,1789296635,1796437,1097179
2923,1789297866,2143715,0
6961,1789298178,3904,2184234
693,1789298460,2180410,0
1278,1789299858,2058795,0
4071,1789300444,1577451,0
686,1789303373,2124889,0
224,1789303887,278359,1673222
995,1789304165,1320170,0
5378,1789304349,2070871,0
1320,1789304863,2172838,1679379
6650,1789305072,2126523,2130617
4613,1789306063,1671571,0
3955,1789306190,2025956,2869
426,1789308079,2137188,0
1130,1789309056,2076485,0
2991,1789309709,1369805,0
1131,1789309993,311234,1826108
4670,1789311212,2183448,0
148,1789312362,2181542,2115128
5932,1789312527,2183480,0
4360,1789313335,1577451,0
1017,1789315123,2014236,0
1619,1789315220,2122743,0
1588,1789317576,2182121,0
903,1789317796,1485683,0
5264,1789318551,2176673,0
2139,1789319005,2138682,0
951,1789319430,1945137,0
3891,1789319934,2085697,0
3445,1789321654,1943417,0
1265,1789322991,2023202,2183209
2985,1789323802,572281,2135170
6405,1789324634,2124191,0
6405,1789324658,2124191,2124191
3011,1789325968,1651308,2137449
3768,1789326742,1912482,0
6988,1789326900,2092734,0
772,1789327078,2184251,1985704
1432,1789327890,2056942,0
6007,1789328309,2182228,0
902,1789328590,2109083,0
101,1789328893,2125437,0
3584,1789329143,1651308,2182413
5684,1789330048,3904,199877
356,1789330387,2181708,0
1367,1789330404,1958874,2121965
2977,1789330639,2124912,2133990
2117,1789330786,2183455,0
4162,1789331190,1577451,0
407,1789331645,1745999,2181789
3392,1789331674,1543507,0
3216,1789331786,219369,2176594
4121,1789332379,2177696,2180088
6730,1789332971,1999464,0
5180,1789334260,2174904,0
3396,1789334300,2168803,2180740
2350,1789334565,1485683,0
4345,1789335668,992825,0
2068,1789336722,2131544,570723
3595,1789338051,2085697,0
4962,1789338315,2176355,0
117,1789338480,2122744,0
4269,1789338797,1595726,967045
3967,1789339034,2182271,2137133
1287,1789339154,2063206,0
4143,1789339418,934653,0
4786,1789339739,1556649,0
1180,1789341683,1958874,1267847
959,1789342270,1766388,2183449
5494,1789342924,286637,0
540,1789343632,2032066,1960055
6119,1789344564,656147,0
4379,1789344584,1898371,0
4049,1789345023,2183483,0
68,1789345422,1745999,2087044
2346,1789347082,2124483,1579889
4498,1789347356,183045,0
2084,1789347633,2080309,0
4124,1789348121,2071214,2178081
4444,1789348124,2127978,0
4828,1789349204,1996908,0
2106,1789349774,1470110,0
1334,1789349946,1586763,0
4316,1789352766,2134563,1751219
4322,1789353198,2084142,0
3264,1789353468,1731373,2177807
5166,1789354800,10764,2122501
3923,1789355331,2171938,0
7578,1789355521,2177858,0
1227,1789358433,2137188,0
5516,1789359735,1173630,2184036
3875,1789360064,1912482,0
4644,1789360182,1546340,2136315
4644,1789360182,1546340,1546340
2294,1789360485,1485683,0
4334,1789362372,2133518,2018546
1214,1789362634,2057638,2003676
3883,1789363772,865857,0
2413,1789365484,2176997,0
1140,1789366152,311234,2136315
2979,1789366973,835134,2134821
1428,1789368382,2085697,0
5846,1789369889,1233516,0
5413,1789370173,741002,488498
1653,1789370354,2174905,0
5091,1789371542,1683698,0
177,1789371606,2182287,0
2358,1789371656,2183482,1592617
1076,1789372770,2122743,0
6260,1789373234,2121850,0
2474,1789373234,1810435,1796981
2932,1789373756,2183490,2128808
6388,1789374011,1174348,0
722,1789374876,2183488,0
3602,1789376397,15527,2182893
4428,1789377151,2127978,0
3354,1789377777,2177696,1796981
3354,1789377777,2177696,2177696
5893,1789378125,278359,2135137
3423,1789379334,1453511,0
1074,1789379869,907588,0
4352,1789380171,1980096,2095168
1170,1789380717,2023202,719468
2642,1789381569,912352,2052081
1702,1789381715,2124889,0
757,1789383385,1747712,0
4666,1789383861,1671571,0
413,1789384709,2076485,0
5525,1789386257,2126523,2179725
1352,1789387159,2051496,1989696
388,1789387272,2129677,0
3816,1789387571,1994814,2089545
6513,1789388010,2184203,0
625,1789388825,2176880,0
4337,1789389610,2121243,2177914
4744,1789389659,1344475,0
5093,1789389944,2176985,2178802
3543,1789391165,1684263,0
86,1789391186,28243,2170846
2508,1789391188,2178638,0
5059,1789391209,3257,0
1113,1789391587,4675,0
475,1789392186,2182836,0
4313,1789393306,1342035,1943417
6094,1789393469,2184165,0
1974,1789395416,2090921,0
1285,1789396277,572281,2135170
3177,1789398623,110010,0
8255,1789399175,2121007,0
5626,1789399305,2466,0
5560,1789400326,2122184,2129523
186,1789400976,301920,183902
1947,1789401306,1406307,0
5407,1789401526,741002,2137541
1532,1789401741,2122744,0
6091,1789402583,2002238,0
1923,1789403262,1949840,0
1504,1789405983,2183397,0
771,1789406252,2182257,0
2277,1789407127,572281,0
632,1789407829,2076485,0
4075,1789408828,2113964,2177724
2604,1789410085,2085697,0
411,1789410444,2088835,0
2860,1789411045,2086782,2121172
3258,1789411047,311234,0
5626,1789411476,1999464,2466
5447,1789412107,2121326,0
421,1789412875,1406307,0
1023,1789412879,1271321,2133516
2869,1789412920,1945137,0
3316,1789413824,7672,0
1850,1789413868,2181774,349480
5639,1789415722,1124356,2184047
4101,1789416000,862456,2179793
3939,1789416321,2117706,1994026
3092,1789418850,1766388,2145005
202,1789419516,1945137,0
1142,1789419654,1390210,2174871
3881,1789419771,80335,2128709
6056,1789420066,2142901,0
868,1789420685,1543507,0
1963,1789421453,1471280,91387
1939,1789422394,1613388,41007
6304,1789422518,804111,0
2914,1789422745,254189,2127087
3975,1789423148,835134,0
1152,1789423215,1947487,2178434
4018,1789423491,1747072,0
4014,1789423756,2127978,0
2621,1789424495,2183455,0
2046,1789426202,2090629,362000
1009,1789426891,1475038,0
4812,1789427708,1344786,0
5465,1789428067,1651308,0
1704,1789428120,2145649,1433177
1704,1789428141,2145649,2145649
4803,1789428329,1320170,0
219,1789428571,2145367,0
7207,1789428597,1905015,2079605
2631,1789429147,572281,0
7278,1789429157,862424,0
3077,1789429880,2023202,2144256
506,1789431186,2183254,0
763,1789431283,1036162,0
6093,1789431452,3904,0
6875,1789432426,1326344,2175784
7277,1789432476,2184204,0
1062,1789433222,2179460,0
1610,1789435378,2137186,0
3077,1789435763,1982781,2023202
4058,1789437085,2182274,2177766
2812,1789437319,1889098,0
191,1789437618,1958874,0
3070,1789438296,2136699,0
2983,1789438720,2179516,2134962
4139,1789439240,1571842,2180094
2948,1789439372,1961278,0
3247,1789439858,2132828,2177379
1761,1789440741,1470110,0
4574,1789441492,1980096,1653196
5803,1789441674,164,0
3885,1789441785,2124912,1860047
6072,1789442223,2090745,2131331
6072,1789442223,2090745,2090745
1776,1789442261,865857,0
596,1789442476,1945137,0
3077,1789443405,2023202,1982781
6524,1789445596,1611365,1593827
2351,1789446359,1613388,0
4136,1789446411,1535952,2180092
5710,1789446522,2130145,389146
3015,1789446780,2179363,0
573,1789447998,1963398,0
5330,1789448083,2083788,2180143
1963,1789448863,1898371,1471280
1448,1789449840,28243,0
5690,1789450748,1999464,0
6458,1789450787,1784555,1588173
2446,1789452373,2131544,1727699
285,1789452973,1786798,2113377
3915,1789453181,2121243,2182242
4759,1789454041,2175174,0
6925,1789454506,656147,2031771
4998,1789456250,1736828,2181428
3205,1789459664,2124483,2176243
2488,1789460111,2137298,1824034
2474,1789461212,240304,1810435
3002,1789461394,1580481,2137186
4351,1789461580,254189,0
5331,1789461842,2113999,0
3192,1789462662,1609139,2175878
2258,1789463023,1731373,2183991
6050,1789463245,2070871,1446155
1773,1789468140,2178811,110010
4003,1789469296,2176985,2177264
3267,1789470210,2078276,2177881
3311,1789471738,3904,0
6001,1789471918,23046,0
3173,1789472472,1945137,0
8,1789472539,1271321,572504
8,1789472539,1271321,1271321
1594,1789472888,2036434,0
2213,1789473204,2136699,0
1332,1789473545,2174102,1319129
5077,1789474333,1075536,0
6194,1789474565,2090745,2182228
2622,1789474575,2129677,0
4329,1789474803,2113964,0
1470,1789475096,1187462,0
4247,1789475227,1671571,0
4051,1789475900,1783692,2177699
1351,1789476024,1966979,0
82,1789476095,1967204,0
242,1789476416,1471280,2018016
2221,1789476638,287776,1165711
4196,1789476921,1587053,2180532
2291,1789476978,2177759,0
3384,1789477020,2084332,0
5408,1789478465,1563523,2180148
4999,1789479139,1671571,0
2322,1789479794,2122757,0
2551,1789480665,2070095,0
2799,1789480751,1810435,2110087
2717,1789480811,2084142,0
91,1789481010,1156608,0
3825,1789482137,1766388,0
2727,1789482679,1682674,2086782
2229,1789482923,2145441,0
1790,1789484626,35585,0
3549,1789485036,835134,0
7643,1789485374,2179394,0
3068,1789485558,1078293,0
1549,1789485873,2179488,0
3464,1789486688,1608799,0
4047,1789487315,219202,2178082
4711,1789487998,1716245,0
3822,1789488416,1889098,0
43,1789489534,9148,1666980
2052,1789490276,1947566,0
1308,1789490450,64340,0
6859,1789491240,1707975,0
5685,1789491521,1784555,740471
300,1789491827,1786798,2134795
5513,1789491857,1317137,0
3566,1789492064,1174348,2182344
2518,1789493244,800543,2137186
2571,1789493344,2018579,0
4459,1789493694,2140502,1184145
1122,1789494205,2181824,0
2240,1789494206,2181891,0
4653,1789494392,1587053,1939848
5307,1789494573,2032066,1329046
1049,1789494779,1657363,1959014
7793,1789495949,2092734,1819308
3559,1789496189,2183804,0
8292,1789496438,1714244,0
4158,1789497366,554260,0
6095,1789498174,2118644,2184146
3580,1789498319,2131441,0
3350,1789498415,2078276,2179399
3844,1789498784,2021767,2137106
1067,1789499111,287776,1165711
8262,1789499152,2177858,0
2860,1789500047,1682674,2086782
6596,1789500057,2116596,2180493
3290,1789500515,1259861,0
5874,1789500604,1887375,2184122
3682,1789501343,2179275,0
3853,1789501990,1148395,0
6637,1789502086,2116596,0
3601,1789502149,1993578,0
4801,1789502354,2094332,0
6222,1789503215,1784555,1043943
2326,1789504644,2093156,0
2766,1789504731,2027527,2100524
6241,1789505196,934653,0
4913,1789505575,1546340,2180152
5588,1789506244,2177523,0
3535,1789507059,2049063,0
3535,1789507060,2049063,2049063
1847,1789507902,2133518,0
2747,1789509347,2084332,0
2368,1789509395,1979816,0
5204,1789509881,2177105,0
3519,1789510282,278359,254547
1064,1789511542,1247466,2181860
6420,1789511778,2113999,0
5533,1789513861,2142901,2070871
4571,1789514095,2083788,0
3018,1789515272,302869,0
4694,1789516902,1344786,0
108,1789517163,184307,0
715,1789517253,2183957,0
3489,1789518716,2182836,0
4125,1789518982,992825,0
5567,1789519893,2466,0
2429,1789519998,2126926,0
5594,1789520802,23632,2081316
3957,1789521260,2133019,0
5114,1789521291,1247466,0
1031,1789521442,1231327,0
2751,1789522814,2023202,0
4232,1789523888,2131544,0
5548,1789525511,2124934,2184036
1777,1789526963,2087974,1156608
4164,1789527159,2182145,2144325
3295,1789527180,2078276,2178201
3225,1789528094,1810435,2176927
2221,1789530154,2017869,287776
2221,1789530154,2017869,2017869
2221,1789530154,2017869,2017869
7302,1789530883,975086,0
4545,1789532941,2142802,0
5234,1789532966,1836199,0
4120,1789533136,217192,0
6670,1789533182,2113999,0
1667,1789533457,550454,0
7414,1789533743,292351,2181811
802,1789533825,1186212,0
120,1789534095,1731373,0
3379,1789534787,1889098,0
6752,1789536048,2082469,0
4422,1789537427,2113964,0
4054,1789540102,2136658,0
4535,1789540821,888810,0
4981,1789540966,1683698,0
5065,1789542366,219369,2100268
1517,1789542460,1651308,1589382
2221,1789542772,287776,2017869
1945,1789545738,1983197,0
4840,1789545970,1344786,0
42,1789546696,1608799,0
4410,1789546914,2127978,0
3527,1789549550,1682674,2182169
3204,1789550026,865857,0
4215,1789552134,254189,0
5571,1789552856,2122184,0
1965,1789553601,2131544,0
4793,1789554377,1907385,0
3953,1789554444,254189,0
7320,1789554773,2179394,2179728
6278,1789555909,1734443,2177523
2578,1789556699,2129677,0
5589,1789557390,23632,2183480
1090,1789557566,2122773,0
3086,1789557849,1021247,0
4358,1789558880,1786798,2098548
1584,1789559399,2137298,1824034
680,1789559892,2071214,214
3306,1789560129,1580481,2121965
4293,1789561258,2021767,2137395
7654,1789561329,2133408,2180548
4069,1789561507,302869,0
823,1789563569,2176707,0
3932,1789563635,2176830,0
5256,1789564166,1587053,2184021
4727,1789564260,1996908,0
3461,1789564918,2084332,0
7203,1789565521,1667968,0
3512,1789565577,2057638,2182015
5518,1789568660,219369,0
4899,1789568688,1344786,0
1052,1789570652,2058795,0
3088,1789570695,1342035,0
755,1789570770,2078276,531777
3999,1789572742,1721928,0
1533,1789573368,2023202,0
7587,1789573389,2088089,2182161
1109,1789573819,2070095,0
4043,1789574548,2127978,0
7917,1789574656,1935738,0
3238,1789575344,1745999,0
4152,1789577624,1889098,0
6587,1789578213,1833730,2106040
6587,1789578213,1833730,1833730
1993,1789578620,2131441,197846
427,1789579863,1820949,1762817
5984,1789581200,1905015,0
614,1789582129,2129194,15291
4050,1789582834,912352,0
3279,1789582948,1271321,2133516
1955,1789582973,2129677,0
5450,1789583081,286637,0
3653,1789583264,1563523,0
6439,1789583348,2101178,0
2389,1789585166,1471280,2182015
1821,1789585522,1745999,2133516
4723,1789585525,1545062,2098548
5178,1789586229,2113999,0
5225,1789587642,1320170,2080812
406,1789587797,2017869,0
5213,1789588300,2134563,2126585
4563,1789589064,2172838,978034
1868,1789590022,1674937,0
3820,1789590100,1678679,1045898
3635,1789590110,2145359,0
6603,1789591654,1796437,1097179
1510,1789593226,1814340,0
5396,1789593959,2466,0
4648,1789594349,926570,0
5408,1789595425,2142901,1563523
7622,1789595712,2133408,2180539
5216,1789596465,19450,0
5114,1789596728,2090745,1247466
4580,1789597200,1716245,0
7724,1789597617,2184210,0
4868,1789597985,2014236,0
375,1789600404,577826,701464
946,1789601157,2103534,0
5913,1789601257,2179320,2135100
2136,1789601302,1994814,0
7300,1789603136,1810435,1819637
3693,1789603814,2025956,2183599
3249,1789606230,2136273,0
5408,1789607072,1563523,2142901
5408,1789607072,2142901,1563523
2048,1789607182,2173364,0
5145,1789607358,2088438,0
1395,1789608212,2027527,352604
6069,1789608517,2178811,13447
587,1789609287,2133518,0
3983,1789611822,1783692,0
5408,1789611979,1563523,2142901
3608,1789612507,2183639,0
5483,1789612902,3257,0
781,1789614716,2184324,2062753
1772,1789617346,1731373,0
6186,1789617495,795080,2130968
6335,1789617530,1752476,2141578
2044,1789617549,2124699,0
7098,1789617600,2183448,2126872
6026,1789618105,2181217,0
5822,1789618789,2090745,0
1289,1789618890,934653,0
3694,1789618946,1187462,0
6003,1789619047,222751,2122184
2260,1789619772,2136214,1379818
2260,1789619773,2136214,2136214
5806,1789620710,1390210,1326344
2080,1789621110,311234,656164
6104,1789622229,1124356,2092900
5085,1789622797,1671571,0
3404,1789623948,2121468,2180825
8437,1789624404,2133408,0
3971,1789628989,1915106,0
3902,1789632641,2127978,0
4516,1789635598,2140134,2124699
2847,1789635827,2090921,0
4910,1789637033,2113999,0
5704,1789637096,2088089,0
6493,1789638302,2181676,2063206
2124,1789638313,1986226,878285
2098,1789638372,2129194,0
4973,1789639150,23046,0
3762,1789639944,2179320,0
2477,1789640534,2090629,0
4738,1789641507,2080999,0
584,1789645347,1674937,0
4509,1789645945,2182267,2183976
5591,1789646714,2184165,0
2521,1789646724,2182398,0
942,1789648680,2136214,1001039
5488,1789650482,795080,991519
1500,1789653372,2181542,949693
4263,1789654372,2101846,0
4659,1789654488,2032066,1589949
5468,1789655423,1833730,0
482,1789655914,1342035,0
8085,1789657230,292351,2141717
8151,1789657334,2133408,2143212
1987,1789657628,1247466,189413
1546,1789658083,2179320,0
6214,1789660196,2133335,0
3101,1789660241,2183201,0
5832,1789660649,219369,0
3326,1789663597,2182145,2179093
1327,1789664301,2083885,0
3195,1789666879,2182836,0
5262,1789668078,2118644,7365
4856,1789668676,2088720,0
5094,1789669459,1571842,0
4573,1789671185,2183051,0
4861,1789671408,164,2183995
7569,1789672566,2183481,0
4449,1789672978,2177144,40585
1279,1789674032,1651308,0
2382,1789674191,384682,0
3333,1789674897,2130145,0
87,1789675352,2084142,2140887
1116,1789676208,331657,0
5997,1789676286,23632,1423677
2251,1789676371,64340,0
611,1789678181,2136708,0
3299,1789679438,2139741,0
411,1789679660,2121468,2088835
1589,1789679814,800543,2103534
5039,1789680125,2126523,0
3876,1789680450,2032066,0
6678,1789680734,1105744,0
5063,1789680953,2027527,0
5378,1789681295,2121326,2070871
2700,1789681432,1961278,0
6912,1789681737,1233516,0
2454,1789682363,2168803,0
1349,1789682833,2121243,1393257
1010,1789682839,1946447,0
456,1789683388,2182034,0
602,1789683581,2125883,2121965
7446,1789683882,2177761,1580549
1505,1789685089,2088835,0
2534,1789685880,2179320,0
677,1789686014,2121468,0
3756,1789687142,2181101,0
4576,1789687655,2080999,0
5582,1789688904,286637,0
3789,1789690991,2032066,0
3109,1789691281,2183491,0
644,1789691883,1745999,2136021
4169,1789692670,1390210,0
4308,1789696265,2133019,0
4830,1789696353,2103338,0
1699,1789696775,1100445,1097438
4362,1789699121,217192,0
3490,1789699294,2182034,0
5250,1789699411,2121850,1659
3704,1789701342,2032066,0
6347,1789701777,216871,0
2275,1789704017,2177696,1453511
3597,1789704345,2177696,2182836
2128,1789705976,201700,0
4368,1789706147,311234,2136315
4368,1789706147,311234,311234
981,1789706328,2078276,0
2161,1789706418,2049063,0
1127,1789707871,1947487,669607
5084,1789708592,231570,285930
6237,1789708933,2181075,0
1084,1789709434,1186212,0
419,1789710033,2179363,0
6117,1789710399,2174163,0
2029,1789711135,2182145,287776
4937,1789711199,2126523,0
7262,1789713193,934653,2098905
2893,1789713346,2182957,0
2174,1789713539,2184324,1019205
5424,1789713642,2126523,0
1897,1789714109,2181669,0
1085,1789714208,2178892,0
5009,1789715768,2126523,0
7634,1789716591,934653,2184295
6108,1789717350,776487,2184148
5578,1789717692,2176355,0
7096,1789718403,862456,1667968
5857,1789719717,2126523,0
5471,1789720827,2126523,0
3114,1789723016,2127978,0
2974,1789723056,1586763,0
7727,1789723336,1935738,0
630,1789723929,2179988,1709215
4443,1789723978,2080999,0
2137,1789724237,2181245,0
4441,1789726300,1980096,0
1788,1789726361,2177696,0
2453,1789726617,1344786,1749963
5837,1789727479,2126523,0
4333,1789727989,2182267,0
5558,1789728140,2183314,486017
4301,1789729008,1390210,0
4301,1789729008,1390210,1390210
2203,1789730377,2177696,0
5389,1789730500,2126523,0
279,1789731099,1963398,0
2221,1789732599,2095097,287776
3513,1789733436,2177696,0
5703,1789734400,1615111,0
5476,1789734413,2126523,0
2221,1789735236,1545062,2095097
5575,1789735618,2126523,0
2498,1789736404,1187462,0
5556,1789736725,2142901,0
6039,1789736997,2021767,2184141
2459,1789739122,20451,1772694
591,1789739429,2136658,0
7123,1789739569,804111,380208
5348,1789741447,1702291,0
5712,1789742535,2126523,0
4705,1789743175,2113999,0
5712,1789743779,2184056,2126523
4339,1789743869,2183483,2132944
4339,1789743872,2132944,2183483
2221,1789744178,2182145,1545062
2221,1789744178,2182145,2182145
7816,1789744707,2179394,2179333
651,1789744818,2177696,0
5134,1789745302,2027527,0
8286,1789745405,1075536,0
3899,1789748692,433392,0
4795,1789748767,1124356,0
2259,1789748946,20634,0
6048,1789748969,2184204,0
6048,1789749197,2142222,2184204
4636,1789749568,2128799,0
1022,1789749602,2182121,0
4339,1789749965,2132944,2132944
4906,1789750974,2183448,0
2650,1789752014,2119519,2055242
702,1789752193,2183804,0
1022,1789752938,2113353,2182121
1078,1789754585,684733,837378
4788,1789754586,1993222,0
2483,1789754982,2126926,0
5460,1789755811,23046,0
766,1789756381,2145649,321281
3304,1789756477,1459338,2178204
7636,1789758021,862424,0
5142,1789758541,934653,0
5131,1789759617,1833730,0
5482,1789760216,2126523,0
5714,1789760906,2126523,2184056
4209,1789761038,2083788,0
6763,1789761146,2137298,1824034
2182,1789761850,2059063,0
3562,1789762063,2114370,2182326
527,1789763366,1993222,0
5274,1789763866,2126523,0
4590,1789764483,1993222,0
4284,1789765649,1993222,0
1297,1789768020,2084142,2182953
3346,1789768220,380925,0
5115,1789768549,1989499,0
1670,1789769481,2078276,0
4228,1789769656,2179394,0
6550,1789769942,23632,2133183
1829,1789770643,2080999,0
6584,1789772357,2172838,2102822
6584,1789772357,2172838,2172838
7222,1789772780,1955107,0
4961,1789773024,2126523,0
4627,1789773475,2142901,0
1179,1789773536,747111,0
6895,1789775959,554260,93720
4230,1789776276,141108,0
5058,1789778008,2126523,0
5880,1789778104,2129923,0
3760,1789778365,1993222,0
2250,1789779234,1989499,1328819
5388,1789780281,934653,0
4912,1789780331,311234,2174871
1908,1789781380,747111,0
7421,1789781644,2172761,292351
6806,1789782073,2021767,2142309
2352,1789785900,789512,287776
2352,1789785900,789512,789512
2352,1789785900,789512,789512
6396,1789785965,216871,0
855,1789786001,1731373,0
1609,1789786150,2181217,2133036
4083,1789786179,433392,0
1067,1789787682,2017869,287776
3315,1789788139,1745999,2178602
7407,1789788162,2092734,0
7618,1789790993,1564217,0
4668,1789791667,1587053,2183983
3284,1789791949,1651308,0
2325,1789792532,1731373,0
316,1789793978,2017869,287776
4108,1789794334,1390210,0
1236,1789795488,577826,0
7176,1789796034,934653,1665557
7333,1789797355,2137048,2184271
1317,1789797679,2124889,380925
3221,1789797684,2177696,2176885
3421,1789799060,2179988,0
5574,1789799122,2118644,0
5449,1789799176,1075536,0
7595,1789799671,1259861,2176385
2103,1789800265,2183201,0
5265,1789800294,1671571,0
3705,1789800879,2070095,0
3145,1789801025,1731373,0
5607,1789801354,2126523,0
1699,1789801427,1406307,1100445
4634,1789801605,2119727,0
1701,1789802383,2114370,1100445
4676,1789802587,1980096,0
2558,1789803205,1036162,0
5012,1789805551,813,0
1317,1789805933,1961278,2124889
2961,1789806674,1810435,1519293
2961,1789806676,1810435,1810435
3879,1789806765,1814340,0
4191,1789807344,1845090,0
5500,1789809003,1615111,0
4915,1789809249,1546340,2180147
3285,1789812251,2059063,0
6521,1789812617,1784555,2177166
6152,1789812848,1947566,0
3864,1789814179,2133019,0
8245,1789814180,2177122,0
4163,1789814244,1845090,0
5289,1789814950,934653,0
3016,1789815328,1745999,2058795
1027,1789816764,87568,0
2549,1789818213,2121004,1949840
2915,1789819042,2181835,0
4715,1789820300,769012,0
504,1789820354,992825,1437765
4129,1789821550,986252,2180087
989,1789821950,1731373,0
95,1789824463,2181837,0
6047,1789824765,2021767,0
9695,1789824920,2184479,0
5896,1789825070,2126523,0
404,1789825717,2145649,0
3007,1789826293,2183490,0
708,1789826863,2017869,0
2232,1789827495,80335,1224118
4655,1789829496,141108,1437765
5197,1789830998,934653,0
137,1789831823,2122773,0
9761,1789832716,2184479,0
196,1789833205,1982781,0
7290,1789833724,1398254,2177331
6784,1789835831,1752476,2184217
1035,1789836411,2059063,0
5785,1789837188,2021767,0
678,1789838196,1613388,2178638
5113,1789838768,2126523,0
70,1789838932,1951772,0
4517,1789839562,316717,0
4660,1789839705,2080999,0
4519,1789840573,1546340,0
1080,1789843787,684733,842480
8057,1789844069,1830104,0
175,1789844159,1731373,0
4147,1789844427,2083788,0
371,1789844772,1766388,0
5364,1789847480,1993222,0
6863,1789848945,23632,2184223
7820,1789849176,817959,0
3984,1789850428,20451,2142481
4492,1789851995,2179029,0
2778,1789852397,486339,0
9060,1789853082,2184479,0
4604,1789853387,316717,0
2600,1789853472,2121745,0
97,1789853508,2183957,0
4756,1789853729,11565,0
2662,1789854131,1651308,2058795
672,1789854439,1043263,0
1508,1789854803,2057638,0
2423,1789855205,1863997,1701431
4866,1789855283,1124356,0
240,1789855996,1731373,0
2735,1789856545,1186212,0
8291,1789856580,1678679,0
4579,1789856686,2128799,0
9516,1789856891,2184479,0
4630,1789857792,1587053,0
6611,1789858835,1740954,879464
4141,1789858855,934653,0
133,1789858883,2123609,1100445
5681,1789859017,1833730,0
4489,1789859115,96667,0
1587,1789859221,24249,1824034
2042,1789861963,2017869,355278
1991,1789862160,2175100,190983
6946,1789862932,1564217,0
3030,1789864367,2025956,0
8765,1789864374,2181789,0
4561,1789866290,2005788,0
8276,1789867162,2009293,0
4737,1789867349,2117494,0
474,1789867538,2177759,0
5244,1789867868,888810,2132851
312,1789868214,1731373,0
5365,1789868321,888810,2132851
261,1789868706,1745999,0
7058,1789869247,862424,0
8033,1789870816,2060287,1323047
9705,1789871117,2184479,0
917,1789871878,2183605,0
3808,1789874045,2140134,2098548
2107,1789874193,1703257,0
1137,1789874362,28243,0
4980,1789876458,776487,0
5883,1789876491,2178811,0
3857,1789877004,2132828,247494
562,1789877284,2179552,0
562,1789877284,2179552,2179552
4145,1789877747,1912482,2181807
6423,1789877874,2028057,2065543
1841,1789877955,2124889,2179460
5638,1789878269,2088603,0
4984,1789879154,1706235,0
908,1789879737,2025956,0
185,1789880112,1806454,0
3297,1789880283,384682,0
3417,1789880668,2172761,0
1929,1789881763,2056370,0
4117,1789882426,1825930,2132160
139,1789883079,1608799,0
5234,1789883986,1796437,1836199
512,1789884421,1731373,0
1103,1789884467,1580481,2103534
1103,1789885912,2038416,1580481
4591,1789886935,1587053,0
4807,1789888607,934653,0
2590,1789888615,2057638,2056942
5234,1789888767,1836199,1796437
9399,1789889107,2184479,0
7248,1789889532,1024499,0
1278,1789889579,1745999,2058795
2745,1789890250,1951772,0
8083,1789890380,486339,2184332
2960,1789891116,1878083,0
1025,1789891804,2179320,0
3872,1789891838,1671571,0
3872,1789891838,1671571,1671571
3380,1789893469,2172761,0
334,1789893495,2174060,0
5924,1789893838,2177144,0
6256,1789894884,2184203,0
2215,1789895462,1731373,1146818
3598,1789896063,2057638,0
2969,1789896088,2178892,0
1302,1789896168,2176880,0
5288,1789897292,1796437,1836199
3909,1789897858,2132944,2118444
365,1789898411,2038416,1749417
4029,1789898798,2133518,2118444
7452,1789899434,1678679,0
6528,1789899634,1947566,0
6559,1789900315,2028057,2184190
8048,1789901776,2184289,2184052
151,1789902498,2172761,0
5052,1789902516,403419,2132851
2517,1789902695,1946447,0
5810,1789902815,1137797,412476
6218,1789905024,1403742,0
2816,1789905249,2172761,0
3680,1789906192,2057638,0
5023,1789906390,934653,0
1703,1789906908,1731373,0
7531,1789907210,1989499,2172610
2010,1789907732,1810435,258443
3433,1789907794,2179363,0
2371,1789908091,2083091,0
6515,1789908720,2129150,0
5097,1789908800,1989499,0
4276,1789909126,934653,0
1840,1789909808,2113353,0
5234,1789910146,1796437,1836199
5267,1789910192,2178811,0
390,1789911178,1078293,0
2659,1789911257,1863997,2058154
3783,1789911711,2059063,0
2496,1789911848,9148,0
4332,1789911997,183045,0
140,1789912329,2129923,0
1153,1789913030,2183804,0
9362,1789913256,2184378,0
7800,1789913470,1784555,1830104
1905,1789913810,240304,7672
4674,1789914446,1714244,2144772
1682,1789915246,3904,0
8105,1789916797,2182227,2132109
6218,1789916965,2124191,1403742
3391,1789917772,987383,0
4857,1789918386,1941136,0
3229,1789918538,28243,0
2984,1789918639,2076485,2125883
2587,1789919276,2177554,1994940
5947,1789919747,2184165,0
72,1789919984,1994814,0
483,1789920973,2173364,0
7640,1789921200,2060287,2183267
1267,1789922881,2179320,0
2378,1789923006,64340,0
4348,1789923701,2127652,0
1650,1789924233,2131441,2175224
1190,1789924520,2180410,0
1389,1789924932,1021247,0
544,1789924947,2122743,0
3485,1789925182,2179320,0
4062,1789926782,2176830,0
2320,1789926941,2177696,1519293
3572,1789927976,1863997,0
3074,1789928405,2088438,2143609
4006,1789928834,1825930,2177721
6218,1789928957,1403742,2124191
673,1789929309,2018579,0
2732,1789929507,24249,0
4736,1789929517,1678679,0
7921,1789929874,2184155,2184313
4922,1789929975,789512,0
3576,1789930652,2181708,0
6137,1789931150,2184114,0
1587,1789931239,2137298,24249
7556,1789931637,1935738,0
4236,1789932586,912352,0
2638,1789932895,2025956,0
7236,1789933015,1723176,0
2710,1789933720,784340,0
9100,1789934734,2184479,0
479,1789934758,1580481,0
6823,1789935720,2060287,0
2648,1789936175,1344475,2054744
4684,1789936517,2100821,0
4469,1789937254,11565,0
4534,1789938184,1678679,0
1652,1789938256,2025956,0
4990,1789938417,2134563,0
4900,1789938690,1657363,1836199
3733,1789938706,2129677,2180410
2734,1789938876,1961278,2180410
1342,1789938876,2057638,2180410
1132,1789939167,2110662,0
1344,1789939802,2174102,2180410
1066,1789940478,2098940,0
4747,1789941232,2083885,262910
3368,1789941331,278359,2179885
330,1789941350,1820949,0
7345,1789941503,2182386,2009697
7609,1789941875,1951415,0
7072,1789942017,795080,1921681
1577,1789942330,1715991,0
3834,1789942686,1666646,0
6942,1789942768,1515545,2137048
1627,1789943010,1898371,2136658
6309,1789943165,2176673,2058645
7798,1789943188,2177761,0
8202,1789943237,2082469,2176663
3324,1789943777,2181476,0
379,1789943964,302869,781658
8184,1789944069,1783178,0
5487,1789944775,1137797,0
2045,1789944960,1731373,0
4381,1789945086,1173630,2109969
3766,1789945157,1545062,2182326
4479,1789945498,316717,0
272,1789946305,2088603,1385666
7351,1789947245,2112721,0
627,1789947985,2179320,0
1580,1789948160,2183605,0
10078,1789948736,2184479,0
6165,1789948922,2088603,0
4182,1789950172,311234,2177722
1309,1789950903,2023202,2125883
1309,1789950904,2023202,2023202
2442,1789950933,1488,0
2552,1789951075,2057638,0
6181,1789952062,934653,0
4917,1789952728,10764,0
5668,1789953126,2181075,0
6343,1789953546,819429,0
3108,1789953904,1731373,0
3260,1789955036,2102310,0
5092,1789956041,2090745,1836199
7283,1789956077,2133408,0
1397,1789956409,2136273,0
1309,1789957900,2182357,2023202
258,1789957968,2049063,0
1602,1789958456,1721928,0
4706,1789959156,1747712,2179363
6074,1789959381,2178811,0
674,1789959601,2178811,2125070
2739,1789959662,2183491,2088835
7560,1789959858,1478392,2184135
2750,1789960443,2131628,0
6977,1789960589,2142222,0
4831,1789960676,1821118,0
7522,1789961519,1233516,2184289
4198,1789963944,184307,0
1364,1789964598,1587053,0
7870,1789965122,2082469,0
4620,1789965579,2088603,2119727
1019,1789966083,1271321,2058795
1895,1789966800,2094332,4675
3427,1789966859,254189,0
5438,1789966906,776487,1906313
2335,1789967105,2094332,1551180
626,1789967400,2095097,546791
626,1789967400,2095097,2095097
3846,1789967955,2181688,0
206,1789968130,2095097,0
1197,1789969344,1979816,1696964
5660,1789969974,2118644,0
5538,1789970705,1745999,0
5376,1789970995,2123609,0
1479,1789971013,1271321,1040712
1291,1789971900,2177696,2176707
3049,1789973163,2179320,0
4546,1789973639,11565,0
2482,1789973674,637516,0
1961,1789976179,860318,87568
352,1789976319,2179394,0
4863,1789976737,1678679,0
4863,1789976737,1678679,1678679
7057,1789977068,1610816,2145492
4546,1789977959,11565,11565
1938,1789978443,2131544,0
2532,1789978669,2179320,0
3293,1789978730,1608799,0
693,1789979832,1806454,2180410
6910,1789979885,1617970,9312
6179,1789980566,2133408,0
1276,1789980723,1747712,2179363
2597,1789981562,2182260,0
6630,1789984514,2184221,0
5010,1789985595,2181676,2181744
3522,1789985599,1898371,2182121
1062,1789986132,2129677,0
1904,1789986203,577826,0
476,1789986292,550454,317909
1004,1789986844,1271321,1040712
1588,1789987315,1898371,2182121
2947,1789987321,2124912,2129889
22,1789987350,1271321,1040712
1186,1789988858,1745999,1040712
2561,1789989031,28243,0
5297,1789989457,2028057,0
497,1789989487,2076485,0
4798,1789990196,1587053,0
7517,1789991494,2082469,0
2215,1789991941,1577451,1731373
4202,1789992155,1573465,0
5978,1789993138,2133408,0
3494,1789993866,2095097,0
5251,1789993874,1702291,0
7782,1789994299,2121007,2184109
1690,1789994634,784340,0
804,1789994676,1342035,0
6989,1789994928,862456,2184241
3388,1789995887,2179320,0
7111,1789996224,934653,0
4728,1789996780,1678679,0
4611,1789998108,11565,0
5646,1789998272,2184203,0
2463,1789998289,2057638,0
2968,1789998397,1979816,0
2451,1789998805,1986226,0
458,1789999154,2058795,0
458,1789999172,2058795,2058795
3272,1789999535,1344475,1453511
2997,1790000005,2183491,0
3335,1790000631,2181476,0
2426,1790000847,934653,0
2347,1790000988,1961278,0
5978,1790001382,2133408,2133408
5978,1790001383,2133408,2133408
7263,1790001498,2091224,0
458,1790001595,1651308,2058795
3839,1790001797,2179524,1584104
4142,1790002207,2088603,2180091
2334,1790002484,2057638,0
5624,1790002904,1796437,0
10127,1790003136,2184479,0
2758,1790003531,2126523,0
1328,1790003841,2124912,0
116,1790004223,1586763,0
1119,1790004280,1898371,384682
4529,1790004425,2094332,0
1442,1790004489,2183491,0
5976,1790005404,2184114,0
4295,1790005784,835134,0
2716,1790006080,2129677,0
5055,1790006325,813,0
3771,1790006987,2136214,0
3771,1790006987,2136214,2136214
5249,1790007038,2142802,0
6970,1790007047,2028057,0
2020,1790007100,987383,0
265,1790007290,222751,0
3778,1790007715,2182271,0
5212,1790007759,776487,0
5642,1790007762,222751,0
5642,1790007762,222751,222751
1068,1790008430,372729,2177606
2267,1790008692,1983197,0
303,1790008876,2131544,0
4439,1790008967,2132944,0
9922,1790009529,2181789,0
4253,1790009725,2092609,0
1157,1790010311,1898371,384682
6135,1790010416,2129150,0
3486,1790012566,1970463,0
2158,1790013340,1651308,0
6799,1790013609,2028057,0
6901,1790013801,862456,0
6236,1790013888,1124356,2060223
6236,1790013889,1124356,1124356
3142,1790014386,184307,0
6321,1790014528,2060287,0
6321,1790014528,2060287,2060287
2900,1790014751,2182145,2125286
5707,1790014826,2122184,0
383,1790015170,2094332,0
1103,1790015270,1580481,2038416
5275,1790016380,1137797,0
5323,1790016678,2005788,2183995
5799,1790017114,1947487,2184101
2487,1790017847,2179394,0
6327,1790018159,656147,0
8478,1790019119,231570,2178156
3929,1790019151,866900,0
2556,1790019347,1471280,0
1178,1790019387,2137188,0
5421,1790019504,1833730,0
3616,1790019755,2056942,0
2167,1790019774,2182257,0
6228,1790020086,656147,0
1877,1790020862,1958874,2183201
6805,1790021252,2116596,0
1492,1790021765,1898371,384682
2967,1790021820,2057638,0
1108,1790022057,141108,2132363
4035,1790022413,912352,0
7546,1790022583,934653,0
4742,1790022660,1715991,0
4244,1790023322,986252,0
5586,1790023805,2121850,2183317
7819,1790023839,2121007,2183234
2009,1790024021,2181431,0
4454,1790024227,1678679,0
486,1790024297,992825,986252
2381,1790024931,2181025,0
5352,1790025321,1934829,0
1293,1790025726,1810435,2182610
2382,1790025747,1898371,384682
1113,1790026299,2094332,0
6472,1790027179,2133408,0
4815,1790027438,2014236,0
826,1790027539,28243,0
1931,1790027610,2174102,0
6836,1790027639,2060287,0
4183,1790027875,2133019,0
2386,1790027963,1342035,0
2386,1790027963,1342035,1342035
1655,1790028259,1745999,0
1066,1790028311,1546340,2098940
6571,1790028377,2060287,0
7779,1790028382,13583,2096765
1165,1790028426,1577451,0
9034,1790028601,926570,2180047
3737,1790028628,2179394,0
5219,1790028825,2090745,0
1329,1790029606,2122757,2036434
2493,1790030049,2124912,0
1514,1790030478,2131544,0
5322,1790030887,2129228,0
1411,1790031173,2179320,0
4887,1790031236,2101531,2180620
7647,1790031363,1398254,2128951
3657,1790031535,2181676,0
79,1790032363,1342035,0
7027,1790032393,2133408,0
1308,1790032560,1898371,64340
4887,1790032580,1007629,2101531
5930,1790033326,2178811,0
1176,1790033386,2095097,0
1948,1790033423,1958874,64340
7241,1790033489,862456,0
3590,1790033602,835134,0
6433,1790034103,2184203,0
3126,1790035549,278359,0
4254,1790036200,2101846,0
4090,1790036883,311234,0
3476,1790037155,2179320,0
4317,1790037565,2177144,0
8758,1790037678,2082469,0
6467,1790038265,2094332,0
3848,1790038752,1947487,145122
7264,1790039599,2121007,0
1769,1790040403,6593,0
124,1790041307,2123065,0
6203,1790041348,1993578,1646803
1415,1790041587,1958874,0
58,1790042304,1342035,2058795
2817,1790042484,1174348,2113353
5128,1790042967,2014236,0
922,1790043534,1342035,0
124,1790043616,2133518,2123065
662,1790043894,1342035,0
522,1790044119,2136708,0
4997,1790044798,2179029,0
5625,1790045433,1752476,1082316
5988,1790045433,1611365,0
489,1790045717,2077500,0
8266,1790045913,1745999,0
5764,1790046108,2088603,0
212,1790047009,1958874,0
3954,1790047155,934653,0
2376,1790047503,1342035,0
2548,1790047514,1994814,0
6529,1790047528,2184204,2144766
4971,1790047569,219369,2177459
9214,1790048392,2184378,0
8882,1790048396,141108,0
1400,1790048776,2127978,0
4554,1790048800,316717,0
4778,1790048951,222751,2137113
6497,1790049994,2028057,0
2222,1790050315,2137298,0
6060,1790050971,222751,2181199
4656,1790051005,217192,2183901
4656,1790051007,217192,217192
6087,1790051629,164,1611365
6087,1790051629,164,164
2212,1790052169,1344475,1108466
3425,1790052450,1342035,0
2149,1790053695,2137188,951401
1673,1790053771,1342035,0
1786,1790054059,1806454,0
357,1790054244,1390210,54
4958,1790054284,1556649,0
2485,1790054382,1577451,0
1705,1790054952,1608799,0
6654,1790055788,2028057,0
6654,1790055788,2028057,2028057
5272,1790056323,2014236,0
776,1790056489,2127978,0
8072,1790056711,2133408,0
269,1790056713,1342035,0
5237,1790057164,219369,2182830
6832,1790057449,219369,2096974
2360,1790058161,1989499,1598999
2685,1790058596,572281,2071464
4531,1790058750,2182398,0
1382,1790059519,1342035,0
2015,1790059541,2127978,0
728,1790060507,1271321,0
5923,1790060692,2028057,0
837,1790060870,1682674,0
5218,1790060939,19450,0
2126,1790061335,2123065,0
4100,1790061720,835134,0
839,1790062277,2127978,0
3359,1790062643,2127978,0
7687,1790063797,2184386,2184297
2783,1790064097,2177696,0
3660,1790064562,2179394,0
4393,1790064987,1344786,0
1335,1790065581,2124912,0
1435,1790065710,2127978,0
7792,1790065895,1731373,0
3143,1790065951,1979816,2183201
9487,1790066932,2126990,0
124,1790067255,2123065,2133518
3688,1790067333,1613388,2183488
3553,1790068647,2094332,0
6013,1790068944,1734443,0
7231,1790069426,1344786,1564217
4819,1790069879,1344786,0
4819,1790069880,1344786,1344786
3650,1790069928,2131544,0
6581,1790070408,2060287,0
243,1790070490,1682674,0
5521,1790071083,2118644,0
7966,1790071538,2127978,0
6205,1790071559,656147,0
2912,1790072401,2084142,2126926
6314,1790073013,2060287,0
3660,1790073067,860318,2179394
9181,1790073109,2133408,1751219
3544,1790073621,2138682,2179093
2222,1790073621,2179320,2137298
2222,1790073622,2179320,2179320
1854,1790074063,1342035,0
7461,1790074826,1969944,1105744
313,1790074897,1951772,0
3055,1790075202,2098940,0
1475,1790075732,2123065,0
1672,1790075747,2126523,0
4039,1790076450,835134,0
5305,1790076520,2094332,0
1467,1790077050,1577451,0
3408,1790077539,1342035,0
4318,1790078247,1124356,0
8039,1790078268,2184237,0
6731,1790078340,2182386,9319
6107,1790078396,2005788,0
6199,1790078786,2184207,0
3376,1790080076,1651308,0
1115,1790080335,2137188,0
3689,1790080418,28243,0
4290,1790080511,254189,0
4335,1790080583,254189,0
4430,1790080795,254189,0
4905,1790080949,2117494,0
7090,1790081385,2121007,0
2507,1790081504,2057638,0
4729,1790082605,934653,0
4621,1790082664,2134563,0
7032,1790082707,948,2092734
5100,1790082933,2127679,0
843,1790083073,2057638,0
7443,1790083078,2017869,2178475
746,1790083083,2145649,0
4462,1790083261,2032066,1631678
3125,1790083507,301920,2173272
2214,1790083514,2131441,0
48,1790083564,1958874,0
897,1790083679,1342035,0
7221,1790084267,2116596,0
691,1790084300,800543,0
347,1790084621,2181101,0
4846,1790084647,2045759,0
2480,1790084647,2094332,0
3838,1790084652,1344786,0
7362,1790084743,2133408,0
5744,1790084745,2184119,0
1656,1790085120,1684263,2179326
3647,1790085434,1342035,0
4429,1790085759,1678679,0
6826,1790086473,2184259,0
4820,1790086687,2023202,2181688
4116,1790087497,222751,0
1951,1790087552,15527,0
2998,1790088064,2129677,2136744
1369,1790088459,1958874,0
4214,1790088467,1595726,0
6997,1790088504,1024499,0
1007,1790088522,2183281,0
2593,1790089068,1342035,0
2895,1790089073,2123065,0
872,1790089087,1342035,0
3699,1790089269,2122743,0
2726,1790089649,1342035,0
6502,1790090108,164,1611365
1498,1790090316,2122743,0
5340,1790090545,1796437,0
2667,1790090743,2126523,0
3921,1790091213,222751,0
1346,1790091706,219369,2183227
1065,1790091965,2126523,0
1461,1790092018,1958874,0
3124,1790092028,1459338,0
3594,1790092388,11565,2182710
4909,1790092716,926570,0
1311,1790092786,2182257,0
3256,1790093109,2023202,2177754
3256,1790093109,2023202,2023202
6880,1790093436,1617970,0
4107,1790094193,219369,2179794
4963,1790094220,1858260,2126186
1578,1790094706,2183422,0
7736,1790095939,1714244,0
1641,1790096823,2102310,0
2075,1790096971,302869,608533
5700,1790097264,2184171,0
2049,1790097303,1684263,389855
4714,1790097337,2094332,0
3786,1790097418,2098940,0
2059,1790097471,1577451,0
1641,1790098024,1863997,2102310
1641,1790098024,1863997,1863997
6517,1790098436,2181523,0
4898,1790098544,1556649,0
1827,1790099721,2131544,0
1015,1790100223,2179394,0
1015,1790100223,2179394,2179394
3821,1790100720,2176830,0
7395,1790101954,1666646,0
3424,1790102012,2181542,2180995
3757,1790102139,222751,0
3774,1790102301,1169034,2022552
1839,1790102308,2126523,0
2315,1790102630,2124912,0
1244,1790102896,1342035,0
7743,1790103365,2133408,0
6227,1790103600,1657363,2129150
2811,1790103930,2025956,0
5889,1790104390,1545062,0
346,1790104873,1651308,0
448,1790104904,2127978,0
6440,1790105764,2177858,1369420
7603,1790105945,2009293,0
8120,1790106101,1344786,0
941,1790106766,2123065,0
277,1790106878,2062192,0
3364,1790106912,2179320,0
8383,1790107083,11758,0
292,1790107347,1682674,0
8223,1790107624,1731373,0
1928,1790107751,1459338,0
229,1790107866,2123065,0
253,1790107960,2109083,0
6188,1790108415,1947566,0
6487,1790108700,656147,0
1957,1790109030,1671571,0
830,1790109394,2126523,0
2058,1790109481,2102310,0
30,1790109684,24249,0
4860,1790110191,1706235,0
8011,1790111151,2102310,0
1145,1790111581,888810,1419758
271,1790111809,1629978,2065272
1085,1790112574,1958874,2178892
4027,1790112678,222751,0
4632,1790112991,1233703,0
2077,1790112999,1961278,637516
8528,1790113456,254547,0
4745,1790113829,2067012,0
5150,1790114110,2014236,0
4886,1790114495,1344786,0
1582,1790115148,2124912,0
8393,1790115194,537507,2134983
1260,1790115277,35585,0
2031,1790116059,2094332,0
5658,1790116419,1556649,0
2354,1790116692,2131544,0
1209,1790117316,2126523,0
7279,1790117359,862456,1933963
1986,1790118566,1342035,0
4015,1790118645,219202,2178074
64,1790118768,240304,2182836
840,1790118864,2025956,0
3430,1790118914,2123065,0
5158,1790119087,2177105,0
8794,1790119153,1752476,2120634
4768,1790119339,1678679,0
634,1790119753,2176591,1796126
2422,1790120111,1342035,0
1295,1790120504,1863997,0
1193,1790120921,1342035,0
871,1790121157,2123065,0
4468,1790122053,2174905,96667
207,1790122466,1898371,1703257
3027,1790122861,1979816,0
7951,1790123061,1326344,0
2525,1790123328,1898371,1703257
2095,1790123632,2179394,0
2184,1790124081,2183545,0
7369,1790124295,1344786,0
2464,1790124797,2077042,0
8190,1790124934,2112721,0
3988,1790125112,1912482,2112797
2249,1790125177,747111,0
1614,1790125504,2184324,1578846
1392,1790125704,2182145,2138682
1780,1790125762,2179394,2140679
5928,1790127592,2184114,0
3938,1790127664,2098940,0
9424,1790128002,2032066,1589382
9424,1790128002,2032066,2032066
2664,1790128278,1747712,0
2664,1790128278,1747712,1747712
555,1790128299,2181891,0
878,1790128465,2127978,0
1617,1790128847,2142222,2178467
7093,1790129229,2172838,2078678
775,1790130454,219369,2002702
1082,1790130623,1979816,0
4876,1790131090,2114370,0
692,1790131330,2177759,219202
5370,1790131357,2005788,0
2815,1790131700,1342035,1628375
794,1790131982,2179394,2127652
635,1790132184,2057638,0
2689,1790133030,2127978,0
2689,1790133030,2127978,2127978
2689,1790133030,2127978,2127978
2573,1790133416,219369,1967572
1288,1790133883,2126523,0
5841,1790133887,2178811,0
3432,1790133995,1651308,0
2074,1790134088,2137188,0
7914,1790134865,202854,0
3678,1790135437,1342035,0
9049,1790135639,2082469,2183486
2886,1790135950,2127978,0
2886,1790135951,2127978,2127978
3804,1790137391,1715991,0
1649,1790138138,2179320,0
6855,1790138227,2466,2182840
2569,1790138298,2174772,1967204
4056,1790138395,183045,1100445
6303,1790138576,2142802,0
10017,1790138646,254547,0
3133,1790138978,1958874,0
8000,1790139028,2121007,2178131
5374,1790140293,1556649,0
1934,1790140593,2127978,0
4894,1790141756,2101531,0
5300,1790142098,11565,2184011
2449,1790142251,2102310,0
3356,1790142606,2123065,0
5614,1790142728,926570,0
4363,1790142834,2142802,0
8303,1790143238,2182357,1691132
5678,1790143383,1736828,1326344
146,1790143684,2127978,0
4618,1790144317,23046,1193040
6227,1790145443,1247466,1657363
170,1790145758,2181669,0
6897,1790145933,2123609,2177332
1489,1790146217,2080309,0
7902,1790146409,2121007,0
2237,1790146440,2126523,0
773,1790146609,572281,2071464
246,1790146897,9148,0
2666,1790147571,2095097,0
4237,1790148011,784340,0
2108,1790148200,2181676,0
2523,1790148281,2076485,0
3217,1790148895,1958874,0
722,1790149215,1613388,2183488
169,1790149268,2179394,0
4370,1790149687,2179394,0
960,1790149767,2174102,2056942
3842,1790150074,2131544,0
3316,1790150292,2177696,0
574,1790150376,35585,0
9222,1790150601,1783178,0
5408,1790150693,2084332,1563523
643,1790150824,1958874,0
788,1790151744,1912482,2112797
5368,1790153677,1825930,1766082
5368,1790153677,1825930,1825930
5371,1790153781,912352,2183181
4280,1790153849,2171983,0
7078,1790154409,2179394,0
3715,1790154416,1342035,0
3715,1790154416,1342035,1342035
3054,1790154548,1342035,0
3263,1790154873,1342035,0
886,1790154892,1342035,0
774,1790155496,2177696,0
6770,1790155552,2180626,2184214
327,1790155803,2122743,0
1906,1790155834,2023202,0
1616,1790157525,2123065,0
157,1790157558,2117706,0
3322,1790157990,1344786,0
4133,1790157990,2077500,2183483
1437,1790158225,1342035,0
5742,1790158591,2183998,2134425
2061,1790158604,2102310,0
2872,1790158658,2126523,0
367,1790159151,2129677,0
3691,1790160093,2123065,0
5068,1790160293,2090745,0
1572,1790160482,860318,0
3449,1790160846,1820940,0
606,1790160892,1470110,0
5356,1790162673,2067012,0
5719,1790162953,891173,0
1598,1790163037,1672154,0
4852,1790163715,80335,2181141
788,1790164067,2132828,1912482
395,1790164126,2172761,1427030
301,1790164654,2174060,0
7120,1790164813,1784555,2177595
935,1790164971,1342035,0
3082,1790165601,278359,0
5433,1790166198,2067012,0
1637,1790166219,2184324,1578846
9347,1790166601,934653,254547
161,1790166838,2177696,0
3257,1790166947,1629978,0
2665,1790167238,1810435,2060580
2155,1790167281,2137188,0
622,1790168114,2174198,0
5927,1790168397,2067012,0
8592,1790168603,2121007,0
6043,1790169004,1344786,0
707,1790169069,1156788,779531
7764,1790169138,28243,2181421
2763,1790169254,1546340,2098940
3782,1790170784,1912482,247494
3547,1790170855,2123065,0
9347,1790171016,934653,934653
7464,1790171212,2073946,0
6972,1790171265,1566793,0
4088,1790171399,2174905,2179413
7553,1790171443,2082469,0
7553,1790171443,2082469,2082469
5798,1790171839,2067012,0
6801,1790172142,819429,0
223,1790173049,2126523,0
5019,1790173681,2094332,0
420,1790173800,862456,1762371
7060,1790174408,2184287,1772088
4633,1790174472,2179394,0
4828,1790174710,1980096,1996908
3859,1790174914,2127978,0
3665,1790174917,2123065,0
161,1790175243,2177696,2177696
7485,1790175423,1472448,0
4133,1790175704,2183483,2077500
533,1790176383,1747712,0
1173,1790176803,1651308,0
3178,1790177485,2127978,0
3450,1790177747,1651308,0
998,1790178018,2130145,0
1432,1790178039,2023202,2056942
1770,1790178222,2087974,2139312
787,1790179103,2177696,0
8539,1790179425,2175100,2178205
4930,1790179745,222751,0
2164,1790180057,2179394,0
2448,1790180076,2102310,0
9563,1790180131,1317137,0
6446,1790180153,743605,2184178
8410,1790180197,945659,0
1266,1790181638,2179320,0
3486,1790181777,2078276,1970463
4782,1790181966,2067012,2180955
164,1790182118,1898371,0
10043,1790182825,2133408,0
10043,1790182825,2133408,2133408
10043,1790182825,2133408,2133408
6772,1790182839,862456,0
2773,1790183242,1715991,2056942
4458,1790184169,2142222,2180955
4038,1790184228,2127978,0
7110,1790184626,1398254,0
2620,1790185384,1958874,0
10179,1790185450,1317137,0
1361,1790185595,1810435,0
1534,1790185600,2057638,0
1856,1790185839,2145649,2183254
1856,1790185839,2145649,2145649
1901,1790185866,684733,5961
4347,1790185932,2171983,0
475,1790186745,240304,2182836
697,1790186790,1898371,0
5665,1790187000,1702291,2064866
5665,1790187042,2064866,1702291
5665,1790187088,2064866,2064866
1253,1790187316,1577451,0
8474,1790187468,2082469,0
7497,1790187474,1617970,0
3550,1790188044,2095097,0
4338,1790188307,2067012,2180955
2996,1790188442,907588,2136220
4727,1790188652,1980096,1996908
3100,1790188953,2094332,0
4560,1790189038,2067012,2180955
4901,1790189254,1858260,0
1792,1790189603,1961278,0
2417,1790190082,2126523,0
3222,1790190195,2127978,0
391,1790190918,2127978,0
391,1790190918,2127978,2127978
4138,1790190940,1666646,0
6800,1790191210,2067012,0
3197,1790192839,2095097,2176068
4399,1790192889,2132944,2093605
4144,1790193712,1344786,0
6489,1790194350,1130513,0
8256,1790194411,1783178,0
4796,1790194510,2142802,0
4881,1790194530,2005788,0
1560,1790195393,1629978,0
8164,1790195645,2177122,0
798,1790195831,1672154,0
1044,1790196066,1747712,0
1044,1790196073,1747712,1747712
4073,1790196415,217192,2179411
5665,1790196728,2064866,2064866
4223,1790196829,2179394,0
6822,1790196873,1707975,1891510
5453,1790197020,2121850,0
4846,1790197200,1587053,2045759
5665,1790197280,2064866,2064866
1648,1790197349,28243,0
2958,1790197525,219369,2130473
4606,1790197742,888810,0
5740,1790197840,2177144,0
5240,1790198094,2118644,0
5327,1790198735,2103338,2123328
2278,1790199398,2177696,0
3978,1790199652,2182260,0
6103,1790199727,1999464,0
3218,1790200019,1961278,0
4477,1790200394,888810,0
2705,1790200639,2094332,2129194
6453,1790200735,2142222,0
2261,1790201366,2095097,0
2429,1790201918,1820940,2126926
1038,1790202150,577826,0
457,1790202233,302869,2180201
588,1790202506,1915106,0
4376,1790202518,2127978,0
257,1790202775,1652831,0
409,1790202997,2183639,0
1292,1790203171,2177696,0
444,1790203211,311234,1996908
2387,1790203720,1271321,1628375
217,1790203826,2138682,0
3303,1790203835,1982781,2136744
8343,1790204073,2098997,0
1208,1790204092,1912482,0
1187,1790204211,1745999,0
9443,1790204714,2032066,0
7793,1790204882,948,2092734
4559,1790205373,1577451,2139864
3135,1790205507,1745999,0
1765,1790205765,2076485,0
2362,1790205865,2179394,0
2826,1790206379,1863997,0
919,1790206435,2129677,0
3390,1790206495,2131544,0
10191,1790207085,2137541,0
7945,1790207103,1935738,0
10197,1790208657,2032066,0
4123,1790209106,2127978,0
6052,1790209132,1810435,0
1618,1790210317,1810435,0
106,1790210322,2130145,0
10228,1790210719,2184479,0
2254,1790211043,2183998,1363055
2649,1790211073,2127978,0
9095,1790211318,2032066,0
1721,1790212303,2038416,0
2917,1790212851,1651308,0
2375,1790213336,1342035,0
893,1790213406,2137188,0
1374,1790213468,2174198,1031
3587,1790213636,2080309,0
3587,1790213636,2080309,2080309
1272,1790213699,1169034,0
3422,1790213906,2142222,2180955
1783,1790213984,2145359,0
1820,1790214415,1863997,0
2924,1790214530,1598893,0
7360,1790214585,1617970,0
3343,1790214646,1682674,2179275
8439,1790215113,2121007,2183643
490,1790215200,2178811,985782
6044,1790215329,3638,0
8442,1790215395,2121007,2183840
684,1790215585,2123065,0
8559,1790215870,1124356,2179393
5512,1790216432,2175174,0
3682,1790216441,1682674,2179275
6874,1790217320,301920,0
3894,1790217530,862456,0
4067,1790217940,372729,2177698
4510,1790218260,1714244,0
2934,1790218492,278359,0
4713,1790218605,888810,0
5503,1790218802,2091224,1085503
3428,1790218812,2124483,2181025
3690,1790218819,891173,2183545
4339,1790218820,1173630,2132944
3087,1790218920,2181298,2182274
3761,1790219001,1586763,184307
1141,1790219151,1598893,2181025
1141,1790219152,2121004,1598893
2693,1790219344,2179516,2077042
4340,1790219717,1390210,0
3620,1790220060,1820949,2183042
1756,1790220095,2177105,2077042
1756,1790220096,2177105,2177105
8109,1790220225,2093981,0
2372,1790220307,1342035,0
5503,1790220654,2121468,2091224
3829,1790220745,2183483,184307
6723,1790220991,2102310,0
4882,1790221115,2181542,2178892
6172,1790221552,11565,0
1997,1790221744,2183491,201700
4272,1790222110,2127978,0
1561,1790222824,2172838,748151
2297,1790223128,1898371,0
3690,1790223692,2090921,891173
4983,1790224235,1556649,0
8575,1790224522,433818,2184220
4752,1790224611,888810,0
4226,1790225180,888810,0
6851,1790225202,1610816,0
7265,1790225241,2183481,1478392
4216,1790225354,2127978,0
5418,1790227436,1556649,0
2198,1790227455,2070095,0
1937,1790227518,2095097,0
167,1790227882,2178811,0
3799,1790228237,217192,0
4962,1790230172,2084332,2176355
8355,1790230260,967045,0
4339,1790230758,2132944,1173630
1757,1790231400,1571842,2109083
249,1790231400,1820940,2109083
5181,1790232437,23632,279226
7043,1790232815,2082469,2183613
4081,1790233065,835134,2179790
3736,1790233317,1535952,2121004
7127,1790233468,1617970,0
461,1790234243,2121745,0
4764,1790234500,789512,2179524
2927,1790234563,1344475,0
8282,1790235286,1783178,0
4577,1790235287,1980096,0
7638,1790235704,2133408,0
3690,1790235955,2112801,2090921
4084,1790236273,2181891,2179412
454,1790236448,1783692,2180194
3847,1790236793,1810435,0
1163,1790237530,1672154,0
3121,1790238221,1342035,0
3746,1790240064,2176348,0
4291,1790240750,2084332,2176355
8137,1790240828,1344786,0
2443,1790241111,1989499,0
3687,1790241815,1629978,0
3931,1790242055,1545062,0
1555,1790242596,2023202,2056942
2341,1790242661,2136006,2138682
3394,1790243559,1344475,0
9384,1790243920,11565,0
178,1790244216,2175100,0
4339,1790244541,2132944,2132944
447,1790245065,1587053,2045759
4129,1790245469,992825,986252
436,1790245785,2136214,1909023
4012,1790246006,2071214,2178076
645,1790246415,2179988,0
7441,1790246425,231570,2182276
3565,1790246772,278359,0
8754,1790247161,2134962,0
7011,1790247202,2182227,1203157
8955,1790247417,835134,0
4547,1790248536,1980096,0
4178,1790248899,20451,2180090
9960,1790249268,2031095,0
6691,1790249785,216871,0
3767,1790249847,2127978,0
8844,1790250689,2139741,2176594
9086,1790250972,141108,0
726,1790251241,1156788,1367441
7766,1790251559,1348773,0
1372,1790251613,2102310,0
1583,1790251684,2174102,0
2293,1790251794,2171938,0
2357,1790252088,1137765,0
6229,1790252340,2171938,0
3167,1790252377,2171938,0
4681,1790252919,1980096,0
6161,1790252936,1736828,2184155
8588,1790253146,2088720,0
5375,1790253330,684733,495300
5375,1790253330,684733,684733
3976,1790254751,2127978,0
6674,1790255118,2088603,0
2569,1790255340,2025956,2174772
1995,1790255478,1721928,0
6375,1790255490,2142222,0
5157,1790255520,1390210,1419758
4946,1790256215,23632,0
7099,1790256532,2466,2184250
3369,1790257285,2183642,0
5038,1790257507,2027527,0
5192,1790257709,1961693,0
902,1790257921,1989499,2109083
7205,1790258260,2082469,0
723,1790258655,1317137,1321682
3539,1790258705,1951772,0
8261,1790258781,2009293,2130025
6509,1790258819,164,0
3839,1790259362,789512,2179524
3444,1790259809,908754,0
7711,1790260799,1566793,0
4687,1790260990,542783,2183639
1537,1790261265,2122743,0
7594,1790261349,2176997,0
3152,1790261535,278359,0
4730,1790261807,372729,0
3143,1790262635,784340,1979816
77,1790263562,2131544,2088545
4490,1790264069,1980096,0
8536,1790264967,2054225,2183650
7706,1790265111,2181972,0
5498,1790265115,2027527,0
2500,1790265258,2181774,0
965,1790265275,2112530,0
980,1790265536,1672154,0
2271,1790265640,2017869,2138682
247,1790265643,1608799,0
2569,1790266154,35585,2025956
1354,1790266388,1651308,0
2271,1790266687,2017869,2017869
2271,1790266687,2017869,2017869
2993,1790267252,2080309,0
2369,1790267810,2127978,0
1005,1790267874,1271321,1985825
1414,1790268047,2181431,0
1230,1790269271,2126523,0
5531,1790269333,2027527,0
3010,1790269928,866900,0
1063,1790270119,2049063,2115128
6350,1790271884,80335,0
4289,1790273401,2183483,2132944
7031,1790275103,2073946,0
4809,1790275308,433392,0
6454,1790275323,1810435,0
2724,1790275509,1598893,0
1503,1790275638,1766388,0
8087,1790275654,2112353,0
6954,1790275741,1740954,0
3004,1790275848,2122773,0
8329,1790275971,2177858,0
6292,1790276536,2142222,0
2298,1790276714,1946447,0
3868,1790276817,2071214,0
2569,1790277496,1682674,35585
8805,1790277654,2067012,0
3514,1790277831,2176735,0
3643,1790278087,2174905,2183288
2569,1790278092,35585,1682674
1628,1790278143,1951772,0
7473,1790278834,817959,0
9309,1790278875,2067012,0
3230,1790279414,835134,0
4359,1790279962,1905015,1466469
8766,1790280117,804111,2184386
2432,1790280130,2184213,0
5191,1790280234,1317137,0
1463,1790280534,278359,0
10284,1790280790,403419,0
3858,1790280917,2179394,0
4883,1790280990,1553266,0
1808,1790282671,1231327,0
5236,1790282687,23632,0
4063,1790283387,2084332,1573548
5096,1790283626,2084332,0
8078,1790283930,2184285,0
633,1790283999,1672154,0
7957,1790284235,912249,0
1141,1790284503,2124483,2121004
4837,1790284524,1344786,0
5410,1790284754,2094332,0
3557,1790285254,2184324,0
7576,1790285745,2180626,2181225
382,1790285919,1783692,933357
1147,1790286174,1169034,0
415,1790286452,2183448,1724130
4111,1790286770,912352,0
8192,1790286964,2137541,0
6824,1790287052,164,0
2210,1790287294,2180626,0
132,1790287753,278359,0
806,1790287825,2179394,0
5497,1790288270,1556649,0
5445,1790288460,2142901,0
6769,1790288466,2142901,0
572,1790288609,278359,0
3742,1790289074,1598893,0
6947,1790289358,2181708,0
3574,1790290705,2145649,0
3283,1790290991,1994814,0
1585,1790291028,2140502,2181025
4735,1790291246,2101846,0
4091,1790291330,2023202,0
6492,1790291793,2084332,0
1144,1790291895,28243,0
418,1790292503,2027527,1748648
8261,1790293271,2126990,2009293
865,1790295112,2051496,0
1907,1790295181,2171938,0
5011,1790295246,2027527,0
6380,1790295742,2082469,0
5032,1790296308,2136214,38188
5643,1790296489,1390210,0
8129,1790296675,2062192,1970276
6334,1790296831,1515545,0
5116,1790297216,1683698,0
1059,1790297620,2062192,0
561,1790298317,1580481,2182121
561,1790298318,1580481,1580481
3708,1790298328,2023202,0
6063,1790298797,2142901,0
4466,1790299183,2179029,0
6546,1790299225,2082469,0
1431,1790299472,747111,0
7620,1790300114,1999464,0
1553,1790301464,2124912,0
1874,1790301525,1961278,2183283
3880,1790302318,2131544,0
3382,1790302395,1806454,0
6186,1790303133,222751,795080
8542,1790303379,2134563,2183233
3294,1790304682,278359,0
4233,1790305756,1594692,0
6984,1790305937,948,0
4079,1790306178,1786798,0
6492,1790306705,2142901,2084332
1033,1790306991,2021767,2170896
439,1790307283,862456,1979860
4503,1790307414,1594692,0
2721,1790307726,1651308,0
2760,1790309526,2094332,0
3504,1790309661,1078293,0
3025,1790310414,2122744,0
5437,1790311267,2142901,0
4664,1790312109,2027527,1679961
177,1790312410,2182257,2182287
5770,1790313305,1905015,1961693
8240,1790313955,2182357,2132867
6527,1790314217,2133408,2173649
8338,1790314330,1174348,0
4511,1790315232,2031095,0
10541,1790315357,156,0
7606,1790315606,2142901,0
8344,1790315761,2124706,2184352
1522,1790315967,486339,0
4437,1790316519,183045,255924
4416,1790317456,1573465,0
6347,1790317526,219369,216871
6313,1790317624,219369,216871
1773,1790317701,2025956,2178811
6094,1790317827,219369,2184165
6316,1790317829,219369,2184165
4957,1790318365,862456,0
4299,1790319313,2181891,2139654
6480,1790319516,2184204,0
6389,1790319709,2172056,2184171
6059,1790319853,2101178,0
5439,1790319881,2027527,0
1241,1790321781,1580481,2131314
9404,1790321799,2126990,2184434
4357,1790322914,1997833,0
7410,1790323633,2116596,0
8015,1790323637,1736828,2130685
844,1790323787,1747712,0
1789,1790323812,1609139,2121243
5853,1790323915,23632,0
1028,1790324021,2179394,0
6250,1790324735,1833730,0
6005,1790325076,860318,783798
3692,1790325446,1810435,0
7165,1790325779,2184243,2047362
3321,1790325936,1951772,2178811
8878,1790326144,1666646,0
8878,1790326144,1666646,1666646
7702,1790326739,1999464,0
8132,1790327253,2137541,2115
3544,1790328501,2136006,2138682
3997,1790328749,2171983,2174195
3453,1790329004,2181676,2181245
6540,1790329043,1233516,0
6268,1790329372,1947566,0
7141,1790329685,2177554,0
5654,1790329839,2021767,0
525,1790330415,2051496,0
7007,1790331466,2042685,1564223
10585,1790331492,1317137,0
4256,1790331562,2179394,0
6835,1790331591,2129228,2184221
1366,1790332298,913250,0
6496,1790332435,2174163,2184186
4342,1790333148,1747072,0
7159,1790333554,2082469,0
1493,1790333739,2177144,0
739,1790334499,2124483,0
2647,1790336713,2132828,2143028
6610,1790336995,2142222,0
2497,1790337562,2175860,1849709
5496,1790338329,1075536,0
5998,1790338698,2021767,0
3158,1790338706,2174772,2174202
9264,1790338748,537507,2100524
4146,1790338981,2179394,0
5776,1790339203,1989499,0
3796,1790339254,20451,0
7741,1790340001,2060287,2179322
2265,1790340808,2145649,0
7382,1790341427,13583,0
1998,1790341623,2126523,0
3140,1790341795,684733,0
4309,1790342035,2134563,0
706,1790342064,15527,0
6881,1790342301,1666646,0
1353,1790342774,1958874,0
4647,1790343403,1875804,2055885
8270,1790343858,572504,0
2104,1790343937,240304,786529
2005,1790343967,2127978,0
2005,1790343967,2127978,2127978
685,1790344549,2181298,0
685,1790344549,2181298,2181298
3162,1790345015,1598893,0
2949,1790345081,2121243,2129923
815,1790345107,2119519,2137132
508,1790345134,866900,0
2285,1790345712,35585,1469003
92,1790345753,1672154,0
41,1790345888,684733,0
8878,1790346617,1783178,1666646
6462,1790346626,20451,0
6124,1790346892,2172056,0
6648,1790347157,164,0
1586,1790348324,1629978,0
6911,1790348547,20451,0
5549,1790348561,2175174,0
1981,1790348799,2095097,0
6943,1790348971,2088603,0
6214,1790349254,2121850,2133335
759,1790349331,2078276,1970463
7158,1790349397,1024499,0
3924,1790350085,2179394,0
6898,1790350352,2142901,0
6898,1790350352,2142901,2142901
6898,1790350477,2184204,2142901
2054,1790350897,2062192,0
3909,1790351709,2183483,2132944
3139,1790351897,2025956,0
4789,1790352715,1947487,0
810,1790353104,1820940,0
10292,1790353709,1317137,0
3644,1790353807,1961278,0
5444,1790354057,2027527,0
3252,1790354470,1672154,0
553,1790355949,2181476,1994337
1696,1790356040,2131544,0
1340,1790356472,2182287,0
2679,1790356951,2183281,0
2236,1790356953,1271321,0
2299,1790357030,2181542,0
6191,1790357234,2083091,0
6191,1790357234,2083091,2083091
6041,1790357580,741002,1047744
69,1790357653,2051496,0
2512,1790357807,888810,0
1358,1790357936,2130145,0
7560,1790358121,2183481,1478392
5987,1790358265,1390210,0
6614,1790358397,1247466,2133685
6430,1790358598,2021767,0
6553,1790359022,222751,795080
4221,1790359047,2179394,0
6702,1790359266,2142901,0
594,1790359966,2174772,0
5860,1790360069,2466,0
7107,1790360269,2142901,0
6465,1790360284,2142901,0
8896,1790360335,2177858,0
8110,1790360400,1390210,11758
318,1790360477,1488,0
784,1790360629,2172838,0
7287,1790361264,2142901,0
3286,1790361536,1682674,2178148
1099,1790361579,2087974,0
8114,1790361796,2183491,0
5730,1790361940,2021767,0
6831,1790362350,2082469,0
368,1790362437,80335,644
1709,1790362687,888810,0
2980,1790362844,1608799,0
3477,1790363860,486339,0
8655,1790364205,1961501,0
6586,1790365143,1905015,0
3452,1790365198,2176880,0
5713,1790365638,1786798,0
3063,1790365639,1912482,2143028
3759,1790365808,2129194,0
5808,1790365944,2142901,0
8503,1790366297,1233516,0
241,1790367047,2179394,0
241,1790367047,2179394,2179394
3977,1790367429,1148395,2177328
4195,1790367744,1997833,0
3788,1790368451,1747072,0
7398,1790368746,1731373,0
6555,1790369619,1941136,0
2736,1790369722,912352,2088438
3156,1790369800,2119635,2174195
3169,1790370252,542783,2182287
51,1790370283,2073585,0
15,1790371566,1124356,0
6602,1790371631,2084332,0
1710,1790372088,1342035,1943417
4339,1790372579,1173630,2132944
1345,1790372667,2102310,0
4482,1790373394,267903,0
10443,1790373639,2123065,0
10443,1790373639,2123065,2123065
3873,1790373836,862456,0
3445,1790374773,1342035,1943417
1284,1790375177,2124889,0
552,1790375239,1814340,0
8579,1790375308,912249,0
7580,1790375358,2183546,0
2696,1790376327,2127978,0
5422,1790376764,2014236,0
4853,1790376769,1907385,0
7186,1790377221,2184237,0
2439,1790377551,925391,0
3726,1790377700,2070095,0
204,1790378096,1684263,1639534
5666,1790379150,2021767,0
7625,1790379168,1344786,0
4480,1790380111,1546340,2076908
2408,1790380118,2140502,0
7939,1790380234,2184343,0
2820,1790380386,1672154,0
2333,1790380796,741002,184307
5315,1790380839,2027527,0
5354,1790381071,2027527,0
5354,1790381072,2027527,2027527
1403,1790381398,1898371,2017869
1403,1790381398,1898371,1898371
1645,1790381489,1745999,0
3901,1790381941,1747072,0
5995,1790382013,1989499,0
3300,1790382257,2073585,0
929,1790382517,2025956,0
7117,1790382681,2082469,0
7348,1790382762,1731373,0
8047,1790383260,1472448,0
53,1790383588,2102310,0
3213,1790385356,684733,0
6854,1790385563,301920,0
5920,1790386486,2002238,0
3314,1790386546,217192,0
7427,1790386570,31891,0
9079,1790386572,2126990,0
5458,1790386808,2142901,0
3615,1790387036,2181298,2182959
5821,1790387606,219369,0
2695,1790388017,1586763,2077500
3746,1790388185,2132828,2176348
7859,1790388351,1344786,0
2287,1790388605,2182287,0
3877,1790388929,2092609,1424787
6355,1790389187,2184207,0
2129,1790389353,2058795,0
4779,1790389408,2103338,0
5458,1790390378,2084332,2142901
412,1790390402,302869,1638669
8117,1790390637,2112353,0
1755,1790391130,278359,0
425,1790391149,278359,0
3905,1790391449,1947487,0
10330,1790391747,1863997,0
8236,1790391985,2060287,2183638
2822,1790392063,2181101,2168803
4165,1790392375,2094332,0
3564,1790392679,2182257,2182287
2675,1790392790,2112801,2183545
4888,1790393143,164,0
4011,1790394343,1947487,0
2722,1790394666,554260,0
6150,1790394894,2101531,0
7941,1790394927,2181789,2138001
7443,1790395143,2182145,2017869
999,1790395251,2145649,0
7468,1790396049,2133408,1740644
5950,1790397026,2177105,0
621,1790397123,1766388,0
7072,1790397269,537507,795080
7307,1790397280,2090745,0
2454,1790397862,2183491,2168803
6019,1790398269,2121850,2133335
1022,1790398509,784340,2113353
3396,1790398802,1994814,2168803
3098,1790398802,254189,2168803
7072,1790399169,2174163,537507
7072,1790399171,2174163,2174163
7072,1790399171,2174163,2174163
4002,1790399433,2184213,0
7072,1790400196,1783178,2174163
7753,1790400202,1600033,0
3479,1790400255,1810435,0
7548,1790400393,1731373,0
5700,1790400429,2172056,2184171
36,1790400489,2131544,0
4026,1790400859,835134,0
4686,1790401198,219369,0
517,1790401221,992825,1671571
696,1790402850,2112530,2112530
7072,1790402985,1715991,1783178
4134,1790403153,2071214,0
729,1790403227,278359,0
4505,1790403686,2031095,0
696,1790403764,1983197,2112530
384,1790403970,1783692,1097072
5458,1790404860,2142901,2084332
7408,1790405362,1784555,2177761
7408,1790405362,1784555,1784555
8645,1790405950,1999464,2184373
6403,1790406422,2134283,0
3241,1790406921,2182287,0
3053,1790407012,2136699,2112530
5559,1790407031,2090745,0
4283,1790407215,141108,1671571
4666,1790408160,2088720,1671571
1917,1790408265,1586763,0
8761,1790409217,945125,0
2612,1790409465,1898371,2017869
5152,1790409550,1796437,2178811
1387,1790410269,800543,2017869
8322,1790410551,164,0
4054,1790411072,2174905,2136658
4639,1790411619,1657363,1671571
5265,1790411664,2090745,1671571
4247,1790412056,141108,1671571
3758,1790412498,835134,0
1324,1790413211,24249,0
4137,1790413276,219369,0
4015,1790414132,1469587,219202
5174,1790414439,219369,0
5174,1790414439,219369,219369
5144,1790414866,219369,0
3520,1790415049,1878083,0
3612,1790415312,1187462,2182957
9209,1790415412,2067012,0
9209,1790415413,2067012,2067012
6617,1790415685,741002,0
6617,1790415685,741002,741002
4404,1790415809,1734443,1671571
4999,1790415813,1734443,1671571
10327,1790416016,1233516,0
5085,1790416255,2090745,1671571
9361,1790416274,2067012,0
6978,1790416477,2028057,2184237
7280,1790417298,20451,0
8017,1790417397,2082469,0
10559,1790417720,2133518,0
3909,1790418021,1994814,2183483
2042,1790418901,1982781,2017869
8260,1790418923,1174348,0
4501,1790418923,2023202,0
9782,1790419385,23632,2184479
6701,1790420013,1993222,0
3872,1790421074,1963398,1671571
2289,1790421426,1672154,0
2402,1790421621,2119519,0
1513,1790421655,2137188,0
4306,1790422418,141108,0
4306,1790422420,141108,141108
7510,1790422757,2183481,2184286
875,1790422793,1124356,0
1098,1790423181,835134,0
2957,1790423309,2122773,2182957
1547,1790423618,1706235,2055445
4366,1790424592,2032066,1671571
23,1790426025,2125437,0
973,1790426188,2174772,0
442,1790426838,1571842,1980085
8610,1790427256,1233516,0
8185,1790429471,2142222,0
2024,1790429534,925391,0
6896,1790429590,2021767,0
6632,1790429657,2021767,0
1910,1790429835,2122743,0
4046,1790429940,20451,0
3276,1790430380,1595726,0
5208,1790430890,2090745,0
4102,1790431614,432074,0
1126,1790432537,1820940,0
6712,1790433147,2184215,0
4298,1790433207,934653,0
406,1790433541,2174102,2017869
8456,1790434086,5515,0
2918,1790434427,2181542,0
1957,1790435329,1174348,1671571
2730,1790435653,2145649,0
316,1790435929,2182145,2017869
3972,1790436931,2071214,0
3482,1790437051,1747072,0
1609,1790437065,1553266,2181217
557,1790437197,2110662,0
996,1790437303,1271321,1552275
996,1790437303,1271321,1271321
5680,1790437918,2142901,0
4015,1790438401,2142901,1469587
2479,1790438696,835134,0
205,1790439694,2183455,0
2687,1790440259,1485683,2136708
6834,1790440407,1941136,0
4699,1790440630,1173630,316717
5254,1790441297,2090745,0
3721,1790442088,1259861,0
3078,1790442208,23632,0
3148,1790442439,1586763,0
4613,1790443261,1657363,1671571
3526,1790443287,2179394,0
1748,1790443841,2177696,2088292
3117,1790443935,577826,0
1876,1790445072,2181476,0
920,1790445220,2182357,0
5302,1790445659,2090745,0
5302,1790445660,2090745,2090745
5613,1790445906,2090745,0
8088,1790446979,1961501,0
433,1790447561,2137188,1894149
7484,1790447590,1905015,0
1106,1790447961,2145573,0
2528,1790448028,1231327,0
8420,1790448295,2062192,0
7877,1790448744,1955107,0
7344,1790448899,2090745,0
6707,1790449117,1247466,0
1805,1790450620,2177696,0
4061,1790450807,835134,0
7845,1790450826,1348773,0
5267,1790450908,1796437,2178811
1531,1790451197,331657,0
610,1790451878,2181298,0
3459,1790451901,2176997,2178811
1231,1790452204,2125437,0
3141,1790452250,1979816,2173766
1865,1790452365,1980096,0
1677,1790452703,301920,0
709,1790453237,1317137,883040
3015,1790454342,1747712,0
1029,1790454942,2145649,0
4367,1790455213,1947487,0
234,1790455480,1598893,0
2969,1790455898,2095097,0
4097,1790455984,1947487,0
3948,1790456134,835134,0
1520,1790456307,684733,1555525
3397,1790456357,1682674,0
1759,1790456435,2182034,0
807,1790456610,266664,0
3454,1790457200,888810,0
2385,1790457753,2179394,0
6988,1790458910,1723176,2092734
2180,1790459013,2080309,91387
6894,1790459500,2184187,0
2063,1790459571,2112801,2181025
6296,1790459641,2124191,0
4336,1790459700,2088603,0
6265,1790460151,2021767,0
3830,1790460350,2094332,0
3129,1790460846,20451,0
5488,1790460923,1580481,795080
6475,1790461098,231570,0
2946,1790461232,2145573,0
6206,1790461240,2184324,2176348
9695,1790461448,23632,2184479
2424,1790461593,1587053,0
6211,1790461741,789512,0
608,1790461976,1344475,0
3122,1790462392,2174198,2173210
7048,1790462830,20451,0
5611,1790462963,2142222,0
6988,1790463262,1723176,1723176
3349,1790463288,1629978,183902
4848,1790463429,80863,0
5723,1790466045,2090745,0
5662,1790466768,1390210,0
2456,1790466946,2180626,0
4047,1790467407,1912482,219202
66,1790467411,2183957,0
9950,1790467697,2137541,0
113,1790467977,1911553,2177807
1511,1790468339,1982781,2017869
708,1790468478,2124889,2017869
1416,1790468625,1546340,0
2686,1790468984,2125437,0
2147,1790470394,542783,0
10350,1790470766,967045,0
2115,1790471176,2182287,0
4741,1790473224,2027527,0
3102,1790473498,907588,2171434
8676,1790473681,1233516,0
939,1790474460,572281,2183955
513,1790475651,2182287,0
8016,1790475736,1922589,0
6719,1790475767,2014236,975086
145,1790476904,2182357,0
6777,1790476930,2090745,0
7302,1790477126,948,975086
4977,1790478394,1989499,0
8749,1790479136,2028057,1398254
6354,1790479519,2177144,0
4539,1790479705,2171938,0
6221,1790480084,2101178,0
7247,1790480458,486339,0
7247,1790480458,486339,486339
6630,1790481530,2129228,2184221
7322,1790481607,20451,0
5630,1790482316,2027527,0
1631,1790482321,1485683,2136708
1521,1790482966,542783,0
184,1790483392,2095097,0
5840,1790483755,2142901,0
5257,1790483826,2090745,0
7970,1790483855,1772681,0
854,1790484439,2182357,0
7757,1790485760,1233516,0
2177,1790485809,1963398,1021247
3377,1790485956,1745999,0
4585,1790487981,2002238,156480
4721,1790488422,2031095,0
4213,1790488579,254189,2180547
2430,1790488726,2182145,1706235
1216,1790489859,1543507,0
6790,1790490480,3638,2139716
6379,1790490593,1627158,8815
9710,1790490878,1233516,0
2019,1790491758,2087974,0
6031,1790491919,2090745,0
7007,1790492739,222751,2042685
3080,1790493165,2080309,91387
3856,1790493678,1947487,0
1258,1790493821,2182257,2182287
1159,1790495398,1745999,0
5634,1790495669,2142901,0
10538,1790496257,1317137,0
5696,1790496955,1556649,0
5325,1790497315,1941136,0
1079,1790498121,2102310,0
1753,1790498313,888810,0
833,1790498358,2076485,0
2568,1790498868,2132828,2178467
7664,1790499747,2184280,0
232,1790499827,1684263,0
5682,1790501716,2177105,1919083
181,1790501929,1878083,0
991,1790502206,1608799,0
5931,1790502711,1745999,0
7208,1790502905,2183491,0
4463,1790503177,934653,0
7609,1790503404,1696634,1951415
3495,1790504471,1595726,1563523
7704,1790504536,1683698,1043323
4794,1790505443,1546340,1416762
831,1790505882,2102310,0
761,1790506238,2183455,0
3994,1790506447,862456,0
6361,1790507991,23046,0
6475,1790508289,286637,231570
3656,1790508559,1989499,0
5502,1790509390,2090745,0
6505,1790509505,2090745,0
4353,1790510387,2031095,0
5259,1790510505,2177105,0
10817,1790510811,2183126,0
1941,1790510888,2124889,2017869
9802,1790511631,403419,0
4517,1790511980,1148395,316717
3196,1790512314,1652831,0
9172,1790512494,2184378,0
2088,1790513036,2184213,0
7147,1790513052,2084332,656147
417,1790513220,1745999,0
4028,1790513401,1586763,2077500
7930,1790514021,2097174,0
8132,1790514339,2176673,2137541
9761,1790514532,23632,2184479
3888,1790514884,2088603,0
2281,1790515574,2095097,0
2281,1790515574,2095097,2095097
10126,1790515631,2067012,0
7986,1790516350,2009293,1592933
611,1790516636,1485683,2136708
611,1790516638,1485683,1485683
4928,1790516716,1786798,0
5041,1790516834,219369,0
4131,1790517812,1546340,0
825,1790518226,1488,0
2965,1790518595,1598893,0
1707,1790518973,2095032,0
5229,1790519197,219369,0
9123,1790520507,2180297,0
1665,1790521074,860318,0
419,1790521558,2062192,0
8907,1790521895,2124706,2184396
2835,1790521986,1745999,0
2835,1790522007,987383,1745999
10046,1790522183,2183126,0
2652,1790523080,1736828,0
1900,1790524093,2093156,0
2184,1790524281,891173,2183545
5457,1790525046,2005788,0
7897,1790525865,1772681,0
4446,1790526352,1546340,1563523
1321,1790526423,2123065,0
5659,1790526703,2090745,0
7697,1790526878,1714244,0
7697,1790526890,1714244,1714244
10124,1790527138,2181789,0
10124,1790527151,2181789,2181789
5233,1790527560,1947487,0
7071,1790527832,301920,0
4907,1790528207,934653,0
9721,1790528376,2134775,2129523
4021,1790528392,835134,0
2977,1790528601,1796437,2124912
6524,1790528725,1627158,1611365
1719,1790528885,486339,0
402,1790530786,1344786,1611699
8381,1790530831,1707975,5515
4185,1790530962,1786798,0
10078,1790531153,23632,2184479
181,1790531535,2175860,1878083
2185,1790531630,1783692,0
6024,1790532000,2028057,819429
2977,1790532322,2121243,1796437
8729,1790532370,1922589,0
9036,1790532436,2067012,0
3435,1790532618,1166358,201700
10678,1790533332,28243,0
9021,1790533341,1233516,0
3542,1790533462,2183804,0
5519,1790533985,219369,0
9984,1790534029,2067012,0
9704,1790534198,1894074,0
2399,1790534481,2181542,0
7985,1790535000,1731373,0
1794,1790535253,2142222,0
1570,1790535305,1993578,0
7673,1790535575,2082469,0
801,1790536162,2183455,0
4110,1790536537,141108,0
1486,1790536928,1571842,0
4763,1790538272,2027527,0
1929,1790538332,1745999,2056370
7389,1790538431,480392,0
5657,1790538889,1941136,0
2628,1790539050,1911553,0
7692,1790539166,1999464,0
6487,1790539747,2084332,656147
4201,1790539945,372729,2180538
5805,1790540341,2142901,0
4346,1790541821,2088603,0
2617,1790541960,1323047,0
1762,1790541995,1571842,0
2042,1790542421,2129677,1982781
551,1790542498,2112801,2183545
1638,1790542623,2181431,2142246
758,1790542759,1684263,0
1511,1790542870,2181891,1982781
5067,1790543290,11565,0
1716,1790543688,2124483,2183545
6589,1790543697,20451,0
4685,1790543836,2134563,1233703
4330,1790544530,1546340,0
4188,1790545122,1947487,2180535
3463,1790547197,2179394,0
4575,1790547235,11565,0
5083,1790548175,1666646,0
932,1790548241,1814340,0
3074,1790548860,2175174,2088438
10425,1790549072,2032066,0
6245,1790549128,1657363,0
3226,1790549511,2095097,0
1102,1790549878,1945137,0
3792,1790550256,1783692,0
2338,1790550358,2142901,1563523
6998,1790550426,1130513,2065966
3998,1790550586,2119635,2110351
6339,1790550629,2124191,0
196,1790551121,2177144,1982781
10731,1790551145,2133518,0
9434,1790551177,1317137,0
1675,1790551607,684733,0
1946,1790551941,2178811,0
9913,1790552164,2067012,0
9913,1790552173,2067012,2067012
2701,1790552573,1833730,2080999
5701,1790552633,2142538,697480
8376,1790552656,1731373,0
2407,1790552736,1459338,0
6578,1790552769,2090745,0
9516,1790553617,23632,2184479
5355,1790554160,1736828,0
8867,1790555072,2134775,0
3588,1790555241,1187462,0
1658,1790555315,2122743,0
5211,1790556239,2002238,0
3287,1790556677,1745999,0
7047,1790557171,2116934,0
4058,1790558692,2182260,2182274
1306,1790558776,2122773,930
2977,1790559265,1796437,2121243
286,1790559355,1598893,0
3807,1790559374,1546340,0
4753,1790559583,1546340,0
7653,1790560300,2181768,0
541,1790560654,1945137,0
2977,1790560974,1875804,1796437
8525,1790561038,1174348,0
9495,1790561106,2081500,0
4682,1790561301,2091224,2183051
7905,1790562118,1233516,0
9790,1790563282,2032066,0
7860,1790563360,2124934,2065395
4619,1790563397,1156788,779531
923,1790563466,2174102,2017869
8945,1790563809,2181104,0
6327,1790564308,2084332,656147
2609,1790565132,1174348,2013229
5877,1790565330,2088089,2184119
2680,1790565371,2102310,0
431,1790565410,2059063,1843102
4423,1790566293,2177759,0
5879,1790566459,2142901,0
975,1790567230,1587053,9148
8144,1790567745,741002,0
8144,1790567745,741002,741002
8144,1790567745,741002,741002
8144,1790567745,741002,741002
4646,1790567811,2171938,0
894,1790567817,542783,0
6262,1790567888,1629978,0
7012,1790567928,2144281,2183428
9533,1790568104,2134775,0
9533,1790568116,2134775,2134775
3411,1790568832,1543507,0
1375,1790569959,1745999,0
3524,1790570324,2180626,0
8144,1790570724,572504,741002
7856,1790570959,1731373,0
2050,1790571267,2095097,0
4118,1790571720,813,0
3444,1790572045,2132828,908754
2849,1790572825,1535952,2121004
4278,1790572901,2031095,0
3916,1790574350,1721928,0
1547,1790574395,2174163,1706235
1930,1790575182,1945137,31459
5385,1790575314,1736828,0
1357,1790575400,1271321,0
1962,1790575728,266664,0
10299,1790576579,1515545,0
6922,1790577706,1696634,1951415
4019,1790578563,2182261,2182274
1309,1790579101,1958874,2182357
389,1790579214,888810,0
435,1790579545,1745999,0
624,1790579879,1571842,0
1464,1790579914,1793379,0
3303,1790580018,2182145,1982781
1263,1790580459,1580481,2182357
1210,1790581901,2023202,1982781
1474,1790582170,2181708,0
460,1790582277,2182034,0
9705,1790582397,23632,2184479
4337,1790583097,1993222,2121243
1684,1790583501,888810,0
1684,1790583501,888810,888810
4871,1790584228,1716245,0
1087,1790584293,572281,0
9792,1790584720,537507,1665557
9237,1790585202,2057827,0
3642,1790585358,2177696,0
4210,1790586102,2071214,2180536
4979,1790586330,934653,0
7309,1790586453,1247466,0
1362,1790587280,266664,0
7403,1790587437,20451,0
1168,1790587696,913250,0
7962,1790588766,2184210,0
3696,1790589040,1488,0
3696,1790589040,1488,1488
3980,1790589422,1595726,0
2796,1790589870,1820949,0
2703,1790590319,1587053,0
9092,1790590324,164,0
1426,1790591411,1793379,0
8508,1790592123,2124706,2178077
6435,1790592246,2082469,0
7735,1790592503,1731373,0
2771,1790592620,35585,0
487,1790592644,2123065,0
4257,1790593096,1783692,0
5503,1790593464,2183491,2121468
6363,1790594242,2023202,2172056
6869,1790594894,1941136,0
5503,1790594931,2121468,2183491
9100,1790594949,23632,2184479
1731,1790595592,1124356,0
83,1790595626,1994814,0
6890,1790596408,2116934,0
5373,1790597180,1736828,0
10535,1790597335,2181217,0
2937,1790597678,1961278,0
3361,1790598650,2129677,0
10086,1790598932,2032066,0
984,1790598970,1571842,0
4523,1790599248,1156788,779531
6439,1790599356,222751,2101178
8813,1790600105,2134962,0
10357,1790600188,1786798,0
6228,1790600927,2084332,656147
451,1790600946,1651308,2175357
7873,1790601592,912249,0
3843,1790601682,1783692,0
4984,1790601860,2174163,1706235
1547,1790602190,1471280,2174163
1547,1790602190,1471280,1471280
4349,1790603220,1546340,0
4300,1790603243,1546340,0
10596,1790604774,967045,0
2977,1790605260,1796437,1875804
2657,1790606364,1793379,0
3832,1790606385,1666646,0
9016,1790607645,1233516,0
8066,1790608038,2184378,0
8066,1790608038,2184378,2184378
1845,1790608384,2181891,1327372
6917,1790608960,1955107,0
5515,1790609061,1390210,0
5463,1790609096,2021767,0
3506,1790609162,2129677,0
4678,1790609339,1716245,0
3508,1790609403,16,2182006
4626,1790609409,2059063,944051
2977,1790609701,2121243,1796437
9186,1790610230,1233516,0
10891,1790611099,2058795,0
9010,1790611242,2112801,2079605
4586,1790611802,1783692,0
721,1790612288,2123065,0
3245,1790613235,684733,0
293,1790614039,1966979,0
1040,1790614742,2132828,0
8141,1790614829,1370083,2042685
326,1790614871,1571842,0
4261,1790615599,2124934,0
961,1790615609,35585,0
8464,1790615803,202854,0
7858,1790615950,13583,0
4933,1790616465,1716245,0
9060,1790616652,23632,2184479
2313,1790616730,2095097,0
3023,1790616903,1587053,0
3794,1790617396,1783692,0
6,1790617643,1793379,0
5175,1790618067,1666646,0
8998,1790619692,2134775,0
3328,1790619910,2172838,0
2085,1790620593,784340,0
1887,1790620654,2181431,0
2225,1790620895,2125437,0
7119,1790621280,1041417,0
8529,1790621819,1571842,2098395
8957,1790621834,2137541,2182356
2599,1790621917,2095097,0
5383,1790622249,2177144,0
3817,1790622651,1783692,0
3235,1790623115,1587053,0
4797,1790623192,2140134,0
3383,1790623502,2136214,0
2199,1790624642,2102310,0
108,1790625205,1586763,184307
6242,1790625601,2122184,2101178
6389,1790625960,2014236,2172056
252,1790625967,2137188,1652831
10712,1790626340,1863997,0
8946,1790626449,590756,2180095
3328,1790626949,2172838,2172838
4373,1790626965,1783692,0
360,1790627218,1820949,0
518,1790627270,684733,0
7616,1790627562,2144281,1937293
7436,1790628126,1731373,0
623,1790628374,2123065,0
5154,1790628469,1989499,0
6564,1790628928,2466,0
9249,1790629151,2184150,0
7163,1790629446,2176673,2184259
3913,1790630473,2171983,1592344
8793,1790630616,2133516,0
4109,1790630897,2136006,2179795
8567,1790631002,2133408,590756
5878,1790631188,2184203,0
10716,1790631283,2090921,0
2580,1790631910,1793379,0
1668,1790632083,2076485,0
3026,1790632373,1587053,0
5491,1790633012,1390210,0
4754,1790633753,2038416,2056370
5632,1790633894,1657363,0
618,1790634277,2113497,182449
1849,1790635350,2181708,0
2549,1790635449,741002,2121004
2396,1790635695,1793379,0
9226,1790636128,1751869,0
6962,1790636451,2183448,0
5557,1790637562,2027527,0
1926,1790637770,2137298,24249
8741,1790638072,2132867,0
6168,1790638123,2116934,0
5968,1790638291,2142901,0
2939,1790638696,1548649,0
1045,1790638855,1488,0
4679,1790639667,1783692,0
1861,1790640280,1571842,0
675,1790640629,1406307,0
6734,1790640646,2090745,0
7509,1790641772,1344786,0
7896,1790641776,804111,945659
4275,1790641928,999986,0
3763,1790642499,862456,0
585,1790642678,1994814,0
5964,1790642831,2117545,0
5526,1790642914,2027527,0
2256,1790644008,2021767,1369805
4766,1790645028,2059063,0
4198,1790645626,1594692,184307
4570,1790645908,1993222,1875804
8383,1790646290,1784555,0
1784,1790646506,2122744,2145359
2720,1790647141,1961278,0
3551,1790648376,2038416,0
4949,1790648790,1833730,2080999
8574,1790648867,2181789,0
4658,1790649233,2128799,0
6070,1790649703,1657363,0
2757,1790650310,2121243,0
5902,1790651713,2121007,2124191
7676,1790651842,1879611,0
6124,1790652486,2121850,2172056
4800,1790652731,2128799,0
5940,1790652889,1941136,0
6980,1790652939,1216380,0
5014,1790653031,1390210,0
2994,1790653177,219369,2178467
2632,1790654352,800543,2038416
6218,1790654556,2127679,1403742
7909,1790654618,2144281,2054684
6606,1790654677,2127679,1403742
2233,1790654721,2023202,0
6628,1790654922,2084332,2116596
4513,1790655563,2005788,0
3573,1790655727,1595726,0
69,1790655861,1734443,2051496
8812,1790656079,945125,0
143,1790656101,1571842,0
2329,1790656291,1945137,0
2194,1790657206,987723,0
8816,1790657410,1707975,2184255
6628,1790657604,2067012,2084332
6628,1790657604,2067012,2067012
6628,1790657604,2067012,2067012
6628,1790657604,2067012,2067012
7574,1790657680,1731373,0
6346,1790657915,888810,0
9160,1790658814,537507,0
2006,1790659042,925391,1983197
5165,1790659802,164,0
1100,1790660002,2025956,2051496
3579,1790660291,2124934,2182398
6628,1790660601,2084332,2067012
1664,1790660782,891173,2180651
6628,1790660887,2084332,2084332
6002,1790661210,1845090,0
525,1790661698,1247466,2051496
2740,1790662148,1745999,0
6796,1790662891,1024499,0
10177,1790663300,1169034,0
2584,1790663603,2087974,2051496
9048,1790664732,1922589,0
4739,1790664738,1546340,0
8141,1790665542,222751,1370083
8141,1790665542,222751,222751
1352,1790666885,2176997,2051496
4095,1790667263,1947487,0
6993,1790668230,2183448,0
865,1790668291,1684263,2051496
4537,1790668741,1783692,0
6775,1790668991,1752476,0
3103,1790669513,2117706,2051496
6818,1790670402,1041417,0
7068,1790671955,301920,0
5980,1790673255,1947566,0
7502,1790673408,20146,0
2038,1790673603,2121243,0
10245,1790673613,287776,0
5894,1790674071,2027527,0
441,1790674523,254189,0
9017,1790674867,2124157,2128709
7352,1790674887,1075536,0
1768,1790675403,2132828,0
3833,1790676676,2059063,0
7273,1790676897,2082469,0
3313,1790678230,1571842,0
1336,1790678240,2181824,115321
2977,1790678595,865857,2121243
1640,1790678665,254189,0
4433,1790679613,1657363,0
7960,1790680003,1233516,0
4564,1790680201,2101846,0
4074,1790681668,1814340,0
5675,1790681954,2021767,0
7896,1790682105,1603303,804111
3072,1790682271,1966979,0
3627,1790682525,1459338,0
9911,1790682780,537507,2184505
9800,1790683517,2144035,0
4695,1790684928,2088720,0
4059,1790685048,1546340,0
99,1790685236,2180662,0
4149,1790685414,550454,0
7308,1790685496,2142538,2180534
3781,1790685780,1947487,0
6436,1790685815,741002,0
4526,1790685948,1783692,0
166,1790686098,1820949,0
4149,1790686202,550454,550454
252,1790686259,2119519,2137188
4954,1790686846,992825,0
8786,1790687056,474925,0
4225,1790688027,1907385,0
6491,1790688225,1344475,0
3045,1790688517,1958874,0
3045,1790688517,1958874,1958874
3791,1790688649,2172838,0
6764,1790688680,1344475,0
5717,1790689208,2127679,2124191
6524,1790689432,10764,1627158
2489,1790691174,2184213,0
734,1790691218,2122744,0
4224,1790691317,2182267,2182062
3815,1790691684,1945137,0
1923,1790692356,741002,0
2023,1790693542,1598893,0
2023,1790693542,1598893,1598893
1212,1790693565,2174772,952827
4663,1790693969,2176985,0
4749,1790694647,2183482,0
3214,1790694869,2179516,2176591
369,1790695005,2137188,2179988
369,1790695005,2137188,2137188
369,1790695153,2137188,2137188
369,1790695153,2137188,2137188
6510,1790696825,1370083,2182083
2852,1790696896,219369,0
369,1790697102,2179988,2137188
1047,1790697819,1994814,0
1836,1790699006,2122743,0
1836,1790699006,2122743,2122743
1784,1790699087,2122757,2122744
6330,1790699200,1390210,0
6330,1790699200,1390210,1390210
3884,1790699377,286637,0
10793,1790699792,2182121,0
1483,1790700301,2076485,0
7018,1790701241,1935738,2184243
1350,1790701432,16,0
4500,1790701660,1783692,0
7818,1790701769,1075536,0
6596,1790701784,2142901,2116596
3596,1790701910,2121243,0
10670,1790702374,2182121,0
6234,1790702614,891173,0
2305,1790703778,1187462,0
6596,1790704158,2084332,2142901
4638,1790705082,2183482,0
9888,1790705501,2133518,0
6596,1790705594,2084332,2084332
8012,1790706359,2144281,2183845
8012,1790706359,2144281,2144281
8012,1790706359,2144281,2144281
1844,1790706431,2139741,0
3911,1790707504,2059063,0
6445,1790707536,2117545,0
519,1790707579,2126523,0
1885,1790707599,2087974,0
5326,1790707897,2027527,0
1018,1790708071,2175860,0
6935,1790708557,486339,0
6935,1790708557,486339,486339
1814,1790708767,1898371,0
73,1790708864,2136214,0
7481,1790708996,1707975,0
6023,1790709040,1556649,0
6263,1790709159,2184203,0
985,1790709170,1535952,2121004
6040,1790709294,1627158,0
629,1790709683,1989499,0
2808,1790709716,1983197,2112530
140,1790710689,2121243,2129923
1574,1790711044,1571842,0
6718,1790711747,2127679,0
9605,1790711848,2067012,0
4874,1790711939,2179029,0
4473,1790711949,141108,0
665,1790712460,1571842,0
9415,1790713079,2133518,0
5880,1790713434,2121243,2129923
521,1790713864,2181669,0
5135,1790713898,2142222,0
1630,1790714072,1820949,0
3436,1790714457,1945137,0
9105,1790715352,1075536,0
4667,1790715709,2183482,0
400,1790715817,2059063,0
489,1790716086,1166358,2077500
6237,1790716640,1715991,2181075
2930,1790717316,254189,0
10460,1790717389,2133518,0
6783,1790717918,1041417,0
978,1790718178,2095097,0
5200,1790718319,2127679,0
4020,1790719138,1783692,0
3677,1790719376,254189,0
8093,1790719423,2112721,2184201
4660,1790719772,1833730,2080999
1787,1790720451,2122744,2145367
8796,1790721335,537507,0
9202,1790721778,2135744,1329046
6870,1790721896,2116934,0
6463,1790722320,2064866,0
1921,1790723199,2038416,0
6638,1790723238,2117545,0
6092,1790723345,2182125,0
6118,1790723540,1174348,0
4122,1790723658,1124356,0
5895,1790724076,2064866,0
5036,1790725334,302869,203514
7901,1790725425,1751869,0
4106,1790725553,2059063,0
8652,1790726131,1731373,0
4096,1790726135,1783692,0
397,1790726235,254189,0
4032,1790726403,1985704,0
33,1790726629,2132828,0
652,1790726941,1320170,433818
2204,1790726941,1820940,1078293
667,1790726942,1745999,2145573
664,1790726942,1651308,2175860
2746,1790726942,1577451,2093156
1924,1790726943,2094332,20634
660,1790726944,2177696,2175100
1991,1790726953,1945137,2175100
3711,1790726970,1613388,2175860
1224,1790726984,1810435,2175100
1179,1790727034,572281,747111
7358,1790727117,1651308,913250
1138,1790727420,888810,952827
2086,1790727680,572281,747111
10789,1790727899,2183126,0
6717,1790727905,926570,0
625,1790728752,1747712,2176880
9819,1790728923,1751869,0
1623,1790729678,1747712,2176880
11441,1790729817,403419,0
5609,1790730176,1342035,2174772
9235,1790730296,2133516,0
6927,1790732161,2183491,0
756,1790732269,1488,0
5064,1790732507,2123609,0
663,1790732714,1580481,2182357
656,1790733024,1980096,2145441
5859,1790733032,1657363,0
8601,1790733160,2067012,0
2904,1790733667,925391,0
5111,1790733668,1716245,0
938,1790734513,1580481,2182357
3701,1790734749,2121243,0
669,1790735498,2136273,0
1120,1790735993,2102310,0
6205,1790736185,2084332,656147
9333,1790738094,2067012,0
4582,1790738643,2114370,2092609
6285,1790738899,1752476,0
3307,1790739000,2062192,2175860
3307,1790739000,2062192,2062192
5223,1790739284,2002238,0
1536,1790739738,2121243,0
765,1790739909,2132828,0
6594,1790740386,1907385,2134428
6594,1790740386,1907385,1907385
5172,1790740994,2177105,2173262
5577,1790741334,1615111,0
1212,1790741396,888810,2174772
1212,1790741396,888810,888810
706,1790742601,1587053,15527
3602,1790742648,1587053,15527
7568,1790743459,1515545,2096081
5342,1790743525,684733,0
2516,1790743561,240304,1078293
8720,1790744303,2184427,0
8897,1790744456,1894432,488498
3653,1790745172,1571842,0
209,1790745564,254189,0
4738,1790745880,1833730,2080999
3044,1790746934,2132828,0
2283,1790747618,1595726,0
7261,1790747648,1041417,0
5345,1790748271,2027527,0
5623,1790748373,2179989,0
2807,1790749058,1271321,0
8334,1790749398,1075536,0
6136,1790749585,2064866,0
3455,1790749706,1586763,0
9205,1790749951,1783178,0
8671,1790750001,1317137,0
8671,1790750002,1317137,1317137
8385,1790750655,2184275,0
1607,1790751767,2183422,0
7924,1790752459,2084332,2142901
4988,1790752642,2136214,0
1650,1790752943,2130145,2131441
6510,1790753350,2085697,1370083
6510,1790753350,2085697,2085697
3786,1790753977,1783692,0
7060,1790754297,1825930,2184287
2145,1790754562,2181774,946962
3963,1790755417,835134,2177327
6492,1790755704,2084332,2142901
10544,1790757787,1961435,0
780,1790758116,2181431,0
339,1790758192,1580481,2182357
8472,1790759571,2183481,2173719
4092,1790760017,278359,1475038
1797,1790760893,1174348,0
8626,1790761419,1731373,0
7,1790762228,2179516,0
5425,1790762433,1887375,0
1823,1790762973,2183483,0
8517,1790763051,2176673,2178080
5145,1790763261,2175174,0
7992,1790763614,1075536,0
7802,1790764082,862424,0
4602,1790764944,2183482,0
770,1790765026,1571842,0
2887,1790765101,2059063,0
5590,1790765302,2113999,0
1373,1790765776,2181669,0
538,1790766007,2109652,0
5000,1790767168,2140134,0
8779,1790767365,1751869,0
9458,1790767668,2181217,1379818
4467,1790768351,2031095,0
7233,1790768659,2184285,0
8415,1790768707,1405084,0
1002,1790769565,1320170,0
2545,1790769856,278359,1475038
3926,1790770976,1545062,0
4527,1790771510,2182267,2182274
4205,1790771758,2103338,0
4746,1790773241,2183482,0
1009,1790773303,278359,1475038
39,1790773810,2181708,0
2806,1790774194,1187462,0
5729,1790774839,2184324,2181835
10349,1790774902,2133518,0
3089,1790774934,741002,0
3457,1790775709,866900,0
5442,1790775787,2118644,0
7880,1790775893,2179095,0
4443,1790775963,1833730,2080999
5466,1790776149,1553266,0
7549,1790776432,1887375,1437428
4733,1790776527,1173630,0
1919,1790776674,2021767,15527
2039,1790776811,1745999,331657
7512,1790777523,1825930,2184287
6709,1790777545,2132828,0
2123,1790777722,2178811,0
6675,1790777767,1752476,0
4321,1790778381,1666646,0
10845,1790779832,2058795,0
7020,1790780079,2116934,0
3606,1790780250,1783692,0
8691,1790780866,1075536,0
8367,1790780897,537507,0
4576,1790781499,1833730,2080999
2370,1790781523,1187462,0
5843,1790782232,1934829,0
1829,1790783466,1833730,2080999
1829,1790783468,1833730,1833730
4115,1790783694,1783692,0
2866,1790783800,2183491,2121468
4610,1790784075,2126523,0
3958,1790785049,1546340,2132110
7407,1790785128,2140980,2092734
3338,1790785361,1945137,0
9608,1790785372,2133518,0
4832,1790785491,2113999,0
4905,1790785667,2181542,2117494
1568,1790786168,2122743,577826
5243,1790787077,2021767,0
1476,1790787241,2076485,0
661,1790787483,1137765,0
6099,1790787792,1833730,0
183,1790788163,2128799,0
183,1790788163,2128799,2128799
8953,1790788491,2133408,0
2497,1790788725,1271321,2175860
6119,1790788948,1390210,656147
7246,1790788961,1515545,2143421
2672,1790789010,1845090,0
2780,1790789143,2131544,0
2057,1790789191,1271321,2175860
5553,1790789378,2118644,0
6925,1790789585,2084332,656147
5285,1790790273,2118644,0
199,1790790563,1989499,0
2415,1790790910,2073585,2086782
2062,1790791866,2136214,0
5066,1790791889,2140134,0
3237,1790792009,925391,0
638,1790793050,1994814,0
9612,1790793130,1691132,0
4632,1790793492,1875804,1233703
6725,1790794930,1173630,2184207
5295,1790795877,2113999,0
2119,1790796113,1820949,0
4016,1790796515,2176985,0
8587,1790797139,2098997,0
8643,1790797311,1075536,0
8281,1790797492,2183634,0
8947,1790797505,1783178,0
1377,1790798783,2132828,0
4388,1790798980,2177759,0
11464,1790799002,2181523,0
1650,1790799661,2131441,2130145
3471,1790799773,2130145,0
6158,1790799787,926570,0
10041,1790800228,1894074,0
4181,1790800265,2113964,0
2388,1790800332,266664,0
3673,1790800425,2121243,0
455,1790800548,2126523,0
4614,1790800792,1595726,0
6017,1790800838,1833730,0
5490,1790801206,1833730,0
3809,1790801305,1963398,0
8564,1790802116,1751869,0
11296,1790802118,28243,0
6357,1790802144,1945137,0
9260,1790802191,1922589,0
5480,1790803033,2123609,0
671,1790803267,1783692,0
8332,1790803305,2133408,0
6077,1790803320,1657363,0
4481,1790803350,2132828,0
8877,1790803723,2126990,2007265
9870,1790803758,1731373,0
2027,1790804635,2178638,0
3410,1790804910,2136699,0
6738,1790804944,1833730,0
1908,1790805635,1747712,747111
10780,1790805853,1961435,0
2890,1790806722,1820949,0
4154,1790806820,19450,2182274
4154,1790806821,19450,19450
4154,1790806867,2182271,19450
4589,1790807106,1783692,0
1431,1790807387,1747712,747111
6501,1790807458,301920,0
208,1790807532,2176997,0
4099,1790807999,1907385,0
90,1790808778,1651308,0
366,1790808944,1598893,0
2874,1790809503,2132828,0
2458,1790810195,1983197,0
7549,1790810886,2183314,1887375
6310,1790810899,2171938,0
6053,1790811398,1796437,0
4175,1790812200,1907385,0
7065,1790813130,486339,0
3608,1790813393,542783,2183639
4810,1790814535,2113964,0
4487,1790815235,2176985,0
4689,1790815455,2183482,0
6680,1790816190,2184205,0
5239,1790816302,2027527,0
5239,1790816302,2027527,2027527
2707,1790816469,2174905,0
4565,1790817160,2171938,0
11,1790818941,1535952,2121004
8573,1790819143,1731373,0
1217,1790820404,800543,2038416
5545,1790820585,1556649,0
6956,1790821304,20451,0
4264,1790821346,2183483,0
6403,1790821374,2178811,2134283
6662,1790821381,1833730,0
375,1790821725,2122743,577826
4082,1790821747,2123609,0
6270,1790822018,1629978,0
6062,1790822369,1796437,0
3973,1790822762,2113964,0
505,1790822776,2025956,0
4665,1790823157,1546340,0
3505,1790823936,2136699,0
6038,1790824844,1833730,0
87,1790825394,1271321,2084142
6199,1790826716,1148395,2184207
7929,1790826786,1752476,0
1744,1790827125,1406307,0
9367,1790827396,2133518,0
4610,1790827624,1796437,2126523
7544,1790828018,486339,0
4950,1790828470,2083788,265281
3776,1790828773,2183483,0
5391,1790829580,1833730,0
8543,1790830147,1894432,0
10814,1790830654,1821118,100797
7085,1790832523,486339,0
2175,1790833063,2126523,0
1573,1790833622,2085697,0
7926,1790833761,2092837,0
2342,1790833827,2126523,0
2621,1790833847,1747712,2183455
11402,1790834293,2113964,0
6545,1790835255,1845090,0
6545,1790835255,1845090,1845090
7449,1790835937,1348773,0
10012,1790836107,1317137,0
4520,1790836210,1587053,433392
7193,1790836388,934653,0
8649,1790836776,1075536,0
4083,1790836800,1889098,433392
3899,1790836801,1678679,433392
81,1790837304,1810435,2084142
11531,1790837380,2113964,0
4809,1790837854,934653,433392
979,1790838518,934653,433392
9877,1790839390,967045,0
8063,1790841104,2112530,0
2629,1790841268,1858260,0
5547,1790841367,2113999,0
4390,1790841469,1595726,0
6196,1790841634,1833730,0
6583,1790841941,934653,0
4253,1790842294,2114370,2092609
4253,1790842294,2114370,2114370
4253,1790842296,2114370,2114370
7165,1790842379,1825930,0
141,1790843172,2122744,0
5524,1790843622,2113999,0
5122,1790843837,2113999,0
2070,1790843973,20451,0
6444,1790844193,11565,409970
3385,1790844283,2087974,0
4671,1790844325,2183448,0
1778,1790844814,2122743,0
5562,1790845207,1666646,0
2621,1790845611,2183455,1747712
4588,1790845989,2176985,0
2846,1790846830,2140134,0
6554,1790847357,2184203,0
6623,1790848496,1752476,0
3492,1790848552,2018579,0
1911,1790849318,2136699,0
10979,1790849391,2073946,0
4878,1790849901,1124356,1657441
5600,1790850159,20146,0
5875,1790850494,1796437,0
7564,1790850601,2183481,2178141
1070,1790851429,1682674,2086782
7749,1790851482,934653,0
7624,1790851512,2144281,2138858
8854,1790851672,2067012,0
8218,1790851693,891173,2181768
201,1790852383,2126523,0
4445,1790852778,2083885,0
5755,1790852811,1833730,0
2504,1790852918,2122744,0
11044,1790853772,1075536,0
2560,1790854794,1543507,0
8186,1790855230,1875804,1699710
7988,1790855526,1247466,2184321
9028,1790855771,1731373,0
3599,1790855925,2121243,0
3831,1790856140,302869,0
4908,1790856406,1833730,0
337,1790856727,2126523,0
4098,1790856885,1786798,2179791
6066,1790857651,2183634,0
3741,1790857652,1734443,0
3228,1790857662,1734443,0
3992,1790858654,2002238,2110338
3992,1790858654,2002238,2002238
5945,1790858916,1156788,2176949
1226,1790858935,1734443,0
2196,1790859274,1488,0
3447,1790859306,1989499,0
3447,1790859307,1989499,1989499
3447,1790859307,1989499,1989499
10378,1790859952,1863997,0
7074,1790860292,934653,0
4850,1790860968,813,0
9342,1790861169,2184431,0
4935,1790861237,2113964,0
8034,1790861295,486339,0
2862,1790861653,1993222,0
4641,1790862437,2176985,0
4641,1790862439,2176985,2176985
4641,1790862439,2176985,2176985
1613,1790862469,2126523,0
7034,1790862856,486339,0
2189,1790863378,1911553,0
7511,1790863764,2184210,0
599,1790863949,1271321,1216380
599,1790863949,1271321,1271321
9355,1790864244,2081500,0
3638,1790864747,1845090,0
4824,1790864810,1587053,0
6362,1790865267,1627158,0
5601,1790865599,934653,0
8197,1790865624,1731373,0
6893,1790865794,934653,0
6893,1790865794,934653,934653
5912,1790866316,2174904,0
94,1790866460,1745999,2183455
3869,1790866709,934653,2090921
9536,1790866871,2183126,0
2702,1790866909,2122743,0
2521,1790866981,1166358,2182398
6176,1790867416,1515545,2041304
670,1790867805,1577451,2093156
2621,1790868217,1747712,2183455
11244,1790868264,2058795,0
8881,1790868273,2124157,2095168
1146,1790868616,2090629,0
5656,1790868767,2113999,0
1307,1790868903,2112530,0
9833,1790869394,2133518,0
6460,1790869949,2085697,0
424,1790870561,1186212,0
126,1790870647,1983197,0
5202,1790870846,1390210,0
5280,1790870937,2113964,0
5177,1790871082,1833730,0
6921,1790871725,934653,0
174,1790872040,684733,0
174,1790872040,684733,684733
1960,1790872628,2176997,0
8668,1790872658,141108,0
2143,1790872669,219369,0
8887,1790872676,1184145,0
2503,1790872813,2171983,0
3920,1790873289,2132828,0
4760,1790873388,2141813,0
8093,1790873406,1714244,2112721
4604,1790873602,1594692,316717
2761,1790874018,2145649,0
2586,1790874037,2102310,0
5504,1790874277,1833730,0
3668,1790874701,1342035,2183455
2911,1790874753,2137188,0
8027,1790874926,301920,0
3068,1790875190,1651308,1078293
3507,1790875548,2183642,0
3837,1790875714,2183490,0
5420,1790875953,1934829,0
7457,1790876374,1036162,0
1724,1790876518,217192,0
4302,1790876546,2062192,2084142
6948,1790876876,2129228,0
390,1790876933,1945137,1078293
7211,1790876969,2183970,0
3886,1790877718,1993222,0
5016,1790877819,2182267,267903
5151,1790877982,2101846,0
6178,1790878021,2178811,0
636,1790878070,2137188,0
593,1790879313,2124912,0
9047,1790879368,2184448,0
752,1790879520,2126523,0
4573,1790879561,2182261,2183051
2526,1790879697,2179989,0
8447,1790880430,934653,0
7896,1790881033,804111,1603303
7810,1790881070,804111,1603303
1869,1790881133,2122773,2183281
7635,1790881325,2183314,0
3181,1790882043,2126523,0
2447,1790882152,1187462,0
4707,1790882287,240304,0
3906,1790882766,2128799,0
2381,1790883052,2183491,0
8177,1790883217,934653,0
9141,1790883623,2176673,2119588
7218,1790883752,1075536,0
1454,1790884031,1979816,0
5906,1790884496,2117545,0
2499,1790884808,1945137,0
4875,1790885296,2084332,2084142
3552,1790886023,1929924,0
3325,1790886150,1731373,0
2428,1790886210,1320170,2086782
6520,1790886744,2127679,0
5276,1790887119,2027527,0
7515,1790887417,1879611,0
4326,1790887539,550454,0
131,1790887724,1814340,0
2732,1790887793,2137298,24249
7713,1790887951,934653,0
1175,1790888050,2126523,0
3468,1790888121,2172838,2181488
9050,1790888662,1731373,0
4413,1790888984,1124356,1657441
1067,1790890337,2124889,2017869
1061,1790890496,2127978,0
6495,1790890658,2113999,0
2889,1790890700,1271321,0
7288,1790890890,2137541,2182309
962,1790891001,2126523,0
2246,1790891151,2073585,2086782
1951,1790892097,1889098,15527
9405,1790892432,2081500,0
3893,1790892697,1595726,0
681,1790893442,2127978,0
582,1790893477,2127978,0
8150,1790893498,934653,0
10946,1790894033,2058795,0
2117,1790894422,1747712,2183455
3985,1790895257,2132828,0
3277,1790895611,1609139,0
5398,1790895834,934653,0
6220,1790896034,2184203,0
8557,1790896942,1894432,0
9463,1790896959,2179488,656164
7598,1790897021,2184174,0
4068,1790897364,865857,0
1290,1790897444,2145649,0
11208,1790897882,2058795,0
5591,1790898067,2121326,2184165
499,1790898759,912352,0
7460,1790898827,1731373,0
3922,1790898930,2136214,0
7243,1790899052,20451,0
43,1790899180,1587053,9148
10428,1790899685,2133518,0
3935,1790899965,1989749,0
986,1790900144,2179320,0
9044,1790901129,1184145,0
9146,1790901409,1317137,0
3155,1790902582,2183491,0
9594,1790902676,10965,0
9416,1790904154,2181217,0
7790,1790904310,934653,0
7790,1790904310,934653,934653
2984,1790904549,1961278,2076485
3320,1790905039,2181298,0
1622,1790905784,1989499,0
4891,1790905865,934653,0
5876,1790906644,2113999,0
7685,1790907331,1714244,2112721
2838,1790907396,2058565,0
6352,1790907919,741002,0
7647,1790909235,2177858,1398254
6493,1790909580,2124889,2181676
8728,1790909827,1731373,0
8990,1790909963,2081237,0
10646,1790910608,231570,2184568
9705,1790912996,1587053,23632
9705,1790912996,1587053,1587053
3453,1790914054,2057638,2181676
3453,1790914054,2057638,2057638
3453,1790914054,2057638,2057638
1925,1790914647,2129677,2181676
8569,1790914849,2144281,2181032
5148,1790914912,1173630,0
3453,1790915245,542783,2057638
3317,1790915652,1889098,15527
2715,1790916294,2127978,0
25,1790917617,2084332,2084142
4177,1790920111,2114370,0
1747,1790920467,16,0
4364,1790920830,1471280,0
6801,1790921308,1825930,819429
4569,1790921766,2113964,0
4406,1790921809,2113964,0
1014,1790922030,2121243,0
7815,1790922801,2127978,0
7815,1790922801,2127978,2127978
7815,1790922801,2127978,2127978
1067,1790923634,2182145,2124889
5916,1790923789,1627158,0
3269,1790924090,1609139,0
10778,1790924185,2122320,0
7284,1790924276,934653,0
6000,1790924569,2184114,0
7941,1790924818,1075536,2181789
3151,1790924855,2126523,0
1215,1790925391,2126523,0
6979,1790926336,934653,0
9372,1790926614,1951772,0
16,1790926912,28243,2084142
1687,1790927450,2181891,0
3367,1790927828,1682674,0
5198,1790928140,2123609,0
10116,1790928267,1169034,0
8427,1790928301,934653,0
6733,1790928554,1271321,0
6552,1790929078,301920,0
3849,1790929553,2173364,0
4282,1790930507,2113964,0
10121,1790930696,1515545,0
4395,1790931748,2121468,0
9919,1790933152,1317137,0
4296,1790933298,1587053,0
2468,1790934060,2136214,0
5722,1790934203,934653,0
9463,1790934357,817959,2179488
2395,1790935241,2129677,2181676
7746,1790936071,2130145,0
2395,1790936718,2183804,2129677
2395,1790936744,2183804,2183804
2925,1790936770,2127978,0
2925,1790936770,2127978,2127978
3569,1790936815,2127978,0
3569,1790936815,2127978,2127978
14,1790936870,1259861,0
1348,1790936902,2025956,0
10356,1790936942,2174163,2072660
6987,1790937290,2009293,75864
1795,1790937312,16275,2173300
3657,1790937629,2049063,2181676
9392,1790937741,2122184,1370083
7219,1790937927,934653,0
2681,1790938098,2083091,0
10139,1790938274,2114867,0
2743,1790940262,2126523,0
2912,1790940529,1613388,2084142
4673,1790940922,1546340,0
7430,1790941418,1833730,0
429,1790941504,1609139,0
4649,1790942094,1124356,1657441
8116,1790942375,2179170,0
7527,1790942785,1731373,0
1072,1790943584,2145649,0
2476,1790944080,2179320,0
7416,1790944285,934653,0
7245,1790944520,2082469,0
27,1790944599,2083788,0
8925,1790945344,1935738,2178078
7584,1790945772,2085697,1723176
7342,1790946556,2091224,2113522
10486,1790946603,1961435,0
3867,1790946656,1586763,0
2577,1790947492,2023202,2181676
328,1790947492,1958874,2181676
74,1790948777,2131544,2084142
6884,1790948908,1740954,0
8298,1790948998,1678679,0
2195,1790949003,2126523,0
7776,1790949092,1833730,0
8604,1790949220,2082469,0
9855,1790949617,2082469,0
9157,1790949695,1783178,0
6050,1790949765,2121326,2070871
1841,1790949907,1898371,2124889
659,1790950071,2179989,0
5339,1790950294,1796437,0
8232,1790950786,2127978,0
1124,1790950943,891173,0
5010,1790951022,2183483,2181676
7030,1790951171,2082469,0
7355,1790951185,1678679,0
3353,1790951287,2126523,0
5647,1790951678,2142901,0
8646,1790951913,2184436,0
862,1790951975,2127978,0
3150,1790952006,2127978,0
529,1790952187,2121243,0
8775,1790952605,1233516,2109384
2271,1790954009,2136006,2017869
1646,1790954211,1688375,0
4235,1790954224,2182261,0
5542,1790954548,2113964,0
537,1790954775,2112530,0
5741,1790954809,2129228,0
4955,1790955128,1875804,1294772
2565,1790955813,1747712,1966979
6406,1790956210,2121326,0
9132,1790956804,2137541,1006563
6413,1790957120,1510598,0
1256,1790957201,1961278,1187462
244,1790957641,2119519,1929924
8841,1790957840,789512,967045
4567,1790958167,2113964,0
3039,1790958688,1595726,0
3863,1790958715,1678679,0
7445,1790958796,2082469,0
1338,1790958947,1820949,0
8111,1790958995,934653,0
4222,1790959771,1912482,2182060
3083,1790959807,2129677,1187462
8745,1790960179,2082469,0
6016,1790960520,2126523,0
2144,1790960742,1820940,1078293
7630,1790960998,2113999,0
3496,1790961227,2136699,0
7701,1790961406,2082469,0
6155,1790961420,2126523,0
4114,1790961522,2113964,0
6106,1790961570,2178811,0
9691,1790961830,2082469,0
1657,1790962115,28243,0
10732,1790962330,287776,1642395
1962,1790962539,2137188,266664
1195,1790962542,2136699,0
8605,1790962661,2127978,0
8820,1790962662,1731373,0
5054,1790962784,2126523,0
6068,1790962870,2126523,0
6448,1790962937,301920,0
7948,1790963610,1678679,0
4762,1790964221,2113964,0
950,1790964573,1989499,0
1734,1790965055,1682674,0
11006,1790965609,23046,0
6974,1790966018,2082469,0
8359,1790966127,2113999,0
6804,1790967147,2126523,0
7230,1790967485,2090745,0
332,1790967584,28243,0
288,1790967913,2181542,2117494
3352,1790969425,2183491,0
8544,1790969761,2113999,0
2330,1790969788,2084332,2084142
5095,1790970163,2101846,0
3666,1790970716,1577451,0
777,1790971104,2085697,0
8330,1790971438,2127978,0
3215,1790971457,2127978,0
8489,1790971506,1678679,0
2226,1790972150,1958874,1187462
5585,1790972238,1556649,0
5261,1790972262,2126523,0
8558,1790972633,1731373,0
6613,1790972922,2126523,0
2017,1790973069,2119635,267903
11461,1790973874,23046,0
3698,1790974023,784340,0
7138,1790975042,2136696,0
2082,1790976099,1678679,0
1420,1790976161,1678679,0
8730,1790976909,2466,0
4691,1790977326,2121326,0
4691,1790977326,2121326,2121326
5215,1790977811,2126523,0
5071,1790978061,2126523,0
2510,1790978149,2179394,0
5610,1790978204,2123609,0
6488,1790978339,2126523,0
142,1790978509,1678679,0
6613,1790978519,2126523,2126523
6249,1790978533,2126523,0
2920,1790979004,2183491,0
6431,1790979565,2126523,0
8196,1790979827,2082469,0
7607,1790980222,1075536,2177122
1523,1790981843,1586763,0
5698,1790981933,2126523,0
1451,1790982694,2127978,0
2830,1790982874,2179029,0
5686,1790983036,2126523,0
8665,1790983187,934653,0
469,1790983217,2181476,1573465
708,1790984472,1898371,2124889
3667,1790984665,2127978,0
3667,1790984665,2127978,2127978
3546,1790985292,1651308,0
3694,1790985296,2129677,1187462
3694,1790985296,2129677,2129677
2001,1790985579,2121243,0
686,1790985981,1898371,2124889
3186,1790986049,1989499,0
5801,1790986121,2027527,0
8964,1790986326,2144035,0
8119,1790986464,2127978,0
6803,1790986502,2126523,0
2087,1790986935,2182034,0
1689,1790987028,1847667,0
10790,1790987072,2122320,0
5199,1790988160,934653,0
5199,1790988160,934653,934653
3641,1790988196,1682674,0
1336,1790988366,1898371,2181824
2296,1790988770,1678679,0
9318,1790989389,2137541,2137395
4155,1790989560,141108,0
8535,1790989925,1922589,0
9832,1790989985,2184431,0
7114,1790990355,1678679,0
225,1790990579,2127978,0
225,1790990579,2127978,2127978
7391,1790990775,1833730,0
2163,1790990962,2183491,0
8307,1790991937,2087974,0
1837,1790992238,2126523,0
8927,1790993020,2181523,2144326
3467,1790993134,1946447,0
867,1790993135,1979816,0
10476,1790993214,2184223,2184553
4187,1790993877,20451,0
904,1790994298,2179394,0
5030,1790994468,1714244,0
6348,1790994539,2064866,1934829
6348,1790994539,2064866,2064866
3403,1790994737,2058795,0
8575,1790995019,2062192,0
2224,1790995084,2181101,0
2224,1790995084,2181101,2181101
2249,1790995344,2127978,0
7745,1790995699,2082469,0
2508,1790996721,1945137,2178638
2508,1790996721,1945137,1945137
3675,1790997396,2131544,0
5767,1790997420,934653,0
3641,1790997959,1682674,1682674
6022,1790997987,1887375,0
3797,1790998056,28243,0
7051,1790998395,2113999,0
8968,1790998444,1678679,0
7583,1790998497,486339,0
11572,1790998692,2182121,0
713,1790998987,992825,0
713,1790998987,992825,992825
8835,1790999110,19450,0
9657,1790999405,2184155,0
3538,1790999650,555656,0
7658,1790999739,2176997,0
8409,1791000520,1678679,0
8409,1791000521,1678679,1678679
6226,1791001430,2129228,0
7928,1791002468,572504,0
3612,1791002495,1961278,1187462
9100,1791002548,2021767,23632
9450,1791002588,2184436,0
1881,1791002758,2137188,0
9484,1791004047,2088720,0
997,1791005496,1543507,0
10269,1791007317,2183126,0
9014,1791007430,380208,0
6886,1791008322,486339,0
6694,1791008766,2130145,0
9673,1791008812,1731373,0
1864,1791009065,888810,0
7502,1791009082,2091224,20146
6908,1791010405,2126523,0
1920,1791011048,2131544,0
6908,1791011158,2126523,2126523
5503,1791011567,1889098,2121468
9374,1791011616,1731373,0
5344,1791012178,2126523,0
4593,1791012227,1678679,0
1150,1791012376,2131544,0
1250,1791012771,1595726,0
7290,1791012832,2177858,1398254
6243,1791012958,2126523,0
1894,1791013230,2087974,0
3882,1791013451,2123609,0
1606,1791013536,2184324,2131628
7324,1791013589,80335,0
5965,1791014137,1810435,0
8619,1791014255,2127978,0
11351,1791014917,2085697,0
2644,1791015384,1586763,0
6100,1791015401,2121326,0
3639,1791016333,1889098,2121468
3639,1791016333,1889098,1889098
9657,1791017075,2184155,2184155
1725,1791017760,2131544,0
1725,1791019640,2131544,2131544
813,1791020090,2018579,0
2139,1791020738,1905015,2138682
4552,1791020800,2085697,0
3713,1791021184,1915106,0
1914,1791021713,35585,0
6941,1791021821,1752476,0
10953,1791021835,537507,0
2774,1791022625,2083788,0
8492,1791022625,865857,0
8492,1791022626,865857,865857
10070,1791022779,2184174,1921681
10070,1791022779,2184174,2184174
7502,1791022962,2091224,2091224
3826,1791023409,1613388,1878083
2421,1791023542,684733,0
9358,1791023559,2082469,0
3209,1791024239,2126523,0
6443,1791024608,1845090,0
5189,1791024651,1905015,0
10231,1791024824,380208,0
8846,1791025698,1678679,0
2173,1791025881,1682674,0
8890,1791026224,2085697,0
2738,1791026518,1806454,2121745
2768,1791027233,2131544,0
7250,1791027389,1731373,0
2717,1791028251,2062192,2084142
11478,1791028251,2073946,0
9943,1791028419,2173075,0
2249,1791028659,1747712,2127978
2249,1791028661,2127978,1747712
4077,1791028849,2023202,2136006
7563,1791029024,2178451,0
655,1791029028,1745999,0
9706,1791029178,231570,2124962
3986,1791029768,2002238,2113702
6145,1791030476,934653,0
1654,1791030629,2179394,0
9694,1791030744,1678679,0
1443,1791030975,28243,0
7417,1791030989,2184155,0
6398,1791031799,2101531,0
8319,1791032270,934653,0
8492,1791032605,817959,865857
742,1791032899,2183491,0
9733,1791033043,2137541,0
3142,1791033345,1166358,184307
8400,1791033851,2134283,0
7461,1791034001,1833730,1969944
4524,1791034057,1124356,1657441
8890,1791034102,2124706,2085697
9291,1791034512,2137541,0
7346,1791035217,2113999,0
5369,1791035256,2126523,0
4416,1791036447,2181476,1573465
3636,1791036725,2131544,0
3234,1791036954,1745999,0
4710,1791036976,1993222,0
8555,1791037357,1678679,0
1470,1791037873,1961278,1187462
2941,1791038122,1586763,0
4643,1791038311,1156788,0
8303,1791038347,1684263,2182357
310,1791038748,1682674,0
9353,1791039213,2057827,0
5762,1791039757,2126523,0
4288,1791039760,219369,0
4189,1791039983,2121468,0
5117,1791040455,2126523,0
7940,1791040608,1678679,0
7044,1791040631,1382360,0
10722,1791040810,23046,0
968,1791041011,2179394,0
2836,1791041360,1682674,0
968,1791041412,2179394,2179394
1781,1791041692,1745999,0
3530,1791042013,1543507,0
2669,1791042141,1577451,0
1202,1791042241,2179394,0
6792,1791042792,934653,0
1000,1791043079,28243,0
1708,1791043083,1271321,2143715
3633,1791043444,28243,0
4305,1791043786,784340,0
1122,1791043816,1898371,2181824
1286,1791043913,1577451,0
1286,1791043913,1577451,1577451
5952,1791044094,2126523,0
1779,1791044345,1745999,0
6888,1791044963,934653,0
5762,1791045443,2126523,2126523
8650,1791045568,2184251,2184375
987,1791045621,2126523,0
916,1791046083,1137765,0
6619,1791047210,2028057,0
887,1791047321,2183491,0
10926,1791047483,1961435,0
8860,1791047502,1678679,0
3548,1791047531,2179394,0
8717,1791047666,164,0
1123,1791048076,2177696,0
1438,1791048197,1983197,0
8180,1791048223,2127978,0
1629,1791048361,2124889,0
6857,1791048812,1627158,0
9559,1791048838,2171938,0
1422,1791049078,2127978,0
1422,1791049078,2127978,2127978
7073,1791049446,1678679,0
2140,1791049770,1745999,0
1899,1791050020,1577451,0
6866,1791050059,2184210,0
10079,1791050481,1998385,0
2206,1791050534,2179394,0
732,1791050596,219369,1894143
2148,1791050613,2179394,0
3107,1791051050,1912482,2172065
9468,1791051222,1731373,0
8178,1791051578,891173,202854
2995,1791051707,1747072,0
646,1791052133,1963398,0
3240,1791053116,1745999,0
6753,1791053753,2129677,2181824
1482,1791054111,35585,0
7652,1791054185,1615111,0
6288,1791054218,219369,0
4806,1791054394,2141813,0
3681,1791055236,2131544,0
4320,1791055416,1577451,0
8220,1791055470,1247466,2184343
8220,1791055470,1247466,1247466
1478,1791055535,1459338,0
3453,1791055942,2057638,542783
7318,1791056228,1731373,0
1554,1791056376,2124912,0
637,1791056610,2126523,0
9857,1791056760,1743028,0
1706,1791057307,2177696,0
1177,1791057358,2126523,0
7240,1791057394,2142222,0
1557,1791057664,2137188,0
7805,1791057720,2113999,0
3480,1791058365,2137188,0
1608,1791058386,888810,0
1499,1791058431,2177696,0
3938,1791058584,1945137,0
4219,1791058874,2113964,2181818
2415,1791059275,2178811,2073585
56,1791059415,2131544,0
4407,1791059515,1471280,0
4371,1791059516,217192,0
5996,1791060582,1887375,0
1499,1791060589,2177696,2177696
1499,1791060764,2177696,2177696
6760,1791060767,1833730,1969944
1782,1791060987,2177696,0
6382,1791061226,2119635,0
1499,1791061675,2177696,2177696
2737,1791062156,2080309,0
7200,1791062179,144527,0
1796,1791062336,2070095,0
2971,1791062748,28243,0
2971,1791062748,28243,28243
9922,1791062749,2134775,2181789
1301,1791062927,2058795,0
8353,1791063232,2179243,0
7367,1791063271,2184324,0
5737,1791063315,219369,0
245,1791063465,2181542,0
9431,1791063598,2466,0
4533,1791063608,219369,0
8092,1791063746,164,0
112,1791063867,1898371,0
251,1791064485,2177696,0
251,1791064486,2177696,2177696
6514,1791064501,2126523,0
19,1791064865,219369,0
1727,1791064969,2184324,0
8220,1791065467,1247466,1247466
653,1791065508,1745999,0
4687,1791065609,1898371,542783
2658,1791066047,2087974,0
3890,1791066185,1595726,0
7967,1791066670,2112530,0
818,1791066884,1745999,0
818,1791066884,1745999,1745999
5629,1791066984,2126523,0
3451,1791066999,2127978,0
8050,1791067023,2092837,0
1297,1791067314,1320170,2084142
3717,1791067355,1898371,0
577,1791067850,2179394,0
6512,1791068979,1678679,0
9977,1791068983,2082469,0
134,1791069004,2179394,0
1405,1791069023,2179394,0
374,1791069079,1820949,0
4677,1791069369,1678679,0
3750,1791069469,1586763,0
1048,1791069524,2126523,0
7162,1791069674,219369,0
7851,1791069810,1772681,144527
3637,1791069852,2179394,0
2065,1791069854,888810,0
2248,1791070643,1875804,1294772
2563,1791070697,1745999,0
1122,1791071204,2124889,1898371
6098,1791071215,2028057,0
1122,1791071238,2124889,2124889
3622,1791071344,1577451,0
743,1791071366,278359,1721928
7316,1791071552,934653,0
9827,1791071690,1691132,0
7315,1791071808,2136696,0
7178,1791071900,2126523,0
9054,1791072059,1519293,0
9054,1791072069,1519293,1519293
3588,1791072127,2129677,1187462
3472,1791072136,219369,0
461,1791072164,2057638,2121745
2249,1791072273,1747712,2127978
7567,1791072276,1731373,0
1122,1791073275,1898371,2124889
1122,1791073275,1898371,1898371
6677,1791073559,934653,0
807,1791074512,2119519,266664
591,1791074782,2174905,0
127,1791075035,1609139,0
5886,1791076220,219369,0
10950,1791076319,2071214,0
5247,1791076602,2101846,0
1362,1791076756,2119519,266664
2249,1791077383,2127978,1747712
6720,1791077594,219369,0
4530,1791077690,2054225,0
1579,1791078051,20451,0
7257,1791078277,219369,0
6808,1791078592,2126523,0
10806,1791079311,2058795,0
4457,1791079311,2177759,0
2026,1791079609,2179394,0
3608,1791079822,1898371,542783
2249,1791080117,1747712,2127978
9226,1791080168,1751869,1751869
9179,1791080272,2126990,10965
9519,1791080377,1731373,0
8295,1791080895,1935738,0
3065,1791081588,219369,0
1095,1791081898,1946447,0
2365,1791082166,888810,0
9510,1791082193,1863997,0
4484,1791082325,1156788,0
4484,1791082335,1156788,1156788
1567,1791082634,2176997,0
2249,1791082638,2127978,1747712
648,1791082682,1994814,2174198
2535,1791082981,888810,0
5273,1791083233,2172838,2084142
6280,1791083523,1678679,0
2653,1791083627,1889098,0
2249,1791083987,1747712,2127978
640,1791084327,2018579,0
9658,1791084527,2183251,2184461
5886,1791084616,219369,219369
5201,1791084751,888810,0
8092,1791084944,2179170,164
8092,1791084944,2179170,2179170
5953,1791085680,1945137,0
8306,1791086920,2102310,0
1133,1791086956,1989499,0
2249,1791087098,1747712,1747712
4732,1791087542,11565,0
6568,1791087667,2133408,0
990,1791087900,862456,2181217
2646,1791088724,1745999,0
9226,1791089191,1894074,1751869
11336,1791090107,287776,0
2013,1791090169,2177696,0
2572,1791090192,2177696,0
4057,1791090204,2177696,0
3593,1791090471,888810,0
5598,1791090525,888810,0
11125,1791090545,1836199,0
3439,1791091090,28243,0
11203,1791091095,2032066,0
5484,1791091761,1905015,0
59,1791092045,2080309,0
1408,1791092290,888810,0
10763,1791092297,2123065,0
668,1791092587,2179394,0
1399,1791092716,2131544,0
3341,1791093193,2177696,0
4000,1791093477,1912482,2178075
11492,1791094667,1169034,0
1563,1791094798,992825,0
790,1791095098,2177696,0
7756,1791095416,862424,0
2328,1791095627,2177696,0
5527,1791095694,2123609,0
1238,1791095815,1745999,0
7446,1791096455,1784555,0
6457,1791097057,2184187,0
359,1791097207,2177696,0
7359,1791097700,934653,0
2572,1791097724,2177696,2177696
6909,1791097776,934653,0
6478,1791097787,1905015,0
3518,1791097830,2177696,0
3518,1791097830,2177696,2177696
2981,1791097840,1342035,0
1599,1791097933,2095032,0
1234,1791098155,1946933,0
9218,1791098736,2121326,0
5687,1791098870,2002238,0
6883,1791099382,934653,0
5606,1791099480,888810,0
446,1791099968,2023202,2182257
7293,1791100114,2176673,2177697
9923,1791100505,2144281,2182027
7829,1791100665,2133408,0
7412,1791100798,2133408,0
3706,1791101247,2177696,0
3706,1791101247,2177696,2177696
3363,1791101737,2179988,0
1681,1791101797,1747712,1966979
6287,1791101849,2088603,0
10087,1791101850,2073946,0
9819,1791102379,2132867,1751869
5999,1791102704,1683698,1028035
1976,1791102868,2183490,0
6812,1791103088,2133408,0
6605,1791103258,219369,0
238,1791103597,1271321,0
1143,1791103912,2183483,0
1143,1791103926,2183483,2183483
8564,1791104724,1024499,1751869
8834,1791104826,2184444,0
5031,1791104944,219369,0
6163,1791104951,2133408,0
6163,1791104951,2133408,2133408
2791,1791105085,1947487,0
5186,1791105136,219369,0
5186,1791105136,219369,219369
4044,1791105336,2002238,2178083
3475,1791105471,16,0
3420,1791105695,1983197,0
870,1791105784,2177696,0
870,1791105784,2177696,2177696
870,1791105784,2177696,2177696
8215,1791106269,13583,2184342
9078,1791107429,2133408,0
7686,1791107544,1714244,0
1270,1791107553,2137188,0
2633,1791108218,219369,0
885,1791108375,1745999,0
9391,1791108995,2184134,0
8781,1791109087,2184378,1751869
3624,1791109656,1586763,0
7458,1791109670,1515545,2184280
8913,1791109958,2084340,0
7637,1791110049,1682674,2073585
5536,1791110079,2113999,0
8859,1791110525,1696634,0
1305,1791110554,2177696,0
834,1791110639,2025956,0
180,1791110723,2177696,0
180,1791110723,2177696,2177696
6774,1791110724,1390210,0
2759,1791110824,907588,2098302
5426,1791111247,1148395,2184028
7581,1791111280,1736828,2181972
1410,1791111642,2177696,0
6780,1791112462,2182227,0
8313,1791112514,1233516,0
834,1791112525,2025956,2025956
10156,1791112625,1731373,0
1190,1791112632,2129677,0
7694,1791113168,1348773,0
3510,1791113565,2122743,0
4229,1791113906,2113964,2182064
5951,1791114102,3904,0
2630,1791114328,2184324,0
4496,1791114457,1546340,0
7135,1791114667,934653,0
6030,1791114865,1678679,0
6030,1791114865,1678679,1678679
7469,1791115032,934653,0
5287,1791115163,3904,0
392,1791115187,1485683,1351573
9033,1791115708,2133408,0
2692,1791115879,2177696,0
9910,1791115957,2133408,0
1698,1791116498,2102310,0
6748,1791116511,2184251,2133595
5404,1791117006,888810,0
6493,1791117047,2057638,2124889
3231,1791117164,16275,2176933
6337,1791117947,2133408,0
6337,1791117947,2133408,2133408
1494,1791117985,1993578,0
1815,1791118084,2136214,0
7296,1791118116,2182386,1568957
4130,1791118608,1577451,0
4130,1791118608,1577451,1577451
6079,1791118660,3904,0
5528,1791118694,3904,0
2186,1791118788,2183491,0
11086,1791119164,2123065,0
6374,1791119517,2126523,0
6374,1791119517,2126523,2126523
8591,1791119608,2121326,0
10495,1791119859,2133408,0
9549,1791119883,2124706,0
11022,1791120375,2133408,0
8480,1791120452,2133408,0
156,1791120608,2179394,0
7237,1791120797,2133408,0
11721,1791121734,1317137,0
2435,1791121797,2126523,0
6447,1791121828,2113999,0
3332,1791121979,219369,0
4737,1791122028,912352,0
6653,1791122207,2133408,0
7216,1791122400,1793379,1382360
11468,1791122723,1519293,0
3810,1791123078,1666646,0
3305,1791124278,1577451,0
1550,1791124365,2131544,0
1073,1791124495,219369,0
6124,1791124512,2088603,2121850
9509,1791124555,164,0
221,1791124816,1979816,0
9512,1791125280,2184448,0
8568,1791125326,1678679,0
9665,1791125405,537507,0
5044,1791125446,3904,0
6267,1791125464,3904,0
2777,1791125516,2184324,0
3122,1791125640,2083091,2174198
1530,1791126006,20451,0
171,1791126071,2137188,0
5815,1791126102,2466,0
2854,1791126254,2132828,0
2908,1791126508,2177696,0
11430,1791126952,1994337,0
3617,1791127174,1814340,0
5649,1791127220,2113999,0
4017,1791127288,2176830,0
1545,1791127744,2062192,0
5709,1791127833,3904,0
5815,1791127858,3904,2466
750,1791127872,1905015,0
11431,1791128128,2071214,0
2034,1791128389,219369,0
10694,1791128663,19450,0
2908,1791128711,2177696,2177696
3281,1791128723,2181431,0
2976,1791129130,2177696,0
5436,1791129157,3904,0
2908,1791129395,2177696,2177696
5780,1791129752,1980096,0
6331,1791129763,10764,0
9685,1791129830,2133408,0
6525,1791129900,2129228,0
1341,1791129932,2080309,0
1793,1791130361,2177696,0
11114,1791130415,2133408,0
9970,1791130570,2184517,0
6878,1791130769,934653,0
446,1791131246,1994814,2023202
446,1791131246,1994814,1994814
446,1791131246,1994814,1994814
1050,1791131351,1745999,0
5650,1791131359,2133408,0
9528,1791131553,2133408,0
2908,1791131656,2177696,2177696
2908,1791131656,2177696,2177696
8779,1791131857,1600033,1751869
8113,1791132064,2133408,0
2083,1791132265,1898371,2124889
7874,1791132282,1075536,2177329
1006,1791132629,1747712,0
8162,1791132647,13583,2184337
5904,1791132728,2126523,0
6862,1791133184,1905015,0
1943,1791133541,1747712,0
2388,1791133604,2119519,266664
5436,1791133628,3904,3904
6660,1791133887,2133408,0
7933,1791133942,1783178,0
5586,1791133961,2085697,2121850
4023,1791134072,1545062,0
10446,1791134101,2051496,0
6842,1791134166,2130145,0
3854,1791134334,2137298,2180125
5121,1791134916,1905015,0
5593,1791135947,2119635,0
12236,1791136195,2123065,0
57,1791136231,1342035,0
1255,1791136427,301920,0
5155,1791136733,219369,0
2078,1791136887,554260,0
6745,1791137017,934653,0
386,1791137334,1682674,0
4202,1791137641,2181476,1573465
1243,1791137888,2131544,0
7923,1791138078,1326344,0
11501,1791138144,2133408,0
11195,1791138540,83966,0
6260,1791138665,2085697,2121850
6197,1791138711,3904,0
1681,1791138720,2127978,1747712
1681,1791138849,1747712,2127978
3488,1791138963,2181837,0
6034,1791139123,2088089,0
8669,1791139525,2133408,0
3987,1791139867,2177696,0
190,1791139886,2122743,0
45,1791140095,1598893,0
6511,1791140233,2184210,0
7876,1791140452,1344786,0
5812,1791140465,1810435,0
2583,1791140860,2057638,0
453,1791140862,2183491,0
5367,1791140911,3904,0
11890,1791140961,2179394,0
11890,1791140970,2179394,2179394
6549,1791141117,2090745,0
1006,1791141860,2127978,1747712
9882,1791142166,2184458,0
11835,1791142254,1317137,0
6620,1791142453,934653,0
631,1791142603,912352,0
6175,1791142714,219369,0
727,1791142725,2183422,0
1933,1791142996,1682674,0
7371,1791143078,2133408,0
6567,1791143364,3904,0
2403,1791143381,1766388,0
4104,1791143576,2179394,2179320
1758,1791143615,2184324,0
3168,1791143686,1747712,0
7009,1791144090,2142802,2134283
5791,1791144144,1678679,0
542,1791144207,1989499,0
1006,1791144413,1747712,2127978
3754,1791144814,28243,0
972,1791145220,35585,0
4140,1791145260,2023202,2136006
6730,1791145479,2102310,1999464
5453,1791145519,2174905,2121850
5392,1791145647,2176673,0
1891,1791145735,219369,0
6715,1791145792,219369,0
9375,1791145881,2184295,0
6671,1791145907,2133408,0
4087,1791146002,1586763,0
1031,1791146003,2021767,0
3159,1791146011,1747072,0
4712,1791146042,219369,0
6919,1791146082,2184204,902339
1863,1791146135,1747712,0
1267,1791146171,2127978,2179320
6567,1791146237,3904,3904
11503,1791146505,2123065,0
9702,1791146675,2183126,0
1943,1791146912,2179394,1747712
10655,1791146989,2086862,1938146
627,1791147161,2127978,2179320
2498,1791147203,1958874,1187462
6004,1791147204,1945137,0
4161,1791147612,2179394,2179320
9385,1791147636,2183448,2080812
2945,1791147723,1766388,0
1025,1791147903,2127978,2179320
3759,1791148070,2177696,2129194
564,1791148318,2057638,0
9506,1791148345,2121965,0
4140,1791148380,2136006,2023202
6046,1791148561,3904,0
3179,1791148900,2137188,0
2931,1791148931,2131544,0
1943,1791148965,1747712,2179394
3752,1791149157,2177696,0
2132,1791149508,2124912,0
1890,1791149979,2177696,0
1890,1791149979,2177696,2177696
1890,1791149979,2177696,2177696
1833,1791150280,888810,0
2511,1791150394,1963398,2179488
401,1791151310,2062192,0
210,1791151568,2124912,0
7593,1791151639,2082469,0
1006,1791152011,2127978,1747712
1006,1791152710,1747712,2127978
3404,1791152790,1889098,2121468
5573,1791153096,888810,0
5227,1791153201,2054225,0
5913,1791153464,2179394,2179320
5913,1791153466,2179394,2179394
9000,1791153951,2093981,0
2004,1791153998,1577451,0
5890,1791154029,2179394,2179320
11105,1791154151,2051496,0
1681,1791154396,2127978,1747712
1681,1791154396,2127978,2127978
5193,1791154957,164,0
6284,1791155146,1678679,0
1406,1791155258,2126523,0
1406,1791155271,2126523,2126523
5690,1791155549,2102310,1999464
3546,1791155582,1485683,1651308
3546,1791155582,1485683,1485683
3546,1791155583,1485683,1485683
10931,1791155934,1731373,0
3897,1791156269,2183490,0
963,1791156458,2102310,0
8315,1791156519,1182358,0
1964,1791156829,2177696,0
12076,1791157077,2123065,0
3051,1791157654,1747712,0
7901,1791157748,2184378,1751869
7725,1791157763,2124157,0
179,1791157977,1905015,0
1304,1791158064,1747712,0
5224,1791158182,219369,0
6225,1791158396,164,0
3546,1791158747,1651308,1485683
6522,1791159003,3904,0
6994,1791159030,2126523,0
329,1791159038,219369,0
3170,1791159712,2181708,0
5037,1791160096,2101846,0
1943,1791160112,2179394,1747712
4140,1791160227,2136006,2136006
3764,1791160578,1810435,0
6643,1791161029,1905015,0
1006,1791161194,2127978,1747712
7253,1791161242,1935738,0
9142,1791161754,1702006,0
2819,1791161757,2174905,0
4194,1791161825,865857,0
6187,1791162029,1810435,0
5358,1791162076,1344786,0
1006,1791162333,1747712,2127978
3575,1791162436,2124912,0
2401,1791162750,2177696,0
2401,1791162750,2177696,2177696
6522,1791162815,3904,3904
5695,1791162819,3904,0
3970,1791162924,2127978,2179320
6936,1791163214,1344786,0
8095,1791163259,1344786,0
8704,1791163481,1678679,0
2393,1791163648,2102310,0
1538,1791163814,2021767,0
6142,1791164200,219369,0
4823,1791164478,2179394,2179320
1857,1791164690,2177696,0
10928,1791164722,2032066,0
4823,1791164832,2179394,2179394
4010,1791164980,1889098,0
5782,1791165304,164,0
5795,1791165378,2113999,0
5795,1791165378,2113999,2113999
6146,1791165474,1905015,0
5357,1791165564,164,0
3989,1791165912,2179394,2179320
306,1791166164,1945137,0
1602,1791166481,278359,1721928
1284,1791166980,1898371,2124889
10702,1791167310,2058795,0
3062,1791167388,1166358,0
470,1791167495,1745999,0
1261,1791167800,2023202,2182257
6210,1791167840,164,0
2235,1791167912,2021767,0
10884,1791168386,1731373,0
2319,1791168780,1994814,0
3503,1791168944,2080309,0
3014,1791169124,2049063,2138229
5119,1791169208,2101531,2181974
5986,1791169223,164,0
3503,1791169239,2080309,2080309
2235,1791169270,2183491,2021767
6616,1791169449,2117706,0
7070,1791169644,1752476,0
2682,1791169669,1747712,0
4941,1791170123,1595726,0
5493,1791170752,164,0
2172,1791171129,2179988,0
6466,1791171142,2028057,0
6525,1791171809,219369,2129228
5222,1791171900,1810435,2129194
4774,1791173316,2171938,0
3996,1791173675,2179394,2179320
8816,1791173914,2121007,1707975
5804,1791174346,23632,1999464
6688,1791174473,1344786,0
3021,1791174996,1946447,0
10835,1791175185,1731373,0
2311,1791175253,2080309,0
1266,1791175397,2121243,2179320
3003,1791176182,1543507,0
3003,1791176182,1543507,1543507
3003,1791176183,1543507,1543507
5626,1791176343,23632,1999464
4322,1791176622,1820940,2084142
7878,1791176935,1784555,2142486
3149,1791177015,278359,1721928
9399,1791177169,23632,2184479
943,1791177310,2137188,0
5554,1791177406,164,0
7481,1791177615,2121007,1707975
2882,1791177666,219369,0
17,1791177718,888810,0
897,1791178422,1587053,1342035
5207,1791178510,1344786,0
7789,1791178648,1344786,0
8700,1791178906,1657363,2078176
3493,1791179252,1598893,0
3493,1791179252,1598893,1598893
2944,1791179291,1586763,0
2114,1791179612,1747712,0
4843,1791179723,219369,0
3433,1791180388,1747712,0
1544,1791180419,2131544,0
11348,1791180425,2123065,0
5400,1791180650,164,0
9902,1791180772,2137541,0
4251,1791181107,2183483,0
8381,1791181114,2121007,1707975
1539,1791181369,925391,0
2151,1791181488,219369,0
1631,1791181594,2126523,1485683
1631,1791181595,2126523,2126523
381,1791181858,1271321,0
5056,1791182059,1980096,0
9500,1791182188,1519293,2184444
12112,1791182224,2123065,0
2532,1791182399,2127978,2179320
5162,1791182444,3904,0
7116,1791182471,219369,0
7116,1791182471,219369,219369
925,1791183155,2057638,0
8700,1791183355,1657363,1657363
5176,1791183463,164,0
4414,1791183551,2085697,0
3762,1791183563,2179394,2179320
8903,1791183602,1515545,772163
6019,1791184351,784340,2121850
5679,1791184460,3904,0
2294,1791184803,2126523,1485683
11781,1791185043,2184526,0
4472,1791185787,2113964,1978213
6859,1791185947,2121007,1707975
6822,1791186296,2121007,1707975
321,1791186706,2137188,0
2753,1791186778,1608799,0
1430,1791186850,2124912,0
3049,1791186937,2127978,2179320
5314,1791187221,2021767,0
8871,1791187726,164,0
9162,1791187753,1667957,0
3919,1791188060,2127978,2179320
8336,1791188060,1696634,1691091
2467,1791188604,2124912,0
1411,1791188762,2127978,2179320
5617,1791189124,1666646,0
6306,1791189364,934653,0
4399,1791189365,2181774,2132944
3147,1791189462,2177696,0
8906,1791189615,2184155,0
5260,1791189766,2118644,0
1304,1791189838,35585,1747712
4725,1791190396,219369,0
9070,1791190438,1075536,0
3051,1791190494,2127978,1747712
3381,1791190624,1651308,0
5858,1791190987,3257,2182145
11842,1791191022,2123065,0
7061,1791191075,2121326,0
5350,1791191324,3904,0
2069,1791191624,2183491,0
2282,1791192113,1682674,0
8922,1791192152,474925,2177723
3378,1791192694,2021767,0
9944,1791192747,2122320,0
2098,1791192798,1810435,2129194
11195,1791192847,2177595,83966
7884,1791193188,1714244,0
6156,1791193251,1980096,0
6960,1791193270,1845090,0
9065,1791193423,1783178,0
7282,1791193576,2060287,1707975
2787,1791193999,2087974,0
11392,1791194129,286637,0
1453,1791194416,2021767,0
7092,1791194598,1344786,0
906,1791194653,2124912,0
8235,1791194693,2121007,0
7898,1791194748,1344786,0
2066,1791195104,2131544,0
1331,1791195495,2021767,0
8645,1791195505,2102310,1999464
9284,1791195636,2121007,0
4270,1791195749,1594692,0
6815,1791196644,2028057,0
3672,1791197753,2109652,0
5214,1791197775,2021767,0
6140,1791197912,1248571,0
851,1791198269,2124912,0
128,1791198472,2177696,0
7865,1791198560,817959,0
2130,1791198712,2184251,908754
320,1791198817,2126523,1485683
6858,1791198988,934653,0
2099,1791199230,2137188,0
2099,1791199231,2137188,2137188
2099,1791199231,2137188,2137188
6786,1791199679,2183448,0
7054,1791199716,217192,2184117
11641,1791200361,286637,0
5173,1791200404,2021767,0
6986,1791201568,2028057,0
6986,1791201568,2028057,2028057
1566,1791201624,2021767,0
2181,1791201993,2177696,0
8240,1791202056,1684263,2182357
4916,1791202212,813,0
7462,1791202270,1344786,0
9004,1791202552,2184448,0
2076,1791202592,2124912,0
6465,1791202816,2084332,2142901
9584,1791202902,2123065,0
6011,1791203097,2113999,0
5711,1791203535,2021767,0
7795,1791203856,1344786,0
6503,1791204010,2122184,2184187
5966,1791204130,3904,0
6312,1791204157,1810435,0
8912,1791204231,537507,0
11124,1791204279,1994337,0
4203,1791204452,2183483,0
11319,1791204682,286637,0
9742,1791205141,2123065,0
6477,1791205531,219369,0
7423,1791205605,934653,0
3497,1791205626,2183491,0
5972,1791206373,222751,0
4135,1791206950,2133019,2181217
5966,1791207323,3904,3904
5462,1791207366,2021767,0
7328,1791207407,2121007,0
4704,1791207565,11565,0
113,1791207617,311234,1911553
614,1791207715,1344475,2129194
4323,1791207766,2177696,0
10439,1791207859,2021767,0
9202,1791208485,1247466,2135744
7954,1791208600,2133408,0
3024,1791208617,1810435,0
4943,1791208669,1980096,0
4200,1791208879,1344786,0
11157,1791209180,2123065,0
600,1791209641,2124912,0
9773,1791209742,1922194,0
6465,1791209823,2142901,2084332
6465,1791209824,2142901,2142901
6465,1791209824,2084332,2142901
3331,1791209881,1747712,0
5107,1791210033,3904,0
7680,1791210465,2133408,0
1502,1791210667,2127978,2179320
701,1791211061,2018579,0
2926,1791211776,1747712,0
1283,1791211806,1747712,0
1283,1791211814,1747712,1747712
1546,1791211893,2127978,2179320
2534,1791211938,2127978,2179320
7086,1791212070,1041417,0
9306,1791212304,2121007,0
9306,1791212304,2121007,2121007
2579,1791212588,2021767,0
1282,1791212608,1810435,0
10858,1791212844,2133408,0
373,1791212943,2119519,266664
711,1791212977,2183491,0
3625,1791212983,2124912,0
7289,1791213648,2183970,0
3474,1791213737,1747712,0
3474,1791213743,1747712,1747712
4093,1791213751,1810435,0
4418,1791213944,2133019,2181217
3936,1791214833,2002238,0
3964,1791214887,1586763,0
434,1791215106,2124912,0
7433,1791215174,2121007,0
795,1791215176,2137298,0
598,1791215300,1271321,0
3131,1791215375,2124912,0
372,1791215568,2095097,0
9238,1791215705,2121007,0
5086,1791216131,164,0
1128,1791216523,1747712,0
10027,1791216576,2021767,0
7519,1791216890,1348773,0
7006,1791217024,1344786,0
8312,1791217087,1344786,0
5169,1791217302,164,0
11377,1791217442,2086862,0
4808,1791217771,1833730,0
9408,1791218303,2098905,2184435
4267,1791218358,2176985,0
10040,1791218415,2123065,0
4220,1791218459,1678679,0
2973,1791218645,1595726,0
2973,1791218645,1595726,1595726
8721,1791218653,2133408,0
8038,1791218695,804111,1894432
5605,1791219006,2466,0
10355,1791219184,2123065,0
578,1791219303,2177696,0
3961,1791219731,1810435,0
1105,1791220101,2057638,0
2041,1791220337,2021767,0
1314,1791220370,1747712,0
5351,1791220440,10764,0
10114,1791220478,2121007,0
4623,1791220737,1344786,0
605,1791220857,2124912,0
9552,1791221057,2184423,0
8685,1791221292,1344786,0
3270,1791221405,2177696,0
2506,1791221405,2124912,0
2506,1791221522,2124912,2124912
5079,1791221612,2054225,0
4294,1791221651,2179394,0
7942,1791222066,1344786,0
5486,1791222354,2118644,0
3485,1791222445,2121243,2179320
2284,1791222639,2095097,0
3364,1791222647,2121243,2179320
4770,1791222804,2141813,0
6102,1791222855,2021767,0
6157,1791223005,2028057,0
5993,1791223066,164,0
8635,1791223115,2133408,0
11127,1791223274,2123065,0
5312,1791223289,3904,0
10255,1791223376,2021767,0
6214,1791223534,2014236,2121850
6214,1791223535,2014236,2014236
4239,1791224238,2113964,0
847,1791224258,2183407,0
6506,1791224284,2121007,0
7495,1791225036,2133408,0
9638,1791225069,1184145,0
9830,1791225281,1731373,0
7083,1791225869,2121007,0
9296,1791226046,2021767,0
6378,1791226077,1390210,0
699,1791226116,1682674,0
8656,1791226179,2121007,0
6833,1791226193,2093353,0
2222,1791226232,2124912,2179320
2902,1791226236,1989499,0
7106,1791226353,934653,0
8562,1791226572,2113964,0
5522,1791226713,2021767,0
4991,1791226749,2021767,0
9417,1791226875,2126990,2142015
3615,1791227052,2113497,2181298
3615,1791227052,2113497,2113497
6618,1791227188,2126523,0
1639,1791227369,2179394,0
6903,1791227373,1344786,0
7908,1791227498,741002,0
6949,1791227508,2133408,0
1093,1791227579,2124912,0
2608,1791227685,2080309,0
6422,1791227819,219369,0
8984,1791227852,2133408,0
3389,1791228202,1535952,0
1472,1791228219,2076485,0
5153,1791228323,1980096,0
3607,1791228472,2124912,0
7363,1791228612,1326344,0
3568,1791228732,2095097,0
535,1791228827,2057638,2121745
3388,1791228868,2127978,2179320
5738,1791229070,2014236,2121850
3469,1791229454,2102310,0
6827,1791229738,1833730,0
3795,1791229870,311234,1911553
10719,1791230096,2058795,0
468,1791230226,1342035,0
2814,1791230320,240304,0
7487,1791230604,934653,0
4382,1791230685,1344786,0
2951,1791230761,2095097,0
5434,1791230815,542783,0
6214,1791230842,743605,2014236
4507,1791231504,1420391,0
1088,1791231632,2124889,0
8792,1791231665,1405084,1522246
11109,1791231811,1994337,0
5051,1791231882,3904,0
882,1791231899,2137298,0
3412,1791232157,2183491,0
5683,1791232362,2021767,0
6009,1791232379,2466,0
3271,1791232445,2090629,0
9521,1791233080,2021767,0
1804,1791233110,1271321,0
9641,1791233356,2173075,0
9188,1791233780,2112530,0
899,1791234067,1747712,0
2767,1791234216,1810435,0
2767,1791234217,1810435,1810435
4164,1791234517,1786798,2182145
2472,1791234789,2124912,0
7698,1791235248,1784555,2093396
7698,1791235248,1784555,1784555
8623,1791236068,1657363,0
37,1791236076,2177696,0
10249,1791236291,2123065,0
6618,1791236542,2126523,2126523
6408,1791236772,1810435,0
622,1791237045,1985704,2174198
9748,1791237069,2183251,0
6618,1791237140,2126523,2126523
2538,1791237430,2057638,0
3619,1791237642,2179394,0
9963,1791237788,2021767,0
11864,1791237843,2122320,0
6484,1791238098,2124934,0
177,1791238793,1994814,2182257
7801,1791239095,817959,0
5167,1791239158,80863,0
3907,1791239198,2127978,2179320
1003,1791239212,2095097,0
1549,1791239357,1963398,2179488
4622,1791239521,164,0
1024,1791240064,1036162,0
7129,1791240085,164,0
2749,1791240150,1793379,0
9582,1791240520,2123065,0
11763,1791240685,2088603,0
2167,1791240742,254189,2182257
1077,1791240868,925391,0
5390,1791240999,2028057,0
8416,1791241059,2184350,561343
7956,1791241145,2121007,0
7956,1791241152,2121007,2121007
302,1791241889,2137188,0
6735,1791241937,2101846,0
2405,1791242143,1608799,0
8398,1791242725,2179037,2132181
6111,1791242774,2021767,0
3058,1791242779,2131544,0
3058,1791242779,2131544,2131544
1593,1791242855,2131544,0
6736,1791242978,164,0
3073,1791243015,2102310,0
2765,1791243264,2122743,0
2800,1791243576,2177696,0
3939,1791243906,2088720,2117706
3946,1791244174,1571842,0
8121,1791244177,1922589,0
10022,1791244543,2184431,0
3942,1791244587,1905015,0
3075,1791244664,2183957,0
7934,1791244668,2091224,2142482
2870,1791244724,2057638,2121745
4870,1791245158,1595726,0
5892,1791245175,2177144,0
5892,1791245175,2177144,2177144
3840,1791245259,1586763,0
5792,1791245340,1810435,0
8932,1791245698,1184145,0
2884,1791246212,2083788,0
3476,1791246253,2179394,2179320
5891,1791246264,2113999,0
4549,1791246341,2177759,0
8239,1791246348,1344786,0
9798,1791246368,2124935,2133183
5070,1791246763,1317137,0
8222,1791246808,1344786,0
5669,1791247681,164,0
1258,1791247684,542783,2182257
8560,1791247744,231570,0
6103,1791247751,2102310,1999464
11675,1791248128,992825,0
11427,1791248709,1344475,0
817,1791249015,2183491,0
9402,1791249120,2133408,0
2828,1791249575,1747712,0
9986,1791250051,2032066,0
5252,1791250057,2177554,0
4550,1791250109,1535952,0
914,1791250325,2122743,0
3076,1791250438,2032066,0
1262,1791250479,1946447,0
986,1791250492,2121243,2179320
5852,1791250698,2182125,0
5581,1791250737,888810,0
3740,1791251003,2122757,0
2412,1791251342,2176434,0
7121,1791252336,1041417,0
2091,1791252455,1598893,0
2600,1791252728,1806454,2121745
1189,1791253189,1747712,0
10210,1791253395,2172741,0
2476,1791253738,2121243,2179320
1097,1791253916,2070095,0
11510,1791254332,1327372,0
3910,1791254900,550454,0
2223,1791255159,2021767,0
2223,1791255159,2021767,2021767
3203,1791255513,2177759,0
1311,1791255561,2171983,2182257
7520,1791255656,1344786,0
2543,1791255790,2174905,0
2603,1791255988,2032066,0
11172,1791256062,2088603,0
6323,1791256166,2171938,0
11028,1791256341,1327372,0
8246,1791256654,231570,0
6419,1791256839,2184205,0
1507,1791257118,2172838,9148
7580,1791257163,2142802,2183546
3949,1791258045,2176985,0
7964,1791258374,2121007,0
7222,1791258591,2082469,1955107
7404,1791258594,2134563,1955107
7404,1791258595,2134563,2134563
10224,1791258750,1344475,0
1155,1791258775,888810,0
7853,1791259036,2112530,0
7853,1791259038,2112530,2112530
4315,1791259418,1471280,0
1983,1791259471,1344786,0
6308,1791259758,2028057,0
1325,1791259834,2177696,0
11321,1791259988,1344475,0
3564,1791260279,1747072,2182257
2954,1791260288,1747712,0
8106,1791261491,1024499,0
2752,1791261513,1747712,0
1162,1791262187,2131544,0
463,1791262522,1946447,0
10431,1791263521,28243,0
3137,1791263693,240304,0
5631,1791264067,2088089,0
5540,1791264359,1980096,0
8088,1791264380,1617970,1961501
10325,1791264753,2009293,2137113
8225,1791264857,2112530,0
8774,1791264862,2102310,0
10736,1791265022,2123065,0
8175,1791265243,2184275,0
1683,1791266525,1166358,0
9196,1791266546,2182121,0
8956,1791266708,2133408,0
11012,1791266793,1994337,0
1096,1791267028,141108,1986226
7981,1791267071,1326344,0
7394,1791267081,2121007,0
9758,1791267405,2178156,1700496
8518,1791267691,2179243,0
8252,1791268301,2133408,0
1257,1791268363,2095097,0
6523,1791268548,1905015,0
6393,1791269292,1041417,0
8546,1791269459,1075536,2097174
3001,1791269642,2094332,0
9413,1791269906,2184427,0
2457,1791270314,2176735,0
2818,1791270328,2176735,0
4005,1791270477,2002238,0
2505,1791270617,1586763,0
8614,1791270630,1678679,0
9061,1791270681,2184427,0
960,1791271156,1786798,2174102
5919,1791271287,1833730,0
6905,1791271785,926570,0
2340,1791271964,1674937,0
3914,1791272338,2133019,2181217
3180,1791272342,2176735,0
4629,1791273111,2179394,0
78,1791273446,1745999,0
6255,1791273511,1810435,0
12302,1791273774,1894074,0
7094,1791273988,2171938,0
5168,1791274360,164,0
9647,1791274513,2123065,0
3342,1791274549,2102310,0
7722,1791274551,2084332,0
12233,1791274891,2058795,0
7227,1791275558,1752476,0
7227,1791275581,1752476,1752476
11309,1791275735,2123065,0
4262,1791275823,2177554,0
1649,1791275883,2124912,2179320
7864,1791276191,1091882,0
4652,1791276567,2183483,0
85,1791276926,2126523,0
5291,1791276935,3904,0
3406,1791277310,2123065,0
9232,1791277393,2181104,0
5459,1791277572,1752476,0
8956,1791277591,2133408,2133408
3040,1791277660,2124912,0
8776,1791277811,2121326,0
940,1791277887,2177696,0
9814,1791278630,2184395,2184485
308,1791278702,2126523,0
5431,1791279114,1317137,0
1908,1791279233,2127978,1747712
7684,1791279261,1344786,0
6732,1791279382,2183448,0
2776,1791279751,1810435,0
2861,1791280032,1682674,0
12222,1791280367,2073946,0
6008,1791280419,2088089,0
7667,1791280970,948,0
12024,1791281002,1691132,0
6686,1791281140,20451,0
3442,1791281445,2102310,0
918,1791281573,2113497,2181298
2502,1791281882,2124912,0
10296,1791281954,2123065,0
1158,1791282083,1587053,0
2769,1791283502,1983197,0
8581,1791283662,164,0
8581,1791283662,164,164
2913,1791284163,1535952,0
9096,1791285021,2124706,0
8515,1791285213,2084332,0
8806,1791285472,1657363,0
5885,1791285574,2177144,0
11913,1791285582,19450,0
11939,1791286003,2182145,0
2166,1791286417,2179394,0
1826,1791286611,2177696,0
7122,1791286805,2082469,0
1800,1791286915,2062192,0
7202,1791287365,2184210,0
1597,1791287383,907588,0
1813,1791287556,1766388,0
1626,1791287884,2057638,0
8421,1791288002,1617970,1961501
4156,1791288181,2183490,0
3326,1791288408,2129677,2182145
4584,1791288543,2176985,0
6598,1791288552,1833730,0
9682,1791289000,1691132,0
5060,1791289008,2177554,0
9155,1791289052,2032066,0
3096,1791289055,1810435,0
1213,1791289057,1587053,0
4718,1791289148,3904,0
7657,1791289306,1784555,2093353
3465,1791289354,2174905,0
836,1791289443,1793379,0
4140,1791289679,1994814,2136006
8952,1791289694,2176673,2180088
9066,1791289729,217192,2131331
1130,1791289802,800543,2076485
1130,1791289802,800543,800543
413,1791289831,1580481,2076485
7448,1791289832,1871,0
3224,1791289863,2179989,0
2878,1791289864,2129677,2122773
9992,1791289942,2184496,0
6182,1791290823,1678679,0
9304,1791290866,35585,2182169
2900,1791291259,2057638,2182145
4514,1791291313,2179394,0
11255,1791291592,2177696,0
294,1791291910,1898371,2124889
2523,1791292125,2095097,2076485
2523,1791292126,2095097,2095097
6846,1791292743,20451,0
2418,1791292851,1958874,0
8355,1791293204,1907385,967045
3303,1791293341,2023202,2182145
2357,1791293435,1682674,1137765
4859,1791293908,2177759,0
11974,1791294148,1519293,0
9350,1791294215,2133413,0
6789,1791294486,2124934,0
5127,1791294965,2023202,0
1198,1791295169,2123065,0
8170,1791295398,2102310,0
7543,1791296169,2182227,0
7649,1791296175,2182227,0
2850,1791296279,2102310,0
771,1791296406,2028057,2182257
2323,1791296423,2095097,0
1715,1791296573,1595726,0
1310,1791296778,2121243,0
6914,1791296801,2171938,0
1818,1791296981,2126523,0
6223,1791297356,219369,0
4583,1791297359,1344786,0
2234,1791297414,2137188,0
10622,1791297641,23632,0
7809,1791298489,1871,0
10508,1791298673,2142901,0
1491,1791298682,2121243,0
1090,1791298813,1961278,2122773
2221,1791299425,1898371,2182145
12566,1791299637,2123065,0
5651,1791299754,1715991,2181075
1956,1791299880,2018579,0
1385,1791299976,866900,0
1600,1791300026,2131544,0
2928,1791300583,240304,0
5282,1791300881,2121326,0
9191,1791301253,2184411,0
8026,1791301612,2082469,0
4260,1791302239,784340,0
1067,1791302444,1898371,2182145
4989,1791302585,1344475,0
5159,1791302614,2181542,2182145
1130,1791302699,2076485,800543
12225,1791302810,2184150,0
315,1791303004,1271321,0
9315,1791303083,2128583,0
9315,1791303118,2128583,2128583
1306,1791303325,1961278,2122773
8465,1791303338,804111,0
2829,1791303380,2090629,0
9811,1791304481,1731373,0
2764,1791304616,784340,0
2606,1791305017,2136214,0
9241,1791305259,2137541,0
8938,1791305440,2098905,0
3615,1791305685,1994814,2113497
3615,1791305686,1994814,1994814
2029,1791305709,1898371,2182145
4461,1791305997,2031095,0
595,1791306136,1682674,1137765
1828,1791306733,2095097,0
7703,1791306795,2130145,0
61,1791306879,2131544,0
6044,1791307170,2028057,3638
378,1791307466,1587053,0
11131,1791307482,1731373,0
4250,1791307691,1571842,0
548,1791307795,2183490,0
548,1791307795,2183490,2183490
7814,1791308426,1344786,0
316,1791308679,1898371,2182145
369,1791308692,2137188,2179988
7015,1791309035,1041417,0
10136,1791309297,1783178,0
3211,1791309500,925391,0
10587,1791309956,1403781,0
3069,1791310414,2173364,0
2957,1791310461,2129677,2122773
2154,1791310681,2124912,0
3743,1791310930,1810435,0
137,1791311227,1958874,2122773
5564,1791311294,1833730,0
1034,1791311931,2179394,0
10391,1791312170,1173977,0
2201,1791312183,311234,0
4127,1791312288,1546340,0
231,1791312357,741002,0
7281,1791312594,1871,0
7586,1791312609,20451,0
630,1791312639,2119519,2179988
649,1791312855,1793379,0
9382,1791313019,2137541,0
11422,1791313029,2051496,0
3310,1791313271,1459338,0
10921,1791313478,2123065,0
4842,1791314251,1821118,0
2176,1791314295,2177696,0
4968,1791314615,1595726,0
7118,1791314821,1344786,0
4897,1791314871,2113999,0
6112,1791315001,20451,0
89,1791315067,1989499,0
6261,1791315161,2028057,3638
8710,1791315541,2098997,2176484
5474,1791315652,2118644,0
1058,1791316189,1587053,0
5608,1791316370,776487,0
3004,1791316648,1961278,2122773
3175,1791316759,2080309,0
3419,1791316809,2177696,0
2821,1791316873,2183491,2113497
316,1791316895,254189,1898371
316,1791316895,254189,254189
6687,1791316980,2171938,0
6392,1791317349,1784555,0
10601,1791317400,23632,0
3751,1791317543,1898371,2183804
1944,1791317616,2121243,0
1944,1791317616,2121243,2121243
8807,1791317793,1515545,1702006
154,1791318062,2124912,0
2037,1791318352,862456,0
2263,1791318388,2123065,0
6307,1791318493,2466,0
10477,1791318827,2123065,0
3223,1791319764,2021767,0
10867,1791320108,2183126,0
5637,1791320132,164,0
10217,1791320555,2073946,0
10782,1791320798,2144281,2110451
1973,1791321003,2124912,0
1973,1791321003,2124912,2124912
9812,1791321054,2137541,2184295
8382,1791321384,2082469,0
6904,1791321407,1784555,0
6904,1791321427,1784555,1784555
440,1791321620,240304,0
7999,1791322436,2182227,0
6081,1791323064,1556649,0
8299,1791323257,1871,0
2414,1791323303,550454,1682871
76,1791323427,2123065,0
1936,1791323448,2021767,0
9110,1791323554,2102310,0
9680,1791323894,2137541,2121965
3103,1791324310,2088720,2117706
4310,1791324360,240304,0
5050,1791324389,2177554,0
4248,1791324651,2174905,0
3559,1791324663,1806454,2183804
8086,1791325030,2142923,0
3542,1791325460,2129677,2183804
9680,1791325500,2137541,2137541
7024,1791325776,20451,0
4522,1791325916,240304,0
4103,1791326125,183045,0
918,1791326181,1994814,2113497
8076,1791326285,1344786,0
9256,1791326485,2184427,0
2607,1791326514,2181837,0
10180,1791327068,2102165,0
2221,1791327173,2183483,1898371
2878,1791327242,2122744,2129677
3540,1791327406,2177696,0
1380,1791327590,1814340,0
2160,1791327804,2121243,0
2160,1791327804,2121243,2121243
2596,1791327829,240304,0
8797,1791328036,2084332,0
333,1791328077,2137188,2179988
4479,1791328379,1148395,0
8981,1791328602,2084340,0
2430,1791328856,912352,2182145
4972,1791329200,1344475,0
3802,1791329204,1666646,0
2674,1791329824,1471280,0
5149,1791330258,2181542,2182145
9040,1791330977,2177379,0
2332,1791331033,1587053,0
2332,1791331034,1587053,1587053
3749,1791331085,2131544,0
1949,1791331118,2131544,0
2892,1791331235,2183491,2113497
2834,1791331370,311234,0
1636,1791332459,2090629,0
363,1791332564,240304,0
7475,1791332626,2121007,0
3631,1791332784,784340,0
10392,1791332860,2045759,2122320
7911,1791332941,2134962,0
4159,1791333298,1546340,0
12117,1791333314,1549959,0
12117,1791333315,1549959,1549959
2731,1791333723,240304,0
4157,1791333932,1124356,1657441
11603,1791334337,1327372,0
6170,1791334499,2119635,0
8521,1791334554,804111,0
10073,1791335211,23632,0
11414,1791335410,164,0
6560,1791335467,20451,0
2221,1791335552,1898371,2183483
8070,1791336375,1610816,2110005
1153,1791336403,1961278,2183804
8081,1791336675,2137541,0
11026,1791336687,1836199,0
4967,1791338677,164,0
3735,1791339183,1958874,0
1392,1791339690,1905015,2182145
1392,1791339690,1905015,1905015
8280,1791339893,2102310,0
8280,1791339893,2102310,2102310
7932,1791339894,2084332,0
157,1791340533,2088720,2117706
6579,1791340811,219369,0
2178,1791340820,862456,0
8224,1791340847,1247466,2135744
9824,1791341043,1169034,0
7045,1791341217,2133408,2182145
4356,1791341224,2176985,0
4029,1791341759,2123065,2133518
7351,1791341947,1714244,2112721
3116,1791341996,925391,0
5161,1791342020,219369,0
10008,1791342025,2184423,0
6917,1791342160,2134563,1955107
1067,1791342163,2183483,1898371
8496,1791342212,1678679,0
1798,1791342743,2121243,0
2221,1791342992,2183483,1898371
6797,1791343053,2064866,1553266
2221,1791343202,2183483,2183483
5395,1791343570,1997833,2117522
1218,1791343859,1682674,0
8799,1791343972,1344786,0
7017,1791344327,2171938,0
6425,1791344570,1736828,0
5907,1791344624,2028057,0
6933,1791344974,1833730,0
5963,1791345050,2101531,0
6820,1791345061,1390210,0
1424,1791345122,1889098,0
5726,1791345445,2002238,0
4311,1791345491,1796437,0
4839,1791345796,2171938,0
7079,1791345799,164,0
5441,1791345851,80863,0
2492,1791346861,1810435,0
7707,1791346899,2005788,2131097
6450,1791347138,1833730,0
3405,1791347310,1166358,0
1543,1791347356,1946447,0
8528,1791347668,2137541,254547
6575,1791348034,2184204,0
4186,1791348108,1912482,2181809
2170,1791348171,2121243,0
4719,1791348600,164,0
1576,1791350107,542783,2182257
7537,1791350324,1678679,0
5409,1791350503,1390210,0
549,1791350671,2095097,0
4948,1791350728,219369,0
7631,1791351161,2140502,1566793
10715,1791351491,2184801,0
3061,1791351498,2095097,0
2541,1791352161,2172838,0
2541,1791352168,2172838,2172838
1067,1791352177,2085697,2183483
11783,1791352186,28243,0
1067,1791352970,2183483,2085697
8863,1791353020,1667957,0
5595,1791353151,1833730,0
5595,1791353153,1833730,1833730
10182,1791353157,1224118,0
5266,1791353476,1716245,0
8910,1791353685,2184436,0
2211,1791354106,240304,0
2079,1791354172,1958874,2122773
2079,1791354173,1958874,1958874
377,1791354186,1810435,0
3190,1791354232,2177759,0
1594,1791354317,2095097,0
4119,1791354448,2091224,0
10782,1791355537,287776,2144281
1067,1791356026,2183483,2183483
1069,1791356294,1470110,0
7443,1791356376,1905015,2182145
6526,1791356424,20451,0
586,1791356476,1963398,2179488
6324,1791356925,1784555,0
3755,1791357348,1577451,0
2898,1791357567,2131544,0
5569,1791358132,2101846,0
2105,1791358456,20451,0
883,1791358510,1271321,0
5578,1791358524,83966,2176355
5546,1791359069,2028057,0
2243,1791359241,1535952,0
2440,1791359249,1898371,0
9043,1791359458,2130145,0
5205,1791359735,10902,0
7478,1791360901,1598893,0
8802,1791361044,2112530,0
3055,1791361212,1945137,0
7082,1791361774,1833730,0
8698,1791362326,2082469,0
7102,1791363077,1833730,0
2744,1791363122,2136214,0
7224,1791363229,2082469,0
4105,1791363231,1344786,0
1431,1791363231,2127978,1747712
4730,1791363714,2014236,372729
2032,1791363883,1259861,0
6642,1791364011,2133408,2182145
8326,1791364698,2130145,0
7254,1791365050,2183448,0
6642,1791365239,2133408,2133408
731,1791365341,311234,0
4902,1791365864,2177554,0
1221,1791365866,2130145,0
205,1791365867,2179394,0
1643,1791365943,2123065,0
3310,1791365986,2021767,1459338
6699,1791365988,1041417,0
6642,1791366985,2133408,2133408
490,1791367209,1587053,2178811
11570,1791367299,311234,0
2696,1791367345,1745999,2127978
2588,1791367359,2129677,0
2727,1791367505,1320170,1682674
10942,1791367643,2137541,0
3157,1791367661,2123065,0
6642,1791367666,222751,2133408
6642,1791367666,222751,222751
674,1791367764,1745999,2178811
7294,1791367849,20451,0
2704,1791367916,1595726,0
3918,1791368001,2173364,0
6437,1791368118,1556649,0
490,1791368135,1587053,1587053
9900,1791368681,1403781,0
3866,1791368787,2177696,0
532,1791368989,2181708,0
3085,1791369016,1905015,0
11794,1791369228,286637,0
1081,1791370070,2123065,0
1254,1791370137,1174348,0
8417,1791370660,2137541,0
9104,1791371207,2184141,0
110,1791371306,2129677,0
3132,1791371459,2179989,0
12052,1791371554,311234,0
1555,1791371620,2136006,2023202
7000,1791371663,20451,0
9540,1791371745,2137541,0
2079,1791372204,2122744,1958874
4,1791372218,2137188,0
7627,1791372535,1598893,0
7397,1791372979,2179095,0
2727,1791373233,1682674,1320170
3421,1791373350,2119519,2179988
8211,1791373874,2130145,0
4201,1791374135,2174905,372729
7373,1791374513,2082469,0
6797,1791374637,1137797,2064866
6797,1791374637,2064866,1137797
6797,1791374789,1615111,2064866
6797,1791374790,2064866,1615111
2696,1791375397,2127978,1745999
4067,1791375629,2014236,372729
2727,1791375724,1320170,1682674
8388,1791376259,20451,0
6416,1791376440,1833730,0
7388,1791376631,2171938,0
8929,1791376650,2009293,2137133
12331,1791376734,28243,0
3878,1791377679,1344475,0
3878,1791377680,1344475,1344475
3878,1791377680,1344475,1344475
3918,1791378144,2173364,2173364
8337,1791378329,20451,0
5185,1791378749,1716245,0
9156,1791379022,666419,572504
1067,1791379222,2183483,2183483
3534,1791379276,2090629,0
6164,1791379583,2002238,0
12189,1791379897,286637,0
10917,1791380535,23046,0
9579,1791380821,2096765,0
4427,1791380856,1571842,0
8603,1791381628,1301199,2184275
7596,1791382328,1678679,0
3244,1791382469,2131544,0
3676,1791382521,2094332,0
8789,1791382558,2137541,0
2696,1791382614,1745999,2127978
7039,1791382651,1344786,0
6542,1791382676,1024499,0
4475,1791382776,2054225,0
4978,1791382785,2133408,2182145
9719,1791382839,2180297,0
3492,1791383100,2032066,2018579
673,1791383102,2087974,2018579
452,1791383102,141108,2018579
2614,1791383102,2032066,2018579
2571,1791383103,2025956,2018579
6204,1791383486,301920,0
3670,1791383524,2094332,0
7723,1791383809,2121007,0
796,1791384345,1344475,0
1264,1791384428,2181431,0
11083,1791384788,311234,0
6471,1791385000,1344786,0
674,1791385070,2126523,1745999
674,1791385170,1745999,2126523
7987,1791385521,1714244,0
4218,1791385531,183045,0
254,1791386036,1810435,0
674,1791386041,1745999,1745999
6071,1791386064,1784555,0
6071,1791386065,1784555,1784555
7425,1791386609,1657363,2183546
2696,1791386695,1745999,1745999
2696,1791386759,2127978,1745999
8143,1791387094,2092837,0
8070,1791387753,1610816,1610816
2156,1791388943,2183490,0
7554,1791389076,1871,0
2867,1791389194,2136214,0
7413,1791389422,926570,0
3128,1791389654,1674937,0
1431,1791389859,1747712,2127978
11546,1791390352,311234,0
11546,1791390352,311234,311234
6239,1791390628,2028057,0
7107,1791390734,2084332,2142901
10337,1791390797,1894074,0
9357,1791391307,2184223,1762817
2602,1791391401,2179029,0
12208,1791392148,1783178,0
1840,1791392150,1979816,2113353
1840,1791392150,1979816,1979816
5537,1791392193,1390210,0
10017,1791392422,2137541,0
9615,1791392852,1783178,0
8784,1791393101,2124935,2184389
1374,1791393309,2083091,2174198
3138,1791393326,784340,0
9406,1791393429,1731373,0
5255,1791393455,1736828,0
7420,1791393682,1041417,0
5102,1791394015,2023202,0
5102,1791394017,2023202,2023202
7131,1791394112,2180662,987723
8355,1791394557,1519293,1907385
8355,1791394557,1519293,1519293
8355,1791394557,1519293,1519293
10737,1791394600,1783178,0
2269,1791394728,2129677,0
3091,1791394732,1543507,0
9674,1791394758,2137541,0
9840,1791394821,2132867,0
5693,1791394904,1833730,0
4669,1791394996,164,0
8477,1791395208,1657363,0
640,1791395253,1556649,2018579
2651,1791395433,1945137,0
4978,1791395808,222751,2133408
5677,1791396218,1736828,0
6139,1791396303,1740954,0
1425,1791396498,1958874,0
10571,1791396520,2184517,0
10827,1791397034,2071214,0
2712,1791397337,2129677,0
8431,1791397447,2121007,0
7823,1791397618,2171938,0
3716,1791398220,2121243,0
4268,1791398545,1594692,0
11149,1791398586,1173977,0
3302,1791398647,311234,0
10106,1791398651,2144035,2054744
7656,1791398700,1833730,0
6442,1791398924,3904,0
8035,1791399614,1731373,0
10401,1791399858,403419,1933963
2483,1791400127,2094332,0
5337,1791400167,222751,0
5337,1791400167,222751,222751
1090,1791400174,2122757,1961278
1090,1791400175,1961278,2122757
10113,1791400481,2071214,0
8866,1791400494,2137541,0
8866,1791400494,2137541,2137541
7298,1791400965,2084332,0
2740,1791401086,2021767,1745999
2740,1791401086,2021767,2021767
6033,1791401114,2121326,0
554,1791401436,2058795,0
9176,1791401502,2073946,0
6076,1791401546,1833730,0
9201,1791401597,2144035,0
1555,1791401914,912352,2136006
11247,1791401938,1783178,0
12459,1791402260,2127679,0
6616,1791402342,2088720,2117706
12560,1791402522,28243,0
12560,1791402522,28243,28243
7518,1791402753,1348773,0
12195,1791402824,2078678,0
4151,1791403103,1571842,0
5298,1791403172,1716245,0
5147,1791403510,10764,0
9570,1791404290,1858260,7365
5779,1791404363,1390210,0
9159,1791404428,1783178,0
2694,1791405176,2183491,2113497
10097,1791405613,2184223,0
994,1791406004,2172838,0
8060,1791406327,20451,0
11375,1791406686,1783178,0
7666,1791406711,2102310,0
5838,1791406762,1980096,0
8355,1791406829,1683698,1519293
813,1791406977,865857,2018579
813,1791406977,865857,865857
6663,1791407003,2116252,0
2179,1791407069,1889098,0
9897,1791407151,23632,0
761,1791407668,2179394,0
7140,1791408444,2084332,0
8098,1791408736,2084332,0
1171,1791408825,2137188,0
8692,1791408833,2137541,0
11118,1791409005,1783178,0
7612,1791409703,2084332,0
9285,1791409770,1783178,0
4924,1791409872,1875804,1294772
3845,1791410026,1344786,0
7140,1791410090,2084332,2084332
9497,1791410105,2184447,0
6729,1791410495,2121007,0
6729,1791410495,2121007,2121007
7386,1791410692,2084332,0
6976,1791410817,2184204,0
4077,1791411092,2136006,2023202
6656,1791411429,164,0
220,1791411579,2137188,0
1233,1791411778,240304,0
8513,1791411890,2137541,2179414
8513,1791411891,2137541,2137541
575,1791412411,2088720,2117706
5990,1791412426,1556649,0
6212,1791412475,1556649,0
5633,1791412534,102641,2134336
11808,1791413162,1327372,0
3563,1791413284,2131544,0
5818,1791413465,2139741,0
3632,1791413740,1406307,0
7386,1791413773,2084332,2084332
7386,1791413773,2084332,2084332
3592,1791413800,862456,0
3592,1791413800,862456,862456
3592,1791413800,862456,862456
5990,1791414035,1556649,1556649
6185,1791414121,1390210,0
2718,1791414582,1766388,0
9396,1791414698,380208,0
6372,1791414835,2088603,0
1596,1791414973,2172838,0
1166,1791415077,2181708,0
6990,1791415326,2084332,0
617,1791416385,2094332,0
1591,1791416774,2172838,0
5007,1791416812,2085697,372729
5279,1791416882,222751,0
2670,1791417066,1747072,0
8616,1791417485,1871,0
725,1791417495,741002,0
2361,1791417790,741002,0
5905,1791418052,2121007,0
298,1791418135,2183491,2113497
7978,1791418463,1871,0
3171,1791418607,2094332,0
580,1791418987,2094332,0
616,1791419036,2124912,0
2793,1791419393,2094332,0
7400,1791419724,2183448,0
5319,1791419870,2014236,0
2398,1791419989,1470110,0
8135,1791420109,1999464,2104259
8135,1791420109,1999464,1999464
10272,1791420446,2137541,0
6721,1791420530,222751,0
8229,1791421999,2121007,0
8229,1791421999,2121007,2121007
4504,1791422147,164,0
4504,1791422147,164,164
264,1791422159,1989499,0
7303,1791422219,1024499,0
380,1791422237,2110662,0
11388,1791422355,2124912,0
1480,1791422495,1810435,0
10733,1791422770,1917716,0
3031,1791422918,321281,2140333
12659,1791422965,2133518,0
6115,1791422971,222751,0
4062,1791423351,1247466,2176830
1068,1791423366,2085697,372729
4558,1791423453,2094332,0
4558,1791423453,2094332,2094332
6629,1791424375,2121007,0
580,1791425084,2177696,2094332
580,1791425084,2177696,2177696
1972,1791425232,1453511,0
2028,1791425421,2122743,0
2566,1791426232,2177696,0
9365,1791426524,1783178,0
3614,1791426949,1543507,0
5120,1791427717,2175174,0
3502,1791428249,2137188,0
7366,1791428783,2084332,0
8009,1791428916,19450,2184323
8856,1791428961,2005788,1267847
2124,1791429062,1983197,1986226
6412,1791429249,1833730,0
6424,1791430598,1736828,0
2559,1791430855,311234,0
2660,1791430876,2094332,0
2699,1791430909,2122743,0
3870,1791431757,2094332,0
5381,1791431817,102641,0
5873,1791432201,222751,0
1981,1791432206,1820949,2095097
3940,1791433088,2181774,0
4304,1791433624,1471280,0
7525,1791433630,1613388,2176434
3099,1791434099,2136214,0
6370,1791434159,1390210,0
5090,1791434364,1390210,0
1601,1791434821,2002238,0
8929,1791435092,1783178,2009293
7209,1791435921,2121007,0
10372,1791436535,2172610,0
8190,1791436567,2140502,2112721
215,1791438024,1595726,0
5580,1791438223,1947487,0
5599,1791438496,2177105,0
767,1791439014,2102310,0
6377,1791439583,2134563,0
3971,1791439829,141108,1915106
5164,1791439959,1947487,0
3979,1791440184,2124912,0
1846,1791440631,2057638,0
1846,1791440631,2057638,2057638
8195,1791440904,2130145,0
5715,1791441212,1947487,0
103,1791441309,1342035,0
2391,1791441641,1577451,0
970,1791441818,1342035,0
2295,1791441853,2094332,0
2102,1791442990,1595726,0
7046,1791443267,2073946,0
350,1791443329,1342035,0
6743,1791443338,20451,0
8229,1791443445,2121007,2121007
8219,1791443451,20451,0
3655,1791443572,1342035,0
7508,1791444329,2084332,0
3753,1791444575,992825,0
11435,1791444624,1783178,0
852,1791444818,1342035,0
7577,1791445089,2121007,0
793,1791445195,2057638,0
2876,1791445254,1342035,0
4654,1791445390,865857,0
1676,1791445702,2179989,0
2316,1791445743,1342035,0
3191,1791445767,2174905,0
10262,1791446879,23632,0
10527,1791447450,1342035,0
8212,1791447576,2183486,10174
8727,1791447605,164,0
9150,1791447709,474925,0
7174,1791447711,2084332,0
7996,1791447912,2084332,0
8385,1791448257,1301199,2184275
530,1791448616,992825,0
62,1791448967,1342035,0
7276,1791449679,486339,0
3821,1791449800,1247466,2176830
547,1791450376,1344475,0
376,1791450398,2057638,0
2599,1791451144,1820949,2095097
3484,1791451815,1546340,0
7778,1791452366,1344786,0
7778,1791452366,1344786,1344786
1281,1791452424,1342035,0
3110,1791452459,1342035,0
10415,1791452460,1783178,2078678
8191,1791452491,301920,0
5506,1791453361,222751,0
2877,1791453361,141108,0
1559,1791453366,1344475,0
1375,1791453966,1745999,1745999
3523,1791454920,1342035,0
625,1791455078,2127978,1747712
6592,1791455159,2084332,0
9012,1791455343,817959,0
3808,1791455430,891173,2140134
3808,1791455430,891173,891173
1469,1791455941,1342035,0
10847,1791456017,2137541,0
4827,1791456367,2126394,0
9937,1791456451,2177858,0
5663,1791456510,1947487,0
1375,1791456712,2126523,1745999
1375,1791456712,2126523,2126523
1375,1791456712,2126523,2126523
1375,1791456712,2126523,2126523
1375,1791456713,1745999,2126523
4740,1791456792,2090629,0
619,1791456806,35585,0
5517,1791457033,1716245,0
2643,1791457087,2137188,0
8208,1791457109,2112530,0
3028,1791457251,2112801,2140134
9690,1791457644,2184583,0
1375,1791457766,2126523,1745999
1375,1791457766,2126523,2126523
1375,1791457766,1745999,2126523
9591,1791457910,2129889,0
6592,1791458058,2084332,2084332
8258,1791458176,1610816,0
8510,1791458191,2137541,0
8929,1791458628,2009293,1783178
8929,1791458642,1783178,2009293
8929,1791458694,1783178,1783178
1287,1791459294,2049063,2063206
6133,1791459342,2028057,0
3821,1791459365,1247466,1247466
9198,1791459380,1783178,0
7693,1791459578,1871,0
3265,1791459695,311234,0
8838,1791459770,1657363,0
6666,1791459862,1833730,0
3344,1791460012,1985704,0
8777,1791460351,2082469,0
6953,1791460698,2121007,0
11329,1791460911,1731373,0
1663,1791461064,2183483,0
3035,1791461214,240304,0
296,1791461473,1342035,0
11043,1791461480,2184526,0
9108,1791461552,2081237,0
399,1791461738,2119635,0
399,1791461738,2119635,2119635
4914,1791461992,1629978,0
8031,1791462035,2084332,0
782,1791462684,1342035,0
9548,1791462880,1989499,0
2524,1791463197,1342035,0
4984,1791463764,1629978,2174163
4244,1791463972,554260,986252
281,1791464858,1342035,0
6999,1791464905,1041417,0
4048,1791464924,866900,0
9690,1791465024,2184508,2184583
3904,1791465068,862456,0
4516,1791465669,1173630,2140134
3037,1791465925,1577451,0
930,1791466042,2023202,0
2304,1791466530,1342035,0
6248,1791466572,2177554,0
1581,1791466847,2094332,0
1006,1791466976,2127978,1747712
5104,1791467012,102641,0
6127,1791467359,217192,0
5294,1791467541,222751,0
344,1791467705,1674937,0
4241,1791467855,1905015,0
2241,1791467979,1342035,0
7042,1791468092,222751,0
565,1791468208,2032066,0
12569,1791468216,2124935,0
5511,1791468256,1980096,0
5982,1791468355,2028057,0
6020,1791468382,222751,0
2883,1791468475,2176735,0
7828,1791468686,2028057,0
2162,1791469078,2094332,0
2383,1791469102,2094332,0
8135,1791469435,23632,1999464
5328,1791469510,1947487,0
1322,1791469520,2177696,0
5284,1791469579,1342035,0
6089,1791469618,222751,0
1916,1791469620,2094332,0
7617,1791469650,2073946,0
3745,1791469729,2090629,0
8075,1791470322,1833730,0
3188,1791470566,2131544,0
9478,1791470739,2184411,0
9590,1791470799,1783178,0
10853,1791471249,2182386,2180090
1418,1791471486,2177696,0
6631,1791471512,486339,0
6029,1791471574,1390210,0
12701,1791471627,786529,0
5416,1791471650,2090745,0
801,1791471788,2127978,0
7335,1791471804,2088603,0
8853,1791472200,2171938,2180297
7862,1791472418,2084332,0
4486,1791472670,2094332,0
4486,1791472670,2094332,2094332
8756,1791472727,1403781,2177768
2094,1791473128,1586763,0
5040,1791473246,1716245,0
1139,1791473443,1342035,0
4460,1791473556,240304,0
2331,1791473615,1898371,0
2331,1791473615,1898371,1898371
6134,1791473653,1556649,0
6593,1791473781,222751,0
5366,1791473805,2002238,0
1458,1791473809,2095097,0
11981,1791474346,1783178,0
1006,1791474367,2127978,2127978
5432,1791474383,1947487,0
5081,1791475223,2023202,0
701,1791475300,1796437,2018579
1391,1791475377,1810435,0
7160,1791475774,2084332,0
6991,1791475876,2134563,0
362,1791476251,2131544,0
8340,1791476271,20451,0
6498,1791476419,1556649,0
9313,1791476528,2126990,0
10470,1791476667,2183126,0
1368,1791476716,2094332,0
7798,1791477472,1784555,0
7357,1791477490,222751,0
3541,1791477495,1174348,0
6932,1791477697,2087044,0
12125,1791478815,2184150,0
6184,1791479382,2118644,0
567,1791479809,2177696,0
7534,1791479883,486339,0
1445,1791480308,2078276,0
2400,1791481161,1571842,0
5788,1791481335,80863,0
5140,1791481512,1947487,0
5140,1791481512,1947487,1947487
5140,1791481512,1947487,1947487
498,1791481549,2032066,1043263
498,1791481550,2032066,2032066
672,1791481875,2032066,1043263
7023,1791481967,1833730,0
5138,1791482042,2177144,0
8224,1791482253,1983197,1247466
10082,1791482710,403419,2176663
890,1791483468,2178811,0
1713,1791483616,2180626,0
9332,1791483661,474925,0
1337,1791483736,1342035,0
3087,1791484210,2124483,2181298
7356,1791484329,2002238,0
7084,1791485166,2084332,0
4017,1791485188,1247466,2176830
3275,1791485233,2137188,0
9324,1791485356,1579889,947682
105,1791485425,1342035,0
3246,1791485857,2023202,0
2436,1791485893,1342035,0
6166,1791486441,2088603,0
3679,1791486476,1342035,0
6080,1791486685,2142901,0
7993,1791486686,2112530,0
2021,1791487005,2131544,0
4697,1791487013,102641,0
1431,1791487124,2127978,1747712
1431,1791487124,2127978,2127978
6782,1791487312,486339,0
2470,1791487317,141108,0
3198,1791487579,2032066,1043263
4440,1791487596,2172838,0
9323,1791487627,2132867,0
613,1791488422,784340,0
849,1791488515,1543507,0
2844,1791488710,2078276,0
5565,1791488749,222751,0
4889,1791488759,2112801,2140134
5456,1791488953,222751,0
3531,1791489028,1546340,0
5035,1791489858,2181542,0
5049,1791490042,2090745,0
6515,1791490244,1556649,0
2663,1791490276,1342035,0
2550,1791491004,2076485,0
1540,1791491155,1577451,0
10301,1791491416,2137541,0
7356,1791491549,2002238,2002238
3932,1791491861,1247466,2176830
2910,1791491874,2094332,0
5310,1791492048,23046,0
845,1791492325,2171983,1187462
12035,1791492384,2133518,0
4455,1791492481,240304,0
2202,1791492561,2078276,0
3648,1791493077,1342035,0
1431,1791493150,572281,2127978
1431,1791493150,2127978,572281
8247,1791493158,2171938,0
5456,1791493176,2119727,222751
12264,1791493182,1546340,0
2906,1791493288,1946933,0
2554,1791493364,1342035,0
289,1791493483,2094332,0
3443,1791493774,1963398,0
1902,1791494174,2136273,0
2475,1791494377,1963398,0
1136,1791495246,2080309,0
8436,1791495329,1472448,0
8062,1791495360,20451,0
7550,1791495799,2142802,0
9569,1791496337,1783178,0
10753,1791496366,1994337,0
2306,1791496671,2078276,0
8674,1791497501,2092837,0
9599,1791497525,1964159,0
10962,1791498156,1994940,2184801
1239,1791498396,2136214,0
8530,1791498592,2082469,0
7490,1791498682,2183448,0
9303,1791499109,2137541,0
845,1791499145,1961278,2171983
2168,1791499406,1586763,0
1318,1791499512,2180626,0
273,1791499533,2094332,0
9560,1791499549,1922194,0
1458,1791499621,1997833,2095097
1458,1791499623,1997833,1997833
1458,1791499623,1997833,1997833
6537,1791499796,486339,0
4964,1791500469,2090745,0
2711,1791500472,1814340,0
8819,1791500869,684733,2085977
1006,1791501191,1747712,2127978
9779,1791501487,2082469,0
1431,1791501514,1747712,2127978
2683,1791501645,2183483,0
6681,1791501716,486339,0
8270,1791501719,945125,572504
8663,1791501793,1546340,0
1121,1791501923,1247466,2176830
610,1791502111,1994814,2181298
1185,1791502238,2094332,0
1485,1791502377,911726,0
2444,1791502446,2094332,0
3600,1791502746,1342035,0
11513,1791502913,1546340,0
11513,1791502913,1546340,1546340
11322,1791503228,2132406,0
5306,1791503602,2181542,0
3697,1791503749,311234,0
2959,1791503798,2078276,0
6459,1791503900,3904,0
5435,1791503977,1947487,0
5435,1791503977,1947487,1947487
3722,1791504197,1577451,0
5427,1791504245,1947487,0
5427,1791504246,1947487,1947487
1431,1791504533,2127978,1747712
55,1791504853,1471280,0
654,1791505070,1342035,0
588,1791505341,141108,1915106
3326,1791505461,1786798,2129677
276,1791505681,2090629,0
2096,1791505811,1999464,776487
355,1791505999,2123065,0
6399,1791506142,1784555,0
6461,1791506411,222751,0
1006,1791506411,2127978,1747712
1458,1791507240,2057638,1997833
841,1791507269,2119519,0
841,1791507269,2119519,2119519
2823,1791507314,2123065,0
3710,1791507345,1342035,0
3509,1791507603,1342035,0
4542,1791507680,1989749,0
6873,1791508542,222751,0
4980,1791508555,23632,776487
10787,1791508606,2184852,0
3586,1791508682,925391,0
3176,1791508744,1342035,0
724,1791508931,1845090,0
911,1791509278,2078276,0
911,1791509279,2078276,2078276
11733,1791509938,1327372,0
5989,1791509947,222751,0
3210,1791510199,2184213,0
10975,1791510325,2058795,0
7490,1791510352,292351,2183448
7323,1791510435,1833730,0
11875,1791510549,1546340,0
11025,1791510688,1783178,0
7919,1791510817,1871,0
11998,1791511001,2133518,0
10083,1791511179,1317137,0
1571,1791511363,2078276,0
1242,1791511607,35585,0
11196,1791512011,20146,0
10150,1791512024,2058795,0
9726,1791512095,231570,0
8520,1791512229,1579889,2178569
5438,1791512493,23632,776487
6108,1791512716,23632,776487
7142,1791512753,1833730,0
7712,1791513097,301920,0
7712,1791513106,301920,301920
9436,1791513185,2137541,0
978,1791513580,1820949,2095097
1952,1791513806,240304,0
1855,1791513829,2176591,0
4493,1791514023,2048893,0
2253,1791514287,2083091,0
3253,1791514325,2184213,0
822,1791514678,2184213,0
2963,1791515987,1174348,0
3713,1791516139,141108,1915106
5250,1791516232,1715991,0
5414,1791516908,1546340,0
3533,1791516931,1406307,0
879,1791517701,2179989,0
239,1791517838,1342035,0
1006,1791517890,1747712,2127978
7613,1791517941,2092837,0
7786,1791518642,2171938,0
11665,1791519070,1783178,0
544,1791519099,1958874,2122743
9861,1791519829,2133408,0
6486,1791520036,888810,0
1006,1791520111,2127978,1747712
4617,1791521162,2176985,0
6402,1791521342,1784555,0
4314,1791522207,2136006,0
6657,1791523130,2134563,0
9965,1791523333,2184517,0
163,1791523807,311234,0
2547,1791524055,2025956,0
1525,1791524088,1766388,0
10749,1791524099,2058795,0
3686,1791524878,1598893,0
2723,1791525323,2181476,0
8094,1791525670,486339,0
4651,1791525704,2090745,0
34,1791526184,2184213,0
1057,1791526388,1587053,0
10823,1791526754,2130145,0
10014,1791527102,2184447,0
8316,1791527647,2084332,0
6135,1791528238,1556649,0
12212,1791528745,2133518,0
8123,1791529563,1784555,0
3307,1791529740,2127978,2062192
3307,1791529740,2127978,2127978
576,1791530033,1342035,0
1481,1791530511,1342035,0
5125,1791530689,2101846,0
3912,1791530860,865857,0
4777,1791530935,1546340,0
2810,1791531277,1595726,0
6282,1791531679,888810,0
1831,1791532086,2094332,0
7983,1791532319,2171938,0
7983,1791532319,2171938,2171938
7983,1791532319,2171938,2171938
10084,1791532556,2084332,0
6536,1791532582,20451,0
5290,1791532594,1947487,0
2096,1791532703,23632,1999464
5766,1791533088,1833730,0
6014,1791533445,2023202,0
2698,1791533496,2078276,0
8783,1791533690,486339,0
1774,1791533797,2078276,0
4865,1791534746,1546340,0
911,1791534776,1459338,2078276
12669,1791535000,1783178,0
6946,1791535046,1793379,1564217
3720,1791535476,1342035,0
1206,1791535512,1745999,0
2507,1791535608,2136006,2057638
983,1791535685,1810435,0
1883,1791535881,1577451,0
5909,1791535939,1947487,0
8373,1791536235,2112530,0
4383,1791536300,2114370,0
2616,1791536606,1342035,0
2153,1791536619,1342035,0
2616,1791536647,1342035,1342035
480,1791536694,1342035,0
8880,1791537659,2184395,0
8701,1791538527,2133408,0
2101,1791538875,1342035,0
2953,1791539013,2123065,0
9656,1791539343,2133408,0
1809,1791539964,1946447,0
2507,1791540481,2057638,2136006
2706,1791540668,1342035,0
939,1791540842,2123065,572281
9796,1791540973,2084340,0
1201,1791541099,2183491,0
6570,1791541381,1041417,0
10852,1791541490,2067012,0
6588,1791541545,2028057,0
2194,1791541959,1587053,0
1360,1791543254,2181774,0
8902,1791543548,2142222,0
5772,1791543666,2113999,0
4797,1791543673,1683698,2140134
7626,1791543940,1598893,0
2392,1791543959,2183491,0
11215,1791544197,286637,0
1259,1791544521,141108,0
1356,1791544590,2078276,0
6200,1791545910,1041417,0
3355,1791546210,2078276,0
260,1791548075,2078276,0
12122,1791548157,2090745,0
8828,1791548405,1678679,0
977,1791549455,1342035,0
82,1791549818,35585,0
907,1791549963,2172838,0
8354,1791550277,2130145,0
2507,1791550662,2057638,2057638
4544,1791550667,1317137,0
3401,1791551322,2095097,0
2888,1791551458,2119519,0
5983,1791551668,2128799,0
302,1791552250,2137188,2137188
8265,1791553037,19450,0
7552,1791553146,1041417,0
5477,1791553313,3257,0
10463,1791553969,2144035,0
11681,1791554353,2090745,0
8773,1791554603,1091882,0
12583,1791554653,286637,0
749,1791555383,2183491,0
1312,1791555398,1714244,0
6065,1791555521,2118644,0
10143,1791555783,2090745,0
2781,1791555910,2184213,2105233
10725,1791556002,2067012,0
12604,1791556546,311234,0
4975,1791556972,2090745,0
10096,1791557071,2067012,0
4960,1791557277,2090745,0
3803,1791557517,2136006,0
5814,1791557864,2090745,0
5814,1791557866,2090745,2090745
7456,1791558166,2142802,0
9737,1791558331,2137541,0
2318,1791558433,2078276,0
6672,1791558595,1344786,0
7314,1791558624,217192,2178079
7314,1791558731,2183998,217192
2528,1791558790,2183491,0
1775,1791558852,2183491,0
7708,1791559214,2014236,0
5817,1791559686,1546340,0
8926,1791559755,2084332,0
10067,1791560112,70237,0
11626,1791560236,1863997,0
10656,1791560404,2067012,0
4751,1791560575,102641,0
7695,1791561144,20451,0
10081,1791561190,1587053,0
12693,1791561234,311234,0
2857,1791561369,2078276,0
7501,1791561515,14536,0
5405,1791561524,2121243,0
49,1791561662,2183491,0
2339,1791562388,2183491,0
6543,1791562673,102641,0
4758,1791562704,912352,0
2713,1791562770,1820949,0
2841,1791563170,2095097,0
5587,1791563252,1716245,0
5304,1791563694,1947487,0
5304,1791563695,1947487,1947487
8755,1791563798,2121007,0
189,1791564491,2126523,0
5245,1791564529,2090745,0
1918,1791564695,2095097,0
6683,1791564784,2133408,0
11809,1791564910,2048251,0
10235,1791564956,2058795,0
4245,1791565053,865857,0
3473,1791565188,141108,0
2097,1791565533,2095097,0
9301,1791565534,835134,0
6793,1791565805,2123609,0
5881,1791566303,1833730,0
2922,1791566397,2183491,0
5908,1791566503,888810,0
6167,1791566844,888810,0
7670,1791567155,2124934,0
3812,1791567241,2173364,0
3161,1791567421,2078276,0
2090,1791567683,2183491,0
1896,1791567791,1342035,0
1896,1791567791,1342035,1342035
10427,1791568107,2067012,0
1896,1791568477,1342035,1342035
12205,1791568538,2048251,0
534,1791568776,141108,1915106
7301,1791569229,301920,0
2688,1791569895,550454,2072840
2438,1791569990,311234,0
5596,1791570049,3257,0
911,1791571040,2078276,1459338
9287,1791571073,2133408,0
4892,1791571074,2054225,0
1021,1791571146,2183491,0
2868,1791571159,2090629,0
9377,1791571370,1184145,0
5529,1791571633,2090745,0
7124,1791571771,1833730,0
2090,1791571803,2183491,2183491
10011,1791571832,1657363,0
7533,1791571996,1833730,0
3862,1791572127,2172838,0
1896,1791572463,1459338,1342035
1163,1791572559,1958874,1672154
2461,1791572684,1961278,1672154
6215,1791572711,2183491,0
718,1791572800,2183491,0
980,1791572888,1958874,1672154
5676,1791572963,2180626,0
10033,1791573272,2090745,0
236,1791573431,1342035,0
2121,1791573633,1342035,0
12906,1791573836,2090745,0
2301,1791574390,2183491,0
2598,1791574491,2183491,0
10717,1791574521,2129889,985782
10055,1791574855,231570,2177721
2627,1791575110,1342035,0
12928,1791575178,157446,0
11663,1791575492,2090745,0
466,1791575518,2181476,0
5033,1791575739,2088603,0
5530,1791576234,2181542,0
9455,1791576364,2184448,0
9223,1791576666,2127679,0
5650,1791576894,2183491,2133408
3570,1791577218,2177554,0
12755,1791577450,2048251,0
3387,1791577669,2183642,2180461
3387,1791577679,2183642,2183642
1220,1791578302,1344475,0
13,1791578414,2183491,0
8770,1791578656,486339,0
5811,1791578736,2118644,0
4825,1791579031,102641,0
3556,1791579317,2078276,0
6489,1791579750,2091224,1130513
354,1791579992,2088720,0
2276,1791580054,2181891,0
3252,1791580155,1958874,1672154
9153,1791580216,1783178,0
5915,1791580221,2182125,0
9164,1791580227,934653,0
11021,1791580315,2058795,0
1192,1791580361,141108,0
5401,1791580413,934653,0
7872,1791580734,2171938,0
1660,1791581232,2129677,1672154
7975,1791581340,1091882,0
5796,1791581661,1947487,0
11542,1791581836,862456,0
658,1791582032,2095097,0
1378,1791582204,2005788,0
9668,1791582219,2090745,0
9668,1791582219,2090745,2090745
3164,1791582388,2078276,0
10620,1791582637,1587053,0
12726,1791582924,2067012,0
12726,1791582925,2067012,2067012
2466,1791583488,2090629,0
7291,1791583562,2116252,0
6428,1791584245,888810,0
1590,1791584310,2071214,0
7639,1791584362,2112530,0
3194,1791584586,2095097,0
3194,1791584586,2095097,2095097
10675,1791584811,2058795,0
9955,1791584826,1894074,2025474
10101,1791584994,2084340,0
10328,1791585914,1783178,0
2051,1791586118,1471280,0
9958,1791586261,835134,0
10060,1791586362,2133408,0
7440,1791586513,2133408,0
9143,1791586605,2181217,2177264
956,1791586636,1587053,0
1151,1791586739,2095097,0
6825,1791586832,934653,0
798,1791587054,2129677,1672154
7402,1791587463,1714244,0
1457,1791587955,2032066,0
10493,1791587961,83966,2177595
10493,1791587962,83966,83966
1842,1791588322,1546340,0
633,1791588499,2057638,1672154
9465,1791588626,1784555,0
4528,1791588852,2136006,0
6726,1791588862,1556649,0
1847,1791588874,934653,2133518
4307,1791588903,835134,0
3623,1791589222,1342035,0
1466,1791589309,2078276,0
1766,1791589647,2183491,0
8121,1791589698,2121007,1922589
786,1791590114,2181476,0
7177,1791590126,2073946,0
8535,1791590240,2130145,1922589
6972,1791590393,2140502,1566793
4688,1791590617,1571842,0
12534,1791590917,2094332,0
92,1791590954,2057638,1672154
12103,1791591295,2094332,0
9348,1791591548,1224118,0
6109,1791591944,3257,0
6109,1791591951,3257,3257
1508,1791592066,2057638,2057638
12424,1791592099,2133518,0
5561,1791592318,813,0
393,1791592412,2094332,0
1880,1791592637,1651308,0
10686,1791592671,2168803,1994940
11034,1791592682,311234,0
10259,1791592975,1783178,0
10633,1791593410,1587053,0
10633,1791593416,1587053,1587053
4491,1791593526,2174905,0
9,1791593579,2183491,0
2636,1791593631,2183491,0
8234,1791594409,1091882,0
6529,1791594770,2084332,2184204
6529,1791594770,2084332,2084332
6529,1791594770,2084332,2084332
6529,1791594814,2084332,2084332
2209,1791595090,1342035,0
6951,1791595334,301920,0
8008,1791595584,1714244,0
9472,1791595716,2067012,0
11558,1791595986,2142901,0
1892,1791596050,2181476,0
10633,1791596443,1587053,1587053
10057,1791596896,1169034,0
9038,1791596906,891173,2177379
974,1791596966,2126523,0
5854,1791597028,1546340,0
3064,1791597384,2121243,0
6290,1791597451,2183634,0
7514,1791597855,1833730,0
5025,1791597869,80863,0
6193,1791598099,934653,0
6692,1791598130,1390210,2184204
11823,1791598242,2067012,0
246,1791598337,2183491,0
1011,1791598343,16275,2077773
3671,1791598443,2078276,0
9505,1791598651,2067012,0
3182,1791598803,2078276,0
7277,1791599505,1390210,2184204
5238,1791599975,1947487,0
10791,1791600068,2184285,2128459
6258,1791600150,20451,0
4993,1791600245,2177144,0
4993,1791600245,2177144,2177144
1807,1791600857,2183491,0
8053,1791601079,2112530,0
7419,1791601217,1833730,0
11812,1791601226,2133518,0
502,1791601407,2183483,0
3554,1791602030,2103338,0
2431,1791602739,1586763,0
2853,1791602761,2087974,2120953
9068,1791602819,2184134,0
3578,1791603659,2025956,0
11553,1791604407,11758,0
8401,1791605457,1796437,0
3747,1791605808,2095097,0
287,1791605886,2087974,0
5895,1791606461,20146,2064866
1508,1791606541,2136006,2057638
7772,1791607030,891173,0
1984,1791607542,1651308,0
1870,1791607615,1587053,0
8055,1791607705,2005788,0
8886,1791607821,2067012,0
6027,1791607848,2133408,0
7879,1791607927,1783178,0
7879,1791607928,1783178,1783178
7702,1791608007,23632,1999464
5393,1791608571,23632,1999464
3734,1791609015,1342035,0
10493,1791609068,2058795,83966
2588,1791609526,2136006,2129677
7428,1791610083,2102310,0
7306,1791610340,2133408,0
1042,1791610433,925391,0
4845,1791610952,2136006,0
7488,1791611785,1024499,0
2264,1791611912,1459338,0
7677,1791611941,1941136,0
3093,1791612179,865857,0
3362,1791612269,2095097,0
1110,1791612329,2032066,0
11584,1791612394,1546340,0
5895,1791612460,2064866,20146
2520,1791613428,2095097,0
889,1791613478,2088720,0
3268,1791613482,1259861,0
6480,1791613670,2067012,2184204
7201,1791613822,2090745,0
3047,1791614234,2125437,0
7806,1791614768,1783178,0
11197,1791614851,2182386,2181025
9568,1791615319,934653,0
11920,1791615360,2142901,0
7190,1791615363,2123609,0
1718,1791615496,2183491,0
7806,1791616322,1783178,1783178
7806,1791616324,1783178,1783178
9440,1791616432,231570,0
8738,1791616487,2136214,0
10339,1791616517,934653,0
6919,1791616761,2142222,2184204
4089,1791616769,934653,0
6573,1791616785,888810,0
341,1791616963,2025956,0
8140,1791617721,486339,0
9273,1791618051,2058795,0
1149,1791618171,2137188,0
6286,1791618346,1156788,2176921
5922,1791618403,934653,0
7132,1791618837,2137541,0
6781,1791619204,784340,743605
5969,1791619290,1946447,0
10528,1791619677,1317137,0
