1,Bmww+11,468,550,28243,9605,0
2,Pueblo+de+b%C3%A1rbaros,527,493,0,396,0
3,Pueblo+de+bonificaci%C3%B3n,508,470,0,432,6
4,000,501,517,2137188,1496,8
5,11.+La+Caba%C3%B1a,469,548,1793379,8739,0
6,07.+B%C3%A1rbaros,466,545,1793379,2434,0
7,011-,544,539,2179516,1750,1
8,007+ABUS%21,472,522,1271321,10160,0
9,Pueblo+de+b%C3%A1rbaros,519,543,0,408,0
10,Seth,478,500,2093156,1790,1
11,%5B002%5D+Sinsangre,505,551,1535952,7986,2
12,Nabu17,472,529,911726,2916,0
13,Pueblo+de+b%C3%A1rbaros,524,545,0,477,0
14,Freddy,530,536,1259861,606,1
15,010+Rial+OrDeN,453,479,1124356,4389,9
16,North+004,469,537,28243,8287,0
17,036+Mr+Chorizo+Reventado,466,504,888810,1644,0
18,Pueblo+de+bonificaci%C3%B3n,525,484,0,547,9
19,Noble,455,477,219369,1452,4
20,04+-+Edoras,450,548,1820940,8773,0
21,Nucleoide+I,514,441,2032066,5202,9
22,012+ABUS%21,485,528,1271321,7461,0
23,Pueblo+de+Drael+005,510,489,2125437,2540,1
24,Pueblo+de+bonificaci%C3%B3n,453,481,0,527,1
25,Maik023,469,539,2084332,7164,0
26,Pueblo+de+b%C3%A1rbaros,464,460,0,481,0
27,004-almacen,450,502,2083788,2186,9
28,Sargentillo+1ro,491,543,1651308,8034,0
29,Pueblo+de+b%C3%A1rbaros,478,550,0,398,0
30,Pueblo+de+bonificaci%C3%B3n,480,469,24249,1066,7
31,002,540,455,2174905,7146,8
32,noob70,498,519,1650928,2445,0
33,0022+K44+Cegarro%3F%3F,457,460,2132828,1710,3
34,006,524,473,2184213,477,3
35,guelflendo,495,526,1731090,2754,0
36,19+Rall+Eroim,471,553,2131544,4911,4
37,065+Noble,483,505,2177696,1610,3
39,011,530,525,2181708,1412,4
40,Kobe+%2321,491,506,1342035,8396,0
41,Pueblo+de+b%C3%A1rbaros,529,453,684733,2383,0
42,Ragusa,544,479,1608799,4749,2
43,F011,501,539,1587053,7871,0
44,Pueblo+de+b%C3%A1rbaros,539,455,0,380,0
45,AB02+Noble,554,524,1598893,817,5
46,mi+adri,522,491,2076485,8733,4
47,pueblo+de+condeplebeyo,497,536,321281,4116,0
48,Barbarito+6,532,467,1958874,4012,6
49,Pueblo+de+bonificaci%C3%B3n,505,545,2183491,505,9
50,004+lemo,498,569,934653,9268,0
51,Jorpoide,483,483,2073585,3038,1
53,015,481,539,2102310,5691,4
54,Pueblo+de+b%C3%A1rbaros,463,542,0,305,0
55,Pueblo+de+b%C3%A1rbaros,539,468,1471280,464,0
56,29+Tu+fallia,476,532,2131544,2181,3
57,Kobe+%2324,483,512,1342035,3726,2
58,Kobe+%2324,479,531,1342035,9432,0
59,013+Sastre,535,485,2080309,1090,0
60,Pueblo+de+bonificaci%C3%B3n,462,460,0,492,2
61,40+Arak,468,540,2131544,1074,7
62,Jordan+%2323,480,527,1342035,633,0
63,Pueblo+de+bonificaci%C3%B3n,509,457,0,497,7
64,Gentrificacion,457,530,240304,6809,8
65,Naci%C3%B3n+Pitbull,468,552,2172838,8560,0
66,%2AChina+Town%2A,527,513,2183957,1417,7
67,Pueblo+de+bonificaci%C3%B3n,491,463,0,438,3
68,B03+-+This+is+S+P+A+R+T+A%21,474,539,1745999,9421,0
69,0.9+-+Soul+Society,513,446,1734443,3992,7
70,E00+BT,497,443,1951772,2581,4
71,pueblo+de+m.portugal,477,532,2059008,3240,0
72,B009+Noble,550,521,1994814,7268,1
73,Andres+Iniesta,441,513,2136214,2021,4
74,21+Narak,470,536,2131544,7612,0
75,Pueblo+de+b%C3%A1rbaros,528,517,0,511,0
76,Noble+A030,488,550,2123065,1216,7
77,16+Reshi,470,554,2131544,9459,0
78,D17+-+This+is+S+P+A+R+T+A%21,493,496,1745999,662,0
79,Kobe+%2324,486,510,1342035,5539,9
80,Pueblo+de+bonificaci%C3%B3n,528,480,0,774,3
81,001,462,538,1810435,6406,0
82,Pueblo+de+b%C3%A1rbaros,480,481,35585,252,4
83,B012+Noble,551,521,1994814,4875,6
85,F+032+PIOLIN,503,487,2126523,1110,0
86,Honor+Cid+2,481,549,28243,10044,2
87,022+ABUS%21,471,526,1271321,6682,0
88,Pueblo+de+b%C3%A1rbaros,463,458,0,471,0
89,Centro+-+15+BoniMetalhead,474,515,1989499,1520,3
90,Pueblo+de+b%C3%A1rbaros,478,523,1651308,4902,0
91,T02,504,463,1156608,686,1
92,FLINT+009,532,502,1672154,3455,2
93,Medio+22,472,553,28243,9837,0
94,E03+-+This+is+S+P+A+R+T+A%21,469,485,1745999,9459,2
95,Alpedrete,449,483,2181837,3141,9
96,pueblo+de+-.Kenny+McCormick.-,559,457,1998599,1111,0
97,%2AChina+Town%2A,528,513,2183957,1886,9
98,Kobe+%2320,491,519,1342035,9389,0
99,Casa+Baratheon-,492,496,2180662,614,1
100,Imperio+Matt,572,517,3257,9161,0
101,pueblo+de+Drael+004,513,491,2125437,4941,0
102,Pueblo+de+bonificaci%C3%B3n,529,480,0,414,3
103,Jordan+%2323,495,522,1342035,718,5
104,001-mo17,564,521,183045,7494,0
105,Jordan+%2323,486,518,1342035,707,0
106,06+CeMeNTeRiO,470,457,2130145,5140,4
107,DDD,558,545,741002,8823,0
108,LCO+014,521,557,1586763,7514,2
109,Babilonia,562,536,789512,8524,0
110,Noble+020,533,496,2129677,1183,3
111,Fantasma,548,544,891173,9113,0
112,FR+009,546,503,1898371,2388,2
113,010+V+O+L+D+E+M+O+R+T,441,490,311234,5489,5
114,InSaNe,531,562,1173630,7832,0
115,Pueblo+de+b%C3%A1rbaros,506,513,0,461,0
116,LCO+008,531,550,1586763,6128,9
117,04.+Eea,523,503,2122744,3382,6
118,Ragnarr+Lodbr%C3%B3k,561,534,1535952,8296,0
119,Pueblo+de+b%C3%A1rbaros,526,459,0,520,0
120,aaa,443,502,1731373,8503,9
121,Olimpo,571,521,1545062,7988,0
122,Pueblo+de+bonificaci%C3%B3n,522,524,0,480,7
123,001+-+Sakura,554,540,1549959,7620,0
124,Noble+A009,499,551,2123065,4237,8
125,%5B001%5D+Pueblo+de+Luffy,570,522,1716245,9443,0
126,008.+Rena,489,447,1983197,2045,0
127,008+Barcelona,482,447,1609139,1742,9
128,043+Noble,466,511,2177696,1587,6
129,Starbase,559,536,1907385,9835,0
130,Pueblo+de+b%C3%A1rbaros,527,507,0,493,0
131,Pueblo+de+bonificaci%C3%B3n,448,475,1814340,2540,2
132,%5B013%5D+O.o,462,467,278359,3163,4
133,Opercana,559,519,2123609,9277,0
134,048+-+Noble,466,476,2179394,2695,9
135,pueblo+de+desde+mi+cielo,499,522,1597818,794,0
136,Pueblo+de+b%C3%A1rbaros,553,474,0,354,0
137,B003,528,503,1958874,6041,4
138,00+enixx,430,515,1736828,8931,0
139,Constantinopla,537,481,1608799,4019,0
140,Novio+de+kano,475,451,2121243,5901,8
141,07.+%C3%8Dtaca,524,498,2122744,731,0
142,024.+ABUS,500,560,1678679,2643,0
143,20.Preparemonos.+Para+un+mundo,449,519,1571842,4058,3
144,001+Comienzo,571,523,1825930,9176,0
145,JFK+5,513,479,2182357,407,3
146,039+Noble,469,461,2127978,6242,3
147,Noble+Fantasma+001,554,552,1905015,9861,0
148,004+Prosciutto,544,471,2181542,5776,8
149,pana,522,492,2076485,8440,0
150,Pueblo+de+b%C3%A1rbaros,487,446,0,449,0
151,103-005msc,451,532,2172761,4638,9
152,000+Fantasmas,550,535,2112801,7263,0
153,Pueblo+de+b%C3%A1rbaros,514,532,0,550,0
154,34.,485,477,2124912,1364,6
155,Tsushima+01%23,571,522,2114370,7297,0
156,053+-+Noble,467,475,2179394,2404,0
157,006+Noble,502,442,2088720,1175,4
158,Pueblo+de+bonificaci%C3%B3n,515,474,0,481,9
160,003,542,540,2181708,9165,3
161,024+Noble,471,507,2177696,5742,4
162,Tsushima+02%23,567,524,2114370,6429,0
163,023,447,501,311234,619,0
164,003+SUR,550,489,1898371,8807,9
165,BODEM,565,530,2123609,9319,0
166,Pestoso+05,523,514,1820949,2469,9
167,001+FUNEBRERO,488,488,2178811,4634,5
168,000+NOBLE,560,528,2176985,10400,0
169,021+-+Noble,464,485,2179394,8435,8
170,Draco+005,548,528,2181669,3278,0
171,000,516,530,2137188,3298,2
172,pueblo+de+reus+city,505,577,2183801,495,0
173,Pueblo+de+b%C3%A1rbaros,513,484,0,355,0
174,Pueblo+de+bonificaci%C3%B3n,504,469,684733,3093,3
175,bbb,450,515,1731373,8017,1
176,Goku+002,548,530,2181669,3756,0
177,D021+Noble,535,519,1994814,6208,8
178,Monta+Cabras+1,474,502,2175100,1985,3
179,Noble+Fantasma+014,557,537,1905015,1936,0
180,033+Noble,473,505,2177696,1749,0
181,yellowcat+1.6,481,495,2175860,1354,3
182,Pueblo+de+bonificaci%C3%B3n,499,483,0,345,9
183,08+Victor+Blade,557,538,2128799,3300,0
184,0017,539,472,2095097,2525,0
185,ALBERDI-005,540,494,1806454,3760,5
186,002+MEDIDAS+VARIAS,547,480,301920,9861,0
187,Pueblo+de+bonificaci%C3%B3n,513,532,0,508,3
188,CASTILLO+LANNISTER,541,522,542783,8883,0
189,103+PIOLIN,495,484,2126523,393,0
190,Pueblo+de+bonificaci%C3%B3n,514,504,2122743,575,2
191,Oxygen+888,537,467,1958874,8377,0
192,Pueblo+de+b%C3%A1rbaros,470,448,0,450,0
193,Pueblo+de+bonificaci%C3%B3n,506,550,0,485,7
194,001+Adonalsium,568,484,912352,9835,0
195,Pueblo+de+Drael+003,512,489,2125437,4663,9
196,010+NOBLE,556,493,2177144,3319,5
197,003+Cultivaci%C3%B3n,562,483,912352,9835,0
198,Pueblo+de+b%C3%A1rbaros,463,540,0,427,0
199,Centro+-+07+BoniCuarteli%C3%B1o,467,529,1989499,3465,5
200,pueblo+de+yave39,542,481,1608799,7841,0
201,F+017+PIOLIN,496,495,2126523,4418,0
202,Pueblo+de+bonificaci%C3%B3n,453,523,1945137,3770,9
203,Pueblo+de+bonificaci%C3%B3n,527,472,2115188,307,2
204,017,506,471,1684263,6267,0
205,071+-+Noble,467,488,2179394,2081,5
206,0008,543,464,2095097,5901,1
207,002+SUR,555,485,1898371,10126,0
208,001+NOBLE,500,445,2176997,2539,0
209,Noble+B017,548,516,254189,3549,6
210,12.n,481,443,2124912,1609,1
211,000_La+casa+de+las+Flores,561,491,1715991,6860,0
212,Barbarito+5,535,467,1958874,5686,2
213,Pueblo+de+bonificaci%C3%B3n,523,485,0,305,7
214,010.+McLeod,569,488,2088603,9779,0
215,024,448,493,1595726,923,5
216,ALBERDI-003,543,482,1806454,9304,0
217,Comenzando+3,558,505,2138682,3057,1
218,Oxygen+444,532,465,1958874,9721,8
219,Parkjim,524,504,2145367,2641,0
220,000,504,508,2137188,1283,0
221,Pinaceas,520,457,1979816,1032,5
222,Oxygen+111,530,468,1958874,9742,0
223,F+009+PIOLIN,500,490,2126523,4026,0
224,%5B006%5D+O.o,462,458,278359,6197,8
225,062+Noble,475,485,2127978,3715,3
226,One+Piece+01,542,478,1961278,9461,0
227,Pueblo+de+bonificaci%C3%B3n,515,456,0,496,1
228,Pueblo+de+ElJama+02,437,459,2121326,8886,0
229,Noble+A012,493,556,2123065,3890,3
230,One+Piece+05,541,476,1961278,9529,0
231,GGG222,515,556,741002,1181,9
232,018,506,469,1684263,4778,8
233,Pueblo+de+b%C3%A1rbaros,503,506,0,297,0
234,B002+Noble,552,515,1598893,6318,3
235,SAOSAR+CITY,509,514,2182034,6446,0
236,Pueblo+de+b%C3%A1rbaros,475,540,0,563,0
237,Pueblo+de+bonificaci%C3%B3n,518,477,0,413,5
238,027+ABUS%21,495,512,1271321,5091,0
239,Jordan+%2323,486,524,1342035,760,0
240,bbb,453,514,1731373,7889,2
241,035+-+Noble,466,450,2179394,6127,6
242,002-GALLEGO,536,474,1471280,7384,0
243,012,497,473,1682674,4686,5
244,008,510,520,2119519,4798,0
245,013+Speck,541,469,2181542,2472,0
246,Pueblo+de+b%C3%A1rbaros,504,550,0,352,4
247,Torralba,541,485,1608799,2548,2
248,ALMAFUERTE,572,482,2018684,407,0
249,07+-+Hobbiton,456,513,1820940,7142,4
251,044+Noble,466,516,2177696,1645,1
252,007,512,521,2119519,6412,0
253,TECLADO,460,514,2109083,367,0
254,002,480,513,1810435,671,3
255,Crimea,543,481,1608799,7039,4
256,Heidy+001,552,486,2023202,10066,0
257,Pueblo+de+bonificaci%C3%B3n,514,519,1652831,1342,8
258,2+patitos,548,476,2049063,2256,1
259,002+Heidy,553,478,2085697,9759,0
260,020+Goma+Bungee,488,526,2078276,336,6
261,B09+-+This+is+S+P+A+R+T+A%21,475,527,1745999,6926,5
263,Pueblo+de+b%C3%A1rbaros,518,530,0,408,0
264,Centro+-+16+BoniTallerino,462,521,1989499,935,7
265,%28A009%29+Tu+Proteccion,546,470,222751,5730,5
266,GyP001,566,486,2057638,10068,0
267,Pueblo+de+b%C3%A1rbaros,502,542,0,514,0
268,PEGASUS+001,532,541,2083885,5323,6
269,Kobe+%2324,495,517,1342035,6157,3
271,004+Bad+S%C3%A4ckingen,545,475,1629978,6717,8
272,001.+McLeod,565,495,2088603,8617,0
273,%5B%2ACH%2A%5D+046,453,524,2094332,583,0
274,002,518,446,1684263,7994,8
275,Wars,556,541,156,7679,0
276,Pueblo+de+b%C3%A1rbaros,499,450,2090629,402,0
277,005+Buddhas+Family,457,507,2062192,3743,7
278,One+Piece+04,546,472,1961278,9648,0
279,SNck,509,445,1963398,5994,2
280,007.+McLeod,566,489,2088603,10144,0
281,Jordan+%2323,482,531,1342035,835,0
282,002+ABUS%21,483,521,1271321,9189,5
283,pueblo+de+Sgtfox,566,483,2101846,10385,0
284,Pueblo+de+bonificaci%C3%B3n,520,536,0,631,2
285,pueblo+de+kamka,565,515,1786798,8801,0
286,A007+Noble,543,532,1598893,5307,0
287,Pueblo+de+bonificaci%C3%B3n,503,460,0,479,6
288,012+Emiko+Calzone,571,487,2181542,5505,0
289,%5B%2ACH%2A%5D+044,453,513,2094332,692,0
290,Pueblo+de+bonificaci%C3%B3n,554,507,0,500,4
291,002_Romero,568,496,1715991,2740,0
292,010,491,474,1682674,4646,5
293,afueras,462,479,1966979,943,2
294,.Asgard.,540,505,1898371,8997,0
295,003.+Boni,541,533,1885328,9826,8
296,Jordan+%2323,487,507,1342035,720,7
297,001_Tomillo,558,492,1715991,5352,0
298,105+Noble,519,522,2183491,5027,1
299,Kobe+%2322,490,518,1342035,8337,5
300,pueblo+de+kamka,565,525,1786798,9007,0
301,Pueblo+de+b%C3%A1rbaros,500,476,2174060,1213,0
302,000,506,512,2137188,2211,4
303,09+Picos+Nevados,480,553,2131544,5879,6
304,Jerryjgj,551,483,2174102,10233,0
305,Pueblo+de+b%C3%A1rbaros,447,517,0,376,0
306,Pueblo+de+bonificaci%C3%B3n,452,520,1945137,940,7
307,pueblo+de+Alvarocnk92,538,461,2174905,8253,0
308,F+031+PIOLIN,504,489,2126523,1135,0
309,Pueblo+de+bonificaci%C3%B3n,542,499,0,435,6
310,021,494,465,1682674,1220,4
311,1+Shion,569,485,2175174,9547,0
312,bbb,453,508,1731373,7683,8
313,K01BT,503,444,1951772,2403,7
314,003+NOBLE,560,485,2177144,8120,0
315,031+ABUS%21,482,518,1271321,775,0
316,Noble+E023,554,509,254189,8754,1
317,TiTTaN,502,507,2180638,3531,0
318,002+noble,540,527,1488,2802,2
319,Pueblo+de+bonificaci%C3%B3n,480,529,0,510,9
320,F+043+PIOLIN,505,499,2126523,9773,0
321,000,502,513,2137188,2706,8
322,003,527,431,1556649,9850,0
323,Kobe+%2324,492,517,1342035,8654,1
324,001+Pepperoni,542,468,2181542,9593,0
325,Pueblo+de+b%C3%A1rbaros,490,474,0,394,0
326,12.de+los+7+mares+zarparon,454,522,1571842,4078,3
327,XI.+Ejercito+Viriato,516,506,2122743,3738,2
328,SUR+GyP,537,512,1958874,6244,0
329,Noble,447,476,219369,1059,0
330,Pestoso+13,518,514,1820949,4544,4
332,North+00444,472,541,28243,3482,5
333,001,509,525,2137188,9125,0
334,Pueblo+de+bonificaci%C3%B3n,499,477,2174060,2434,1
335,Pueblo+de+b%C3%A1rbaros,516,525,0,554,0
336,Pueblo+de+bonificaci%C3%B3n,548,509,0,441,6
337,F+018+PIOLIN,494,494,2126523,3140,2
338,000,503,526,2137188,9358,0
339,015+New+York,514,477,1580481,4388,5
340,Heidy+006,560,483,2023202,9442,0
341,Pueblo+de+bonificaci%C3%B3n,505,465,0,668,6
342,Ser%C3%A1,491,452,2136699,8470,7
343,%5B001%5D+Windows,553,484,2181891,9911,0
344,Pueblo+de+bonificaci%C3%B3n,550,526,1674937,553,9
345,001+VIGO,538,538,1946447,9224,0
346,Temple03,479,523,1651308,2558,6
347,006,533,542,2181101,3342,0
348,Pueblo+de+bonificaci%C3%B3n,478,468,0,355,4
349,01.Galaicea,532,547,2181774,7535,0
350,Jordan+%2323,490,515,1342035,934,0
351,Salsicha,501,560,2133518,7103,8
352,014+-+Noble,465,472,2179394,7187,9
353,01+A,537,536,2181431,7350,0
354,Pueblo+de+b%C3%A1rbaros,510,445,0,380,0
355,Noble+N001,460,509,2123065,437,3
356,004,539,544,2181708,7298,1
357,Noble,431,513,1390210,9711,0
358,Pueblo+de+b%C3%A1rbaros,512,477,0,431,0
359,045+Noble,474,521,2177696,1800,1
360,Pestoso+04,524,514,1820949,2951,2
362,47+zzz,471,534,2131544,790,0
363,Pueblo+de+bonificaci%C3%B3n,454,527,240304,804,7
364,Pueblo+de+bonificaci%C3%B3n,523,526,0,325,3
365,Troya+noble,509,501,2038416,4948,0
366,A010+Noble,549,529,1598893,4015,1
367,Noble+011,549,495,2129677,5552,1
368,05+tirsu,465,557,80335,8407,0
369,002,509,526,2137188,5443,1
370,pueblo+de+amangua,506,511,186634,1247,0
371,005-+Master+of+Kingdom,446,508,1766388,2114,3
372,0024,520,464,2095097,740,6
373,012,508,518,2119519,5039,0
374,Pestoso+10,522,517,1820949,1478,7
375,Pueblo+de+alvaro,514,510,2122743,4992,0
376,XxXxX+007,535,502,2057638,598,0
377,003,479,511,1810435,897,1
378,FN004,487,495,1587053,1428,1
379,004,477,562,302869,6367,0
380,SP4,523,536,2110662,869,1
381,028+ABUS%21,485,521,1271321,1329,3
382,006,444,534,1783692,8083,0
383,%5B%2ACH%2A%5D+010,457,519,2094332,4736,5
384,008,447,530,1783692,6880,0
385,Pueblo+de+b%C3%A1rbaros,527,455,0,617,0
386,023,499,468,1682674,1033,4
387,001+Sin+Temor,434,533,1233516,9764,0
388,Noble+003,537,493,2129677,6488,8
389,018+Embutido+Longanistico,427,506,888810,5890,0
390,NENUQUI,472,503,1945137,1390,4
391,020+Noble,475,446,2127978,6862,5
392,8+xpopex+Thanos,504,496,1485683,1619,0
393,Pueblo+de+b%C3%A1rbaros,462,525,0,495,0
394,Pueblo+de+bonificaci%C3%B3n,514,527,0,401,3
395,103-007msc,448,532,2172761,6204,0
396,Pueblo+de+b%C3%A1rbaros,513,528,0,347,0
397,Noble+B018,548,518,254189,4599,1
398,550153%21,513,505,1451906,2704,0
399,08+marvel,549,512,2119635,658,0
400,Pueblo+de+bonificaci%C3%B3n,474,554,2059063,2236,9
401,016+Buddhas+Family,462,536,2062192,1114,5
402,pueblo+de+C1D+CAMP3ADOR.,474,566,1344786,5977,0
403,04+A,538,533,2181431,3824,1
404,Don+-010-,482,561,2145649,7831,0
405,Pueblo+de+b%C3%A1rbaros,485,464,0,419,0
406,Jerryjgj+09,552,498,2174102,7162,9
407,B02+-+This+is+S+P+A+R+T+A%21,472,532,1745999,8052,8
408,luceees,449,546,1630663,3272,0
409,Grecia+3,541,507,2183639,716,0
410,001,523,449,784340,6202,3
411,tony+montanaaaa,506,541,2121468,2606,8
412,007,476,570,302869,4898,0
413,016+Anto%C3%B1ico,517,493,1580481,8623,2
414,Pueblo+de+bonificaci%C3%B3n,506,555,0,480,5
415,06+-+Servesa+haram,439,536,2183448,7462,0
416,Pueblo+de+b%C3%A1rbaros,522,480,0,509,0
417,D05+-+This+is+S+P+A+R+T+A%21,497,503,1745999,3592,7
418,ABUS+04,430,528,2027527,7185,0
419,010+Buddhas+Family,456,500,2062192,2765,9
420,-A04-+%2ARosuvastatina%2A,464,564,862456,6352,0
421,005,555,519,1406307,7570,0
422,Pueblo+de+bonificaci%C3%B3n,455,486,0,484,6
424,Rey+Robe+005,497,441,1186212,1111,0
425,%5B020%5D+O.o,464,468,278359,3536,6
426,000,509,532,2137188,8227,2
427,Pestoso+08,525,516,1820949,7681,0
428,Pueblo+de+b%C3%A1rbaros,534,473,0,385,0
429,007+Som+i+Serem,482,443,1609139,2075,5
430,Pueblo+de+bonificaci%C3%B3n,522,465,0,484,7
431,UwU,470,563,2059063,5430,0
432,Rosa+Palo,498,454,2139741,4278,1
433,000,512,523,2137188,8284,0
434,22.,486,472,2124912,1767,9
435,D10+-+This+is+S+P+A+R+T+A%21,500,507,1745999,3118,4
436,Quini,433,519,2136214,7771,0
437,Pueblo+de+b%C3%A1rbaros,449,530,0,389,0
438,Pestoso+02,524,511,1820949,7868,4
439,-A05-+%2ASimvastatina%2A,479,570,862456,7633,0
440,AMEGO+003,454,494,240304,1286,6
441,Noble+B014,548,517,254189,3801,7
442,09.ojala+se+le+atragante,453,536,1571842,6390,0
443,0005,537,469,2095097,8315,8
444,009,428,505,311234,9287,0
445,Pueblo+de+b%C3%A1rbaros,473,546,0,390,0
446,D020+Noble,541,516,1994814,6137,3
447,N012+Akilina,479,569,1587053,10084,0
448,035+Noble,468,463,2127978,7526,5
449,pueblo+de+smokee,446,537,2173804,2155,0
450,V.+Ejercito+Ambrosio+Espinola,514,509,2122743,8219,1
451,Muro+Luftwaffe,505,495,1651308,6505,0
452,%7BSec3%7D+01+%7E+Orden+de+N%C3%A1poles+%7E,503,479,141108,8441,2
453,101+Noble,521,518,2183491,2471,9
454,007,447,528,1783692,7136,0
455,F+023+PIOLIN,501,492,2126523,2200,0
456,PUEBLO100,512,518,2182034,2515,8
457,006,472,563,302869,5704,0
458,Temple02,479,526,1651308,3428,3
459,STCG,492,432,813,6851,0
460,PUEBLO+097,506,508,2182034,997,1
461,XxXxX+003,533,505,2057638,7347,3
462,%7BSec1%7D+01+%7E+Roma+y+traidores+%7E,513,434,141108,9872,0
463,011+HIERRO+4,524,537,1946447,835,3
464,Pueblo+de+bonificaci%C3%B3n,530,484,0,459,1
465,001+La+Mina+City,484,443,1609139,7571,0
466,Pueblo+de+b%C3%A1rbaros,510,461,0,645,0
467,Pueblo+de+bonificaci%C3%B3n,520,477,0,385,6
468,Kobe+%2324,496,521,1342035,3273,3
469,008+Noble,533,444,2181476,7568,0
470,D15+-+This+is+S+P+A+R+T+A%21,494,497,1745999,804,0
471,Pueblo+de+bonificaci%C3%B3n,471,463,0,407,7
472,Pueblo+de+bonificaci%C3%B3n,518,463,0,392,6
473,001+Lost+and+found,523,441,217192,10495,0
474,005+-+Maxbaires,447,472,2177759,6782,2
475,Mamoneo,457,528,240304,5806,1
476,PBRO+GUI7ukuhlaselwa+okunamagazi,502,440,550454,4204,0
477,Heidy+005,554,481,2023202,8346,4
478,IMBAZO+EBOMVU,499,435,550454,7901,0
479,008+Poblado,523,480,1580481,5700,4
480,Jordan+%2323,497,515,1342035,481,2
481,Club+tigre,487,434,554260,6651,0
482,Kobe+%2324,491,516,1342035,7173,3
483,Yonkone+003,549,467,2173364,1287,9
484,pueblo+de+pedo+el+grande,532,450,684733,8835,0
485,2.+Caesaraugusta,519,500,2122757,5106,5
486,0000,489,435,992825,8680,0
487,Noble+A023,494,550,2123065,3191,0
488,Pueblo+de+bonificaci%C3%B3n,522,528,0,394,7
489,004-+OBSCURIDAD,516,557,1166358,2647,9
490,FN006,487,490,1587053,7549,0
491,005.+Boni,543,528,1885328,7501,2
492,0000,506,433,992825,7649,0
493,Pueblo+de+b%C3%A1rbaros,517,540,0,504,0
494,Pueblo+de+bonificaci%C3%B3n,502,467,0,463,3
495,SeMsEy,554,490,2014236,8892,8
496,00%29-+Alinur,494,444,1036162,8042,0
497,ramirez,525,487,2076485,4799,2
498,Apirm,520,449,2032066,9720,0
499,012+Dotaci%C3%B3n,552,500,912352,3598,5
500,Traverse+Town,516,444,1174348,9564,0
501,Pueblo+de+b%C3%A1rbaros,466,451,0,469,0
502,Pueblo+de+bonificaci%C3%B3n,551,506,0,450,3
503,100,439,498,20451,8575,4
504,0000,508,428,992825,9113,0
505,.+Noble+boni,498,461,2025956,2276,5
506,tulipan+2,495,525,2183254,1660,8
507,001+TaTaMartino,495,453,1543507,8775,0
508,RAN+III,527,446,866900,1392,0
509,003,480,488,2174772,3288,8
510,001,525,431,1556649,10134,0
511,Pueblo+de+b%C3%A1rbaros,514,455,0,501,0
512,bbb,447,515,1731373,8008,5
513,Ave+f%C3%A9nix,534,519,2182287,1128,6
514,Noble,513,430,1657363,6225,0
515,Pueblo+de+b%C3%A1rbaros,511,529,0,475,0
516,000,508,532,2137188,7951,8
517,0000,506,432,992825,9984,0
518,Pueblo+de+b%C3%A1rbaros,531,449,684733,2469,0
519,F+015+PIOLIN,500,494,2126523,4962,4
520,001,518,445,1684263,9885,0
521,Pipo+006,546,526,2181669,1837,3
522,Tallarn,504,506,2136708,1335,2
523,002,523,450,784340,7692,0
524,Pueblo+de+bonificaci%C3%B3n,498,524,0,751,2
525,005+bobsinho,511,446,1247466,4144,2
526,0.0+-+Mordisquitos,510,441,1734443,9885,0
527,006+Gone+Away,483,443,1993222,6108,8
528,FORT+ZODIAK,515,440,2032066,6318,0
529,Money,483,452,2121243,2572,0
530,0000,507,456,992825,700,3
531,La+casa+del+Granjero,491,434,1796437,8974,0
532,010,541,543,2181708,648,0
533,011+%7EAbuelos+Espartanos,463,506,1747712,3466,6
534,%7BSec4%7D+01+%7E+Orden+del+Temple+%7E,527,445,141108,9952,0
535,XxXxX+004,533,507,2057638,9642,2
536,BAKANAL,496,446,1951772,8580,0
537,005,482,455,2112530,2348,0
538,Pueblo+de+bonificaci%C3%B3n,533,523,2109652,1072,7
539,%5B001%5D+.BudoKai.,545,463,1898371,9924,5
540,001,516,442,2032066,7685,0
541,Pueblo+de+bonificaci%C3%B3n,452,517,1945137,1176,9
542,Centro+-+13+BoniMaderote,472,514,1989499,1793,1
543,.%7E+Los+Renacidos+%7E,509,439,1963398,9204,0
544,IX.+Ejercito+Jesus+Lorente,517,505,1958874,6262,4
545,02+D,538,536,2181431,5452,9
546,001.+Rena,490,452,1983197,9835,0
547,0021,461,535,1344475,770,0
548,Parralandia,552,528,2183490,485,6
549,0034,526,475,2095097,697,5
550,001+Jekyll+and+Hyde,490,436,1993222,10175,0
551,006+Duskull,517,553,2112801,3617,7
552,Pueblo+de+Ixius+0004,446,474,1814340,2607,6
553,006+Noble,530,446,2181476,7715,0
554,013.+BALMIX,464,470,2058795,2004,7
555,%5B005%5D+Symbian,547,488,2181891,3855,3
556,001+Adiace,529,440,2005788,8934,0
557,SP3,533,548,2110662,2514,0
558,Pueblo+de+bonificaci%C3%B3n,515,468,2137186,1438,2
559,Pueblo+de+bonificaci%C3%B3n,509,559,0,611,2
560,pueblo+de+RenacerHica,513,442,2032066,7822,0
561,010+Invernalia,530,457,1580481,7579,5
562,Pueblo+de+bonificaci%C3%B3n+3,502,512,2179552,2528,8
563,001+Noble+%21,502,430,2088720,6967,0
564,015+Noble,553,497,2057638,904,7
565,Llegando+2,516,488,2032066,1049,5
566,01.+Freya,500,446,2090629,9976,0
567,081+Noble,469,514,2177696,956,0
568,Pueblo+de+bonificaci%C3%B3n,503,473,0,417,7
569,%7BSec1%7D+03+%7E+Orden+de+ReNa+%7E,512,433,141108,8979,0
570,002+%7EAbuelos+Espartanos,462,500,1747712,5117,5
571,XxX,501,431,2103338,10019,0
572,%5B014%5D+O.o,466,455,278359,3373,1
573,.LsRncds,507,439,1963398,9204,0
574,%5B006%5D+Emporiae,478,480,35585,3310,4
575,007+Noble+%21,500,441,2088720,9002,0
576,Jordan+%2323,478,538,1342035,460,0
577,049+-+Noble,460,483,2179394,2679,1
578,066+Noble,477,509,2177696,1648,6
579,pueblo+de+rasec96,492,451,2136699,9908,0
580,078+Noble,477,511,2177696,1065,0
581,02+Munich,480,463,2137298,4977,8
582,046+Noble,472,481,2127978,4124,9
583,%7EReNa%7E,494,448,2176997,8122,0
584,pueblo+de+catalufo,540,541,1674937,3135,0
585,B013+Noble,547,524,1994814,4450,4
586,I+Reino+Visigodo9,498,439,1963398,8841,0
587,Tarta,508,557,2133518,4868,8
588,%7BSec4%7D+03+%7E+Reino+de+los+Cielos%7E,525,446,141108,2983,5
589,Roma,506,444,2179989,9487,0
590,Pueblo+de+b%C3%A1rbaros,512,500,0,470,0
591,009,543,458,2174905,2442,5
592,EL+LOBO,488,495,770420,1680,0
593,R+R+R,488,469,2124912,3970,8
594,006,480,478,2174772,565,3
595,029,492,485,1682674,8219,0
596,Pueblo+de+bonificaci%C3%B3n,451,520,1945137,3214,9
597,Insane+4u,479,487,1470110,6582,0
598,029+ABUS%21,486,528,1271321,1153,2
599,023+ABUS%21,484,498,1271321,11215,0
600,20.,487,469,2124912,1195,0
601,Pueblo+de+bonificaci%C3%B3n,459,487,0,432,9
602,Gudvangen,532,485,2125883,1768,5
603,GUARDO,487,488,2134248,3198,0
604,Pueblo+de+b%C3%A1rbaros,524,508,0,430,0
605,25.,488,468,2124912,1539,3
606,3+steps+to+behind,484,488,1470110,1141,1
607,Manzanache,477,493,1910557,4291,0
608,0010,457,537,1344475,5202,7
609,Kattegat%7E103%7E01%7E,490,491,2095032,8649,0
610,D024+Noble,532,531,1994814,2413,2
611,6+Krieg+-+Thanos,505,507,1485683,762,3
612,00+Leon,497,506,987383,7180,0
613,025,509,481,784340,581,7
614,0013,454,540,1344475,7098,0
615,Pueblo+de+b%C3%A1rbaros,524,522,0,435,0
616,36.,488,477,2124912,1228,9
617,%5B%2ACH%2A%5D+031,473,512,2094332,1014,7
618,05+Adk,518,520,2113497,2186,0
619,Pueblo+de+b%C3%A1rbaros,472,473,35585,770,0
620,Pueblo+de+bonificaci%C3%B3n,516,481,0,620,1
621,007-+Tulsa,442,505,1766388,1354,6
622,SAN+MIGUEL+2,524,535,1985704,2752,0
623,Noble+A025,492,549,2123065,3395,0
624,22.que+nos+acechar%C3%A1n.,447,520,1571842,4304,3
625,083+Letssss+goooo,466,492,2127978,5208,8
626,0007,523,460,2095097,6582,0
627,069+Noble,476,466,2127978,6573,6
628,-Naruto-,516,533,970286,926,0
629,Centro+-+06+Bonifire,467,523,1989499,3400,4
630,013,508,527,2119519,2910,0
631,013+Ambici%C3%B3n,554,501,912352,2134,0
632,Molecula,523,495,2076485,5689,3
633,FLINT+008,531,505,1672154,3361,1
634,3+-+a+dar+PyG+jajajaaaa,511,534,2176591,3043,0
635,012+Noble,557,495,2057638,4256,0
636,000,503,525,2137188,4642,7
637,F+026+PIOLIN,503,493,2126523,1797,2
638,C017+Noble,525,540,1994814,5114,0
639,Pueblo+de+b%C3%A1rbaros,526,456,0,548,0
640,Z001,505,477,1556649,1403,3
641,Pueblo+de+bonificaci%C3%B3n,553,509,0,278,2
642,pueblo+de+frantic23,500,533,2125887,2709,0
643,Barbarito+9,525,471,1958874,4514,3
644,B06+-+This+is+S+P+A+R+T+A%21,464,529,1745999,7312,0
645,005,511,525,2179988,1116,0
646,Snck,509,446,1963398,760,2
647,003+REFORMAS+PEPE+SANCHEZ,553,482,301920,10316,8
648,C018+Noble,526,530,1994814,7268,0
649,10.+B%C3%A1rbaros,466,542,1793379,1201,0
650,Pueblo+de+bonificaci%C3%B3n,519,464,0,562,3
651,018+Noble,450,527,2177696,5781,8
652,Chocolatoso,471,499,1320170,6977,0
653,D12+-+This+is+S+P+A+R+T+A%21,490,507,1745999,1731,0
654,Jordan+%2323,497,514,1342035,709,2
655,D11+-+This+is+S+P+A+R+T+A%21,501,509,1745999,1753,9
656,Ole+ole+ole+cholo+simeone,472,496,1980096,5556,0
657,Pueblo+de+b%C3%A1rbaros,498,465,0,628,0
658,Pueblo+de+bonificaci%C3%B3n,525,466,0,374,1
659,Merida,505,443,2179989,1151,6
660,031+Noble,474,501,2177696,9040,0
661,isis_003%2F103-,493,484,1137765,2861,0
662,Kobe+%2324,485,514,1342035,6487,2
663,013+Albacete,514,476,1580481,7549,8
664,Silvestre+el+Empalador02,476,496,1651308,5786,0
665,14.Y+asi+comenz%C3%B3+la+gran+batida.,458,524,1571842,3792,6
666,Pueblo+de+bonificaci%C3%B3n,534,499,0,312,6
667,E01+-+This+is+S+P+A+R+T+A%21,477,492,1745999,6028,0
668,052+-+Noble,461,476,2179394,3213,0
669,P4scu84,472,483,2136273,1430,1
670,WARLORD+002,478,498,1577451,4385,0
671,Pueblo+de+b%C3%A1rbaros,446,528,1783692,3734,0
672,003,521,448,2032066,2859,2
673,015-,505,481,2087974,4320,6
674,E12+-+This+is+S+P+A+R+T+A%21,487,489,1745999,8413,0
675,007,553,519,1406307,3073,0
676,Pueblo+de+bonificaci%C3%B3n,545,491,0,379,3
677,tony+montanaaaa,507,542,2121468,2078,2
678,Mieza,473,509,1613388,6721,0
679,Pueblo+02,552,487,2070095,6329,9
680,006+solovisa,458,454,2071214,6626,0
681,047+Noble,471,481,2127978,4184,9
682,002+Mingogil+City,527,483,1580481,10218,8
683,Jato10,467,449,6593,4099,0
684,Noble+A021,499,552,2123065,4444,0
685,003,532,527,2181298,2894,8
686,FR+005,545,501,1898371,5791,8
687,Pueblo+001,465,460,7185,2940,0
688,007+-+VANKIS,447,503,1169034,9380,7
690,Ser%C3%A1+2,492,449,2136699,9804,2
691,Base+Naval+Puerto+Belgrano,515,480,800543,2442,6
692,006+-+Maxbaires,445,466,2177759,8796,0
693,ALBERDI-006,540,499,1806454,7589,5
694,STOP+PLS+NO+MAS+BUKAKK+1V80,514,452,2085554,609,1
695,006+Noble,463,451,2127978,10435,0
696,006.+Rena,490,451,1983197,7884,0
697,005+SUR,551,491,1898371,6445,5
698,0011+K44+Cegarro%3F%3F,449,458,2132828,7544,0
699,026,496,477,1682674,1038,6
700,0012+K44+Cegarro%3F%3F,452,466,2132828,7261,0
701,Jugamos+al+Teto+%3D%3F,500,480,1796437,963,9
702,Romeo-3,538,503,2183804,4322,7
703,Pueblo+de+b%C3%A1rbaros,520,526,0,125,0
704,Pueblo+de+b%C3%A1rbaros,500,523,0,571,0
705,004+Peropaile,521,469,1580481,10223,8
706,F008,501,556,1587053,4185,7
707,Ranga+Tempes,444,461,1156788,7795,0
708,FR+006,545,500,1898371,6627,9
709,013-Probando,458,446,1317137,9586,0
710,Pueblo+de+b%C3%A1rbaros,542,489,0,425,0
711,029+Noble,519,546,2183491,2338,9
713,0000,503,451,992825,2096,5
714,PAPU+1,442,472,999986,4337,0
715,%2AChina+Town%2A,529,514,2183957,3048,9
716,Rimuru+Tempes,450,460,1156788,7782,0
717,Pueblo+de+b%C3%A1rbaros,470,544,0,341,0
718,Pueblo+de+bonificaci%C3%B3n,517,543,2183491,541,6
719,Pueblo+de+bonificaci%C3%B3n,526,518,0,594,5
720,001-Probando,448,451,1317137,10019,0
721,Noble+A024,491,547,2123065,3544,0
722,Sina,477,512,1613388,6094,8
723,009-Probando,450,449,1317137,6602,0
724,006+Elorrixo,470,551,1845090,719,0
725,%2ANN,560,506,741002,1080,6
726,Souei+Tempes,446,460,1156788,4420,0
727,Jesusca+4,507,504,2183422,841,0
728,013+ABUS%21,484,531,1271321,5439,1
729,%5B019%5D+O.o,442,481,278359,3110,9
731,014,443,498,311234,1451,1
732,Noble,452,446,219369,4508,0
733,Pueblo+de+b%C3%A1rbaros,501,529,0,383,0
734,11.+T%C3%A1rtaro,520,537,2122744,1442,5
735,Pueblo+de+bonificaci%C3%B3n,538,501,0,595,7
736,Noble,449,452,219369,6258,0
737,Pueblo+de+bonificaci%C3%B3n,528,488,0,466,6
738,Veladora+Tempes,451,460,1156788,8915,0
739,Noble+05,528,544,2124483,4186,1
740,003+solovisa,460,457,2071214,7786,0
741,Pueblo+de+b%C3%A1rbaros,488,542,0,377,0
742,012+Noble,526,539,2183491,2708,4
743,%5B025%5D+O.o,444,474,278359,5290,0
744,aaa,442,497,1731373,10086,2
745,Pueblo+de+Ixius,445,471,1814340,9893,0
746,Don+-011-,481,557,2145649,3961,0
747,%5B002%5D+Tarraco,478,478,35585,5617,4
748,0006+K44+Cegarro%3F%3F,454,461,2132828,10000,0
749,Pueblo+de+b%C3%A1rbaros,503,545,2183491,535,0
750,Noble+Fantasma+016,558,516,1905015,1449,3
751,0008+K44+Cegarro%3F%3F,455,462,2132828,6193,0
752,F+033+PIOLIN,500,486,2126523,2646,1
753,01+PeppyXenophillia,449,463,1912482,6895,0
754,SPAID%3A+Guerreros+de+Omeyocan,548,535,486339,7463,2
755,004+Goma+Bungee,489,545,2078276,8018,0
756,006+prepo,536,527,1488,1058,0
757,008+%7EAbuelos+Espartanos,462,511,1747712,5430,3
758,016,508,469,1684263,3202,4
759,008+Anuki,491,533,2078276,8612,0
760,One+Piece+02,542,477,1961278,9184,5
761,072+-+Noble,469,490,2179394,1618,2
762,pueblo+de+fermin,498,532,1563960,4130,0
763,03%29-+Los+Seres,492,445,1036162,4537,1
764,Noble+A003,495,546,2123065,7909,0
765,0023+K44+Cegarro%3F%3F,453,473,2132828,1681,3
766,Don+-009-+A,498,536,2145649,10495,0
767,040,491,530,2102310,1354,0
768,LCO+004,543,543,1586763,9205,3
769,006+-+Noble,462,452,2179394,9920,0
770,15.Vente+conmigo%2C+vamonos+ya%21,459,524,1571842,3947,2
771,Inframundo,544,513,2028057,4644,3
772,Nazar%C3%A9+002,458,463,2184251,8387,0
773,%5B007%5D,462,513,572281,4133,3
774,023+Noble,477,520,2177696,4809,8
775,Noble,456,450,219369,7980,0
776,029+Noble,467,468,2127978,6192,6
777,010+Avalanch,555,474,2085697,1889,4
778,0009+K44+Cegarro%3F%3F,453,455,2132828,3826,0
779,Pueblo+de+b%C3%A1rbaros,520,524,0,504,0
780,09+D,535,532,2181431,1634,9
781,Torgau,454,468,2184324,8998,0
782,Jordan+%2323,497,523,1342035,865,0
783,Pueblo+de+bonificaci%C3%B3n,492,459,0,392,6
784,Naci%C3%B3n+Pitbull+2,499,531,2172838,3967,1
785,001+solovisa,457,456,2071214,9656,0
786,Pueblo+de+b%C3%A1rbaros,509,460,0,326,0
787,025+Noble,457,536,2177696,4794,3
788,0015+K44+Cegarro%3F%3F,446,465,2132828,6981,0
789,Pueblo+de+b%C3%A1rbaros,506,554,0,463,0
790,046+Noble,470,512,2177696,1720,6
791,002+TheLopez.,467,437,2134563,9704,0
792,Pueblo+de+b%C3%A1rbaros,530,491,0,385,0
793,XxXxX+009,532,504,2057638,513,7
794,020+-+Noble,458,448,2179394,8540,0
795,11+Karlsruhe,480,468,2137298,548,4
796,0020,461,544,1344475,815,7
797,0010+K44+Cegarro%3F%3F,456,455,2132828,7008,0
798,FLINT+004,526,511,1672154,4215,1
799,Pueblo+de+bonificaci%C3%B3n,530,521,0,493,3
800,Noble,453,454,219369,8327,0
801,085+Noble,470,487,2127978,1446,0
802,Rey+Robe+002,496,440,1186212,3917,6
803,%5B002%5D+O.o,463,456,278359,9741,0
804,Kobe+%2324,495,521,1342035,6707,1
805,Gabiru+Tempes,447,457,1156788,6362,0
806,029+-+Noble,458,478,2179394,6892,5
807,009,508,517,2119519,2158,6
808,001+-+maxbaires,444,468,2177759,8582,0
809,Pueblo+de+b%C3%A1rbaros,517,475,0,483,0
810,08+-+La+Comarca,461,512,1820940,2793,3
811,pueblo+de+juanito20,539,552,432074,9199,0
812,Pueblo+de+b%C3%A1rbaros,524,484,0,410,0
813,L%C3%89RIDA+-+06,504,481,865857,1660,4
814,001+Rial+OrDeN,472,435,1124356,9709,0
815,005,502,526,2119519,5395,8
816,001,482,434,1875804,8840,0
817,031+Noble,522,541,2183491,2257,0
818,E10+-+This+is+S+P+A+R+T+A%21,486,493,1745999,1762,9
819,006+%7EAbuelos+Espartanos,460,499,1747712,5631,7
820,001,542,531,16,9761,0
821,Pueblo+de+b%C3%A1rbaros,511,481,0,549,0
822,007,525,478,2184213,510,5
824,Pu..+Ferru.cdf,555,549,80863,8992,0
825,004+hacha,539,528,1488,1911,0
826,Norte+5,483,545,28243,9016,4
828,000,501,531,2137188,7951,2
829,Noble+A001,544,545,254189,8954,0
830,F+006+PIOLIN,499,491,2126523,4256,6
831,017,483,534,2102310,5703,5
832,SPAID%3A+Guerreros+de+la+Noche,547,538,486339,9955,0
833,gomez,523,491,2076485,2526,0
834,Pueblo+de+bonificaci%C3%B3n,492,473,2025956,1350,4
836,12.+Bonificaci%C3%B3n,465,550,1793379,1146,1
837,014,497,469,1682674,2582,4
838,000-+TORMENTA,547,539,1166358,8936,0
839,032+Noble,466,466,2127978,5890,0
840,002+bonificaci%C3%B3n,516,451,2025956,2960,2
841,015,502,535,2119519,459,4
842,Abydos,529,537,1259861,9750,0
843,011+Noble,556,497,2057638,4299,0
844,014+%7EAbuelos+Espartanos,457,495,1747712,3074,4
845,One+Piece+26,527,499,1961278,7274,8
846,002+Noble,467,444,2127978,10392,0
847,Pueblo+de+Carnicero+52,453,495,2183407,582,0
848,Kobe+%2324,489,518,1342035,7923,6
849,015+Borghello,500,456,1543507,436,6
850,LCO+001,543,542,1586763,10019,0
851,18.,481,444,2124912,1446,0
852,Jordan+%2323,497,508,1342035,732,3
853,Jan_001,547,542,1594692,8984,0
854,RSG+2,531,489,2182357,567,3
855,bbb,452,514,1731373,7608,9
856,A001+Noble,543,534,1598893,9237,0
857,nucleo+i,468,478,1966979,2812,3
858,Pueblo+de+bonificaci%C3%B3n,526,493,0,691,7
859,pueblo+de+catalufo,541,540,1674937,4388,0
860,Pueblo+de+b%C3%A1rbaros,538,493,0,535,0
861,Pueblo+de+bonificaci%C3%B3n,503,536,0,406,7
862,052+Noble,473,486,2127978,3921,6
863,Miau+01,545,555,1714244,10134,0
864,Pueblo+de+b%C3%A1rbaros,514,479,0,530,0
865,006,513,447,1684263,4869,5
866,001+Noble,536,549,1747072,9648,0
867,Mimosoideas,518,456,1979816,1231,4
868,006+Vella,494,453,1543507,6091,9
869,Ashenleer,555,547,1941136,9835,0
870,034+Noble,459,544,2177696,1780,0
871,Noble+A014,492,555,2123065,4209,1
872,Kobe+%2324,491,514,1342035,5138,3
873,A001+Noble,536,540,1994814,10001,0
874,Pueblo+de+b%C3%A1rbaros,545,516,0,344,0
875,011+Rial+OrDeN,452,479,1124356,3653,9
876,0+01+LP,528,537,2083091,8821,0
877,Pueblo+de+b%C3%A1rbaros,524,450,0,418,0
878,036+Noble,468,462,2127978,6219,9
879,%C3%89feso,497,458,2179989,479,6
880,LA+LINEA+1,558,544,2101531,7598,0
881,Pueblo+de+b%C3%A1rbaros,519,530,0,439,0
882,12+Cologne,482,466,2137298,628,6
883,032+ABUS%21,486,530,1271321,573,3
885,D13+-+This+is+S+P+A+R+T+A%21,491,498,1745999,1612,0
886,Kobe+%2324,489,505,1342035,6281,9
887,018+Noble,526,538,2183491,2670,6
889,Pueblo+de+b%C3%A1rbaros,505,444,0,363,0
890,013+FUNEBRERO,489,484,2178811,750,7
891,%7EReNa%7E+004,490,444,2176997,7118,8
892,01pueblo+de+Thor48,553,548,2119635,8893,0
893,000,502,527,2137188,7469,5
894,CASTILLO+L-05,543,521,542783,1231,7
895,Noble+00,532,545,2124483,10002,0
896,001,486,454,2112530,7279,5
897,FN001,489,497,1587053,5401,6
898,pueblo+de+Galaxia,551,553,2130339,8975,0
899,034+%7EAbuelos+Espartanos,458,493,1747712,700,0
900,02%29-+La+Ni%C3%B1a,493,445,1036162,5499,9
901,W103+-+001+Sion,544,554,2140502,6119,0
902,Centro+-+04+Teclado,459,516,1989499,4208,0
903,5+Gamora,504,498,1485683,1480,3
904,040+-+Noble,462,487,2179394,2375,7
905,MIRADCOMOTIEMBLO%21%3A%29,541,547,2171983,9771,0
906,17.,482,445,2124912,1293,0
907,APBT,472,545,2172838,619,9
908,%2A+Pueblo+de+bonificaci%C3%B3n,508,465,2025956,5258,3
909,0001,548,553,2177105,9959,0
910,Pueblo+de+b%C3%A1rbaros,520,473,0,352,0
911,014+Goma+Bungee,491,527,2078276,594,4
912,.00,551,549,2179029,8474,0
913,Pueblo+de+b%C3%A1rbaros,487,453,0,403,0
914,Pueblo+de+bonificaci%C3%B3n,516,503,2122743,463,3
915,001-+LCO+Renace,543,538,2179516,9883,0
916,isis_004%2F103.,494,484,1137765,1541,3
917,kana+3,549,530,2183605,2726,5
918,D023+Noble,533,531,1994814,8114,0
919,Noble+012,549,498,2129677,5301,5
920,MDM+2,510,476,2182357,466,5
921,001,541,539,2181708,9202,0
922,Kobe+%2324,499,504,1342035,6136,5
923,Jerryjgj+10,551,500,2174102,9975,3
925,GyP997,544,473,2057638,859,0
926,Pueblo+de+bonificaci%C3%B3n,557,509,0,471,7
927,Parralandia.,553,537,2183490,8924,0
928,Pueblo+de+b%C3%A1rbaros,513,457,0,431,0
929,%2A+Pueblo+de+bonificaci%C3%B3n,510,464,2025956,3672,9
930,Heidy+024,558,499,2023202,626,6
931,009+Noble,525,543,2183491,10078,0
932,Pueblo+de+Ixius+0005,447,474,1814340,3404,6
933,Pueblo+de+bonificaci%C3%B3n,520,479,0,343,2
934,pueblo+de+Willy41,541,544,2183601,5143,0
935,Kobe+%2324,493,507,1342035,4632,6
936,kana+1,545,535,2183605,4373,0
937,Pueblo+de+b%C3%A1rbaros,524,524,0,382,0
938,014+Kennedy,513,477,1580481,7143,8
939,Noble+N003,457,491,2123065,3119,0
940,070+Noble,481,502,2177696,1676,0
941,Noble+A013,494,555,2123065,4254,6
942,Luis+Enrique,442,513,2136214,9835,0
943,000,503,517,2137188,2686,3
944,004+Longaniza+Espartana,434,510,888810,9809,0
945,Pueblo+de+bonificaci%C3%B3n,531,484,0,570,9
946,CLICK+CLACK.+el+tiempo+corre,512,472,2103534,333,3
947,003+Longaniza+Sanguinaria,432,509,888810,9771,0
948,Pueblo+de+b%C3%A1rbaros,526,477,0,457,0
949,Pueblo+de+bonificaci%C3%B3n,527,506,0,409,7
950,Centro+-+10+BoniMercaido,468,520,1989499,3031,9
951,Pueblo+de+b%C3%A1rbaros,442,523,1945137,4683,0
952,Pueblo+de+b%C3%A1rbaros,543,462,0,459,0
953,003,506,533,2119519,3571,7
954,000,507,531,2137188,7956,2
955,005+Longaniza+del+Abuelo,434,508,888810,9809,0
956,Pueblo+de+b%C3%A1rbaros,499,546,0,479,0
957,Pueblo+de+bonificaci%C3%B3n,550,502,0,429,5
958,Pueblo+de+bonificaci%C3%B3n,505,537,0,455,9
959,002-+Metropolitano,441,508,1766388,8417,0
960,Jerryjgj+07,559,497,1786798,7499,5
961,%5B010%5D+Pollentia,478,483,35585,1893,3
962,F+022+PIOLIN,493,491,2126523,1833,0
963,026,475,512,2102310,2408,9
964,pueblo+de+rabagalan73,490,500,362199,869,0
965,004,486,453,2112530,2800,3
966,solo+PPS+Arte+Kallejero,536,487,2003676,3073,5
967,pueblo+de+m0bscene,489,488,2073217,559,0
968,041+-+Noble,462,474,2179394,3506,0
969,Pueblo+de+bonificaci%C3%B3n,517,464,0,382,3
970,Jordan+%2323,479,527,1342035,740,7
971,Lurus,520,507,2122743,9418,0
972,%5B013%5D+Valentia,476,477,35585,1398,0
973,005,480,484,2174772,763,7
974,Pueblo+de+bonificaci%C3%B3n,494,483,0,360,2
975,F003,499,549,1587053,9206,0
976,Pueblo+de+b%C3%A1rbaros,519,480,0,299,0
977,Jordan+%2323,500,514,1342035,373,9
978,Pestoso+va4,509,495,1820949,1379,3
979,003.2+ver+y+james,497,567,934653,9106,0
980,FLINT+007,528,508,1958874,3869,3
981,005+Goma+Bungee,481,544,2078276,7660,9
982,%5B005%5D+.BudoKai.,542,471,1898371,10126,0
983,047,477,521,1810435,394,9
984,19.ONE+PIECE%21,449,521,1571842,3529,5
985,%5B000%5D+Sinsangre,506,553,1535952,9303,0
986,028+Noble,473,456,2121243,1201,2
987,F+027+PIOLIN,502,494,2126523,1728,4
988,Almeja,497,558,2133518,9818,0
989,bbb,453,511,1731373,7576,3
990,-A11-+%2AOmeprazol%2A,493,571,862456,8891,0
991,Creta,547,475,1608799,1626,0
992,Pueblo+de+bonificaci%C3%B3n,493,468,0,356,7
994,Pueblo+de+bonificaci%C3%B3n,502,534,2172838,765,4
995,barbarin,480,526,1320170,9606,1
996,017+ABUS%21,489,521,1271321,9348,0
997,010+Gamboa,501,455,1543507,959,0
998,07+CeMeNTeRiO,474,456,2130145,5816,5
999,Don+-015-+A,496,530,2145649,3684,0
1000,Norte+66,484,547,28243,2764,3
1001,Pueblo+de+bonificaci%C3%B3n,499,529,0,305,7
1002,Pueblo+de+b%C3%A1rbaros,479,528,1320170,5778,0
1003,0028,520,468,2095097,919,6
1004,011+ABUS%21,484,528,1271321,6225,4
1005,015+ABUS%21,489,526,1271321,8425,0
1006,084+Noble,468,491,2127978,600,5
1007,.%3AInmortal%3A.,530,509,2183281,1552,6
1009,%5B024%5D+O.o,442,483,278359,4722,5
1010,005+GRANJA,542,534,1946447,4925,4
1011,pueblo+de+Vageir,479,538,2077773,8391,0
1012,Pueblo+de+bonificaci%C3%B3n,523,523,0,415,5
1013,005+ABUS%21,483,517,1271321,9393,0
1014,Money,476,450,2121243,4869,3
1015,017+-+Noble,461,471,2179394,6314,5
1016,B01+-+This+is+S+P+A+R+T+A%21,474,528,1745999,10055,0
1017,HaRrIdAnS,554,491,2014236,8025,1
1018,El+Cobertizo,480,503,2175860,1017,6
1019,009+ABUS%21,488,529,1271321,7995,0
1020,Pueblo+de+b%C3%A1rbaros,486,468,0,268,0
1021,Pueblo+de+bonificaci%C3%B3n,527,545,2183491,340,7
1022,006,527,459,784340,5437,8
1023,006+ABUS%21,484,530,1271321,10160,0
1024,06%29-+Las+Ninfas+Oscuras,491,446,1036162,860,0
1025,067+Noble,473,470,2127978,8232,8
1026,005,496,539,2102310,9989,0
1027,Caracola,469,472,87568,232,4
1028,030+-+Noble,462,459,2179394,6304,9
1029,Don+-016-+A,493,531,2145649,5687,0
1030,Pueblo+de+b%C3%A1rbaros,505,541,0,546,0
1031,024,502,550,2021767,3989,2
1032,Pueblo+de+bonificaci%C3%B3n,533,483,0,491,9
1033,010+PPSOE,499,571,2021767,6444,0
1034,070+-+Noble,469,473,2179394,2128,6
1035,Pueblo+de+bonificaci%C3%B3n,472,550,2059063,5771,8
1036,pueblo+de+Markus23,487,530,2171024,1965,0
1037,Pueblo+de+b%C3%A1rbaros,504,468,0,435,0
1038,Pueblo+de+alvaro,513,509,577826,955,7
1040,0020+K44+Cegarro%3F%3F,457,470,2132828,1082,9
1041,pueblo+de+Nuitari,473,535,2172216,886,0
1042,Pueblo+de+bonificaci%C3%B3n,483,479,0,489,4
1043,pueblo+de+Ostias,484,511,2177225,1861,0
1044,012+%7EAbuelos+Espartanos,459,497,1747712,2971,9
1045,008+Facun,533,526,1488,1370,6
1046,pueblo+de+Ignea,478,535,2179061,3217,0
1047,B014+Noble,551,517,1994814,4369,6
1048,F+029+PIOLIN,504,491,2126523,1756,6
1049,Noble,513,427,1657363,4756,0
1050,D16+-+This+is+S+P+A+R+T+A%21,500,508,1745999,1075,7
1051,03+Piedralar,463,562,2131544,9489,0
1052,000.+BALMIX,468,469,2058795,10013,2
1053,pueblo+de+wtfmate,498,515,10553,1645,0
1054,Pueblo+de+bonificaci%C3%B3n,500,536,0,654,9
1055,Pueblo+de+bonificaci%C3%B3n,527,480,0,335,3
1056,pueblo+de+lobyyto,500,524,215587,1145,0
1057,FN008,486,484,1587053,663,0
1058,FN005,487,496,1587053,1374,9
1059,007+Buddhas+Family,458,510,2062192,3344,5
1060,000,500,531,2137188,9104,0
1061,045+Noble,470,481,2127978,4036,0
1062,Noble+008,540,495,2129677,5048,5
1063,Carabanchel,549,472,2049063,2154,8
1064,003+El+Ralfo,514,426,1247466,6864,0
1065,F+004+PIOLIN,499,490,2126523,3484,0
1066,009+-+ABUS,445,524,1546340,5842,4
1067,PELIGRO+CONEJO+AL+AJILLO,553,506,2183483,6404,1
1068,N003+Eligon,550,447,2085697,5348,0
1069,and+justice+4all,482,487,1470110,600,0
1070,015,488,482,1682674,4726,1
1071,TiErRaSlEjANaS,554,449,2014236,9559,0
1072,Don+-020-,482,534,2145649,3005,0
1073,Noble,455,478,219369,1112,8
1074,Rapfinha,525,464,907588,4405,1
1075,SKM001,547,443,10764,9835,0
1076,VIII.+Ejercito+Ponce+de+Leon,522,505,2122743,8644,5
1077,012+MONO,486,469,925391,1274,6
1078,pueblo+de+zaikoman,537,457,684733,6888,0
1079,016,485,542,2102310,5586,4
1080,pueblo+de+brenok,531,448,684733,7303,0
1081,Noble+A033,489,552,2123065,1067,0
1082,Farinacea,526,451,1979816,3408,6
1083,pueblo+de+alexran,527,444,866900,7280,0
1084,Rey+Robe+003.,496,441,1186212,3403,6
1085,Barbarito+4,534,471,1958874,6298,8
1086,Rey+Robe+001,497,440,1186212,9835,0
1087,%5B009%5D,453,489,572281,871,4
1088,Pueblo+de+bonificaci%C3%B3n,515,529,2124889,326,7
1089,001+Can+de+Morch,517,440,1247466,9059,0
1090,One+Piece+22,526,498,1961278,7446,5
1091,000+-+LA+VOIX+DES+MORTS,494,473,1682674,7592,0
1092,Pueblo+de+bonificaci%C3%B3n,517,520,0,387,2
1093,26.,485,475,2124912,1387,7
1094,001+jard%C3%ADn+mot%C3%A1nico,496,469,1682674,6885,0
1095,009+HIERRO+2,527,533,1946447,1077,3
1096,%7BSec1%7D+17+%7E+Orden+de+Azrael+%7E,503,447,141108,9420,0
1097,Pueblo+de+b%C3%A1rbaros,547,487,2070095,742,0
1098,Monolithic+Ignorance,534,450,835134,5848,7
1099,006-,507,451,2087974,4256,9
1100,001+Mono+solitario,512,446,2025956,10253,0
1101,Pueblo+de+b%C3%A1rbaros,463,467,0,339,0
1102,Pueblo+de+bonificaci%C3%B3n,446,519,1945137,1064,5
1103,007+Cohiba,514,472,1580481,8912,2
1104,%23+_+%23,490,445,2131441,5908,0
1105,GyP996,543,473,2057638,644,0
1106,XXXX,473,492,2145573,964,6
1107,%5B002%5D+Linux,554,483,2181891,8584,9
1108,%7BSec1%7D+08+%7E+Muro+de+Guilfrey+%7E,512,432,141108,9083,0
1109,Extremoduro+2,553,489,2070095,3726,3
1110,Pueblo+de+bonificaci%C3%B3n,519,488,0,516,4
1111,Galena,496,450,2139741,7145,0
1112,2+-+el+que+les+va,509,536,2176591,5022,8
1113,%5B%2ACH%2A%5D+011,456,516,2094332,5500,3
1114,pueblo+de+javi-jvr,494,436,2142802,9606,0
1115,000,505,523,2137188,8394,3
1116,Pueblo+de+bonificaci%C3%B3n,482,491,331657,4666,2
1117,01-Ventormenta,512,450,2176735,5322,0
1118,Pueblo+de+b%C3%A1rbaros,507,474,0,445,0
1119,%5B012%5D+.BudoKai.,536,454,1898371,7963,2
1120,020,490,525,2102310,4436,8
1121,010+fran+estoy+embarazado,513,438,1247466,5503,0
1122,FR+003,539,507,1898371,5497,0
1123,047+Noble,473,516,2177696,1716,9
1124,Fantasmagorico,557,508,891173,2068,9
1125,001+Noble,528,448,2181476,8871,0
1126,09+-+Rivendel,458,507,1820940,2111,2
1127,004+%7EToXiC+PlAnTa%7E,431,497,1947487,5162,0
1128,035+%7EAbuelos+Espartanos,470,495,1747712,818,0
1129,Pueblo+de+bonificaci%C3%B3n,507,467,0,344,2
1130,benny,521,487,2076485,6859,1
1131,001+Gondor,437,501,311234,8500,0
1132,SP2,529,543,2110662,3230,3
1133,Centro+-+12+BoniMetalero,472,516,1989499,1922,3
1134,004+-+BANKINTER,452,498,1169034,10019,0
1135,Pueblo+de+b%C3%A1rbaros,517,491,0,460,0
1136,019+Sastre,536,491,2080309,525,9
1137,Norte+1,480,542,28243,9101,8
1138,022+Embutido+Sorpresa,466,499,888810,8221,0
1139,Jordan+%2323,483,484,1342035,965,6
1140,002+Lanza+Larga+01,430,499,311234,8891,0
1141,Noble+04,519,553,2124483,7519,1
1142,Noble,427,502,1390210,9694,0
1143,PELIGRO+GATOS,553,503,2183483,1415,0
1144,Norte+77,489,544,28243,7222,6
1145,009+Longaniza+Mestiza,427,494,888810,9976,0
1146,05.+Freya,500,447,2090629,1504,0
1147,010+-,454,498,1169034,4786,8
1148,005+-+ABUS,436,500,1546340,6264,0
1149,Pueblo+de+b%C3%A1rbaros,499,530,0,401,0
1150,23+Iri,470,537,2131544,2016,7
1151,Pueblo+de+bonificaci%C3%B3n,532,462,0,375,5
1152,003+%7EToXiC+PlAnTa%7E,426,499,1947487,5489,0
1153,One+Piece+25,538,505,1961278,3940,9
1155,037+Mr+Chorizo+Reventado,447,492,888810,1496,0
1156,Pueblo+de+bonificaci%C3%B3n,550,475,0,334,7
1157,%5B013%5D+.BudoKai.,538,451,1898371,9173,0
1158,FN002,488,494,1587053,1426,0
1159,D04+-+This+is+S+P+A+R+T+A%21,494,502,1745999,3828,1
1160,Pueblo+de+bonificaci%C3%B3n,514,530,0,524,6
1161,000+DERRIBOS+VARIOS,551,484,301920,10160,0
1162,37+Kadrix,465,543,2131544,1156,2
1163,FLINT+006,527,511,1958874,3920,1
1164,Pueblo+de+b%C3%A1rbaros,515,476,0,474,0
1165,AZAZEL+002,454,504,1577451,6144,6
1166,012,528,526,2181708,468,5
1167,000,444,545,709099,1946,0
1168,003,480,495,913250,2868,0
1169,Pueblo+de+bonificaci%C3%B3n,541,499,0,543,1
1170,Heidy+008,537,482,2023202,8773,0
1171,000,501,518,2137188,967,3
1172,Malvinas+Argentinas+-00-,518,474,800543,9656,0
1173,Luftwaffe04,491,501,1651308,2745,6
1174,01-+El+Principal,524,465,907588,5946,0
1175,F+019+PIOLIN,493,494,2126523,2068,2
1176,0010,517,469,2095097,6239,4
1177,F+024+PIOLIN,502,492,2126523,1777,0
1178,000,500,527,2137188,8614,6
1179,%5B010%5D,467,494,572281,4419,3
1180,Oxygen+000,536,475,1958874,7103,0
1181,Pueblo+de+b%C3%A1rbaros,520,499,0,436,0
1182,Pueblo+de+bonificaci%C3%B3n,512,534,0,408,1
1183,Pueblo+de+bonificaci%C3%B3n,555,508,0,567,5
1184,Parralandia,555,536,2183490,8282,0
1185,%5B%2ACH%2A%5D+048,466,512,2094332,642,0
1186,B11+-+This+is+S+P+A+R+T+A%21,486,529,1745999,5627,4
1187,D01+-+This+is+S+P+A+R+T+A%21,495,501,1745999,4001,4
1188,001-GALLEGO,540,474,1471280,9993,0
1189,036+%7EAbuelos+Espartanos,455,495,1747712,770,0
1190,Noble+017,535,490,2129677,2685,4
1192,Pueblo+de+bonificaci%C3%B3n,522,446,0,416,1
1193,Kobe+%2324,487,503,1342035,4955,6
1194,001+Noble,557,482,1666646,9580,0
1195,Sur,492,456,2136699,1088,0
1196,Pueblo+de+bonificaci%C3%B3n,519,460,0,615,3
1197,Gatton-Panic,526,457,1979816,7096,0
1198,Noble+A027,495,545,2123065,1213,0
1199,Pueblo+de+bonificaci%C3%B3n,515,538,0,524,6
1200,ALBERDI-001,540,487,1806454,9432,0
1201,Pueblo+de+b%C3%A1rbaros,526,543,2183491,564,0
1202,042+-+Noble,462,473,2179394,3390,1
1203,Patata,501,555,2133518,8084,8
1204,Pueblo+de+b%C3%A1rbaros,493,476,0,222,0
1205,002.+Boni,537,533,1885328,9828,8
1206,Pueblo+de+bonificaci%C3%B3n,484,525,1745999,400,9
1207,%5B000%5D+.BudoKai.,545,462,1898371,10122,0
1208,10+PeppyXenophillia,450,465,1912482,1793,0
1209,F+007+PIOLIN,497,488,2126523,3214,6
1210,Heidy+020+Arte+Callejero,557,490,2023202,10019,0
1211,Pueblo+de+b%C3%A1rbaros,516,495,0,430,0
1212,023+Embutido+Amanecido,466,498,888810,4654,4
1213,FN003,489,495,1587053,1413,2
1214,GyP998,536,485,2057638,10068,0
1215,F+039+PIOLIN,496,485,2126523,2483,1
1216,007+Samuel,497,455,1543507,2947,5
1217,Combatientes+de+Malvinas+-03-,515,483,800543,3866,0
1218,Pueblo+de+bonificaci%C3%B3n,501,482,1682674,763,5
1219,TiRaNiDoS,554,489,2014236,9597,0
1220,Pueblo+de+bonificaci%C3%B3n,453,532,0,776,7
1221,00+CeMeNTeRiO,479,448,2130145,1074,3
1222,%28A007%29+Tu+Sensibilidad,545,476,222751,10301,0
1223,Pueblo+de+b%C3%A1rbaros,524,527,0,341,0
1224,004,475,501,1810435,7505,1
1225,001+Sastre,540,480,2080309,9807,0
1226,1.1+-+Rukongai,510,443,1734443,3356,0
1227,000,503,523,2137188,7755,2
1228,Pueblo+de+bonificaci%C3%B3n,516,474,0,538,1
1229,0001,540,469,2095097,10040,0
1230,F+012+PIOLIN,494,489,2126523,5702,0
1231,Pueblo+de+Drael+006,510,488,2125437,2630,2
1232,Oxygen+777,534,468,1958874,9539,0
1233,AMEGO+002,455,493,240304,1276,1
1234,Pueblo+de+bonificaci%C3%B3n,494,463,1946933,872,7
1235,%28A005%29+Zona+de+Expansion,546,471,222751,10301,0
1236,Pueblo+de+alvaro,513,513,577826,2125,7
1237,Oxygen+666,527,471,1958874,9255,0
1238,D14+-+This+is+S+P+A+R+T+A%21,491,497,1745999,1779,0
1239,Victor+Valdes,446,515,2136214,674,6
1240,Pueblo+de+bonificaci%C3%B3n,503,471,0,469,1
1241,009+Cadizbcn,522,466,1580481,6961,0
1242,Pueblo+de+b%C3%A1rbaros,471,470,35585,568,0
1243,32+Marabezia,480,536,2131544,2042,2
1244,Kobe+%2324,484,512,1342035,6248,1
1245,Yonkone+000,547,467,2173364,4847,0
1246,0002,543,465,2095097,7732,8
1247,001+NOBLE,563,491,2177144,8233,0
1248,Pueblo+de+b%C3%A1rbaros,517,519,0,474,0
1249,Grasly+Chaow,514,473,2103534,1319,1
1250,016,445,490,1595726,2366,3
1252,aaa,444,499,1731373,10315,8
1253,AZAZEL+006,452,502,1577451,5916,2
1254,ReNa+%7E+Senda+al+abismo,510,486,1174348,2078,0
1255,0015+LADY+C,549,479,301920,1588,0
1256,One+piece+19,530,499,1961278,9304,8
1257,0029,515,466,2095097,1029,5
1258,CASTILLO+MORMONT+01,533,519,542783,8127,0
1259,%7BSec3%7D+04+%7EOrden+de+Jahr+%7E,506,477,141108,320,9
1260,%5B005%5D+Dertosa,472,479,35585,4164,3
1261,Heidy+025,541,514,2023202,8223,0
1262,012+HIERRO+5,523,534,1946447,690,3
1263,012+JFK,515,478,1580481,7796,0
1264,11D,525,528,2181431,630,3
1265,Heidy+007,544,483,2023202,8780,0
1266,Money,484,449,2121243,1180,0
1267,068+Noble,475,468,2127978,4915,2
1269,Pueblo+de+b%C3%A1rbaros,485,468,0,350,0
1270,000,519,531,2137188,3059,1
1272,009+-,452,499,1169034,5141,8
1273,004+ABUS%21,482,520,1271321,9605,8
1275,Pueblo+de+b%C3%A1rbaros,532,493,0,684,0
1276,010+%7EAbuelos+Espartanos,457,496,1747712,6756,8
1277,103,491,535,414455,821,0
1278,B10+-+This+is+S+P+A+R+T+A%21,482,530,1745999,6096,9
1279,Templanza03,492,533,1651308,7627,0
1280,Pueblo+de+b%C3%A1rbaros,459,479,0,398,0
1281,Jordan+%2323,476,525,1342035,586,7
1282,005,466,514,1810435,2393,0
1283,031+%7EAbuelos+Espartanos,465,495,1747712,716,0
1284,FR+013,536,506,1898371,794,5
1285,%5B003%5D,468,508,572281,9007,0
1286,WARLORD+004,476,499,1577451,2301,0
1287,BARBAROS,545,504,2049063,2254,2
1288,F+013+PIOLIN,495,488,2126523,3033,6
1289,Pueblo+de+b%C3%A1rbaros,483,573,934653,9043,0
1290,Don+-019-,485,537,2145649,2963,3
1291,016+Noble,470,517,2177696,6938,0
1292,026+Noble,468,517,2177696,4654,5
1293,006,463,516,1810435,6527,0
1294,Pueblo+de+b%C3%A1rbaros,521,481,0,450,0
1295,008,486,553,1863997,3483,4
1296,Pueblo+de+bonificaci%C3%B3n,506,509,0,366,6
1297,-%3DZigfrid%3D-,468,526,1320170,4645,0
1298,Heidy+002,551,487,2023202,9354,8
1299,PIOLIN,476,526,1320170,9707,0
1300,Pueblo+de+b%C3%A1rbaros,496,464,0,331,0
1301,008.+BALMIX,478,472,2058795,4171,3
1302,003,466,490,2176880,1367,4
1303,Pueblo+de+b%C3%A1rbaros,535,492,0,245,0
1304,%5B012%5D+Saguntum,472,477,35585,1276,7
1305,048+Noble,463,494,2177696,1976,9
1306,One+Piece+23,532,501,1961278,9382,0
1307,006,485,453,2112530,2842,0
1308,%5B016%5D+.BudoKai.,535,459,1898371,8601,1
1309,Oxyy,531,488,1958874,5810,0
1310,Pueblo+de+b%C3%A1rbaros,478,449,2121243,687,0
1311,MIRADCOMOTIEMBLO%21%3A%29,538,518,2171983,3840,8
1312,%28T-T%29,549,506,1714244,601,5
1313,Pueblo+del+103,494,464,1946933,5192,0
1314,038+%7EAbuelos+Espartanos,463,505,1747712,669,7
1315,%23%23Luanro+%23%23,462,550,129037,557,0
1316,Pueblo+de+bonificaci%C3%B3n,490,464,0,461,2
1317,One+Piece+08,541,493,1961278,9348,0
1318,%C3%B1ato+j%C3%BA,553,529,2180626,417,3
1319,Pueblo+de+bonificaci%C3%B3n,529,486,0,353,7
1320,Thor%2Cel+dios+Pitbull,468,551,2172838,7411,0
1321,Noble+A022,494,557,2123065,4099,0
1322,079+Noble,463,541,2177696,777,7
1323,pueblo+de+Magnetom,522,428,1096810,2315,0
1324,Pueblo+de+bonificaci%C3%B3n,481,476,24249,695,9
1325,067+Noble,465,509,2177696,1666,6
1326,pueblo+de+El+monje,481,568,507321,1421,0
1327,PEGASUS+003,535,544,2083885,4397,0
1328,06.,482,456,2124912,7757,8
1329,3.+Galia,521,500,2122757,5089,0
1330,Pueblo+de+bonificaci%C3%B3n,512,485,0,620,1
1331,030B,502,554,2021767,1659,9
1332,Jerryjgj+04,544,490,2174102,5923,0
1333,Pueblo+de+b%C3%A1rbaros,493,462,0,498,0
1334,LCO+006,529,553,1586763,8032,4
1335,08.,480,458,2124912,5772,2
1336,FR+007,540,507,1898371,6228,0
1337,Jordan+%2323,477,522,1342035,547,0
1338,Pestoso+11,524,518,1820949,1847,1
1339,01.+Barcelona,565,529,1683698,9673,0
1340,Ave+f%C3%A9nix+3,533,516,2182287,1380,2
1341,014+Sastre,534,486,2080309,1093,4
1342,EPICENTRO+001,536,497,2057638,9976,0
1343,Pueblo+de+b%C3%A1rbaros,532,483,0,336,0
1344,Jerryjgj+05,537,496,2174102,9141,1
1345,014,480,532,2102310,5875,9
1346,Noble,456,449,219369,6300,0
1347,Pueblo+de+b%C3%A1rbaros,512,466,0,496,0
1348,.+.Noble+boni,493,464,2025956,2146,8
1349,Tiamu,476,445,2121243,9318,0
1350,003,530,523,16,1433,4
1351,nucleo+d,470,478,1966979,1778,5
1352,%7EReNa%7E+006,483,447,2176997,7579,0
1353,Pueblo+de+bonificaci%C3%B3n,531,474,1958874,2881,5
1354,Luftwaffe06,493,500,1651308,2567,8
1355,pueblo+de+FIRULAIS105,463,446,2011248,2034,0
1356,018+Goma+Bungee,484,543,2078276,512,0
1357,018+ABUS%21,469,520,1271321,3365,5
1358,08+CeMeNTeRiO,482,452,2130145,6149,5
1359,Suerte+en+el+Casual,468,439,2054225,9818,0
1360,08.Pueblo+Digital,533,547,2181774,364,0
1361,007,467,518,1810435,5569,9
1362,010,506,518,2119519,2265,6
1363,W103+-+Juan,476,446,2079911,3758,0
1364,F001,498,549,1587053,8491,4
1365,000+El+Capitan+Piluso,471,435,2134563,8750,0
1366,002,479,495,913250,4467,7
1367,Oxygen+999,532,482,1958874,8943,0
1368,%5B%2ACH%2A%5D+043,465,513,2094332,783,0
1369,Barbarito+3,529,475,1958874,5860,3
1370,001+Desembarco+del+Rey,542,441,164,7880,0
1371,Pueblo+de+b%C3%A1rbaros,515,534,0,383,0
1372,013,488,534,2102310,6959,4
1373,Ruits+007,511,535,2181669,1917,2
1374,0+06,523,532,2083091,2425,0
1375,D08+-+This+is+S+P+A+R+T+A%21,499,499,1745999,3632,0
1376,Pueblo+de+bonificaci%C3%B3n,448,485,0,654,4
1377,0026+K44+Cegarro%3F%3F,456,460,2132828,1407,2
1378,Pueblo+de+b%C3%A1rbaros,542,446,0,1562,0
1379,Pueblo+de+b%C3%A1rbaros,543,509,0,606,0
1380,Pueblo+de+bonificaci%C3%B3n,448,482,1814340,1086,2
1381,005+Roca+Casterly,537,452,164,6760,0
1382,Kobe+%2324,494,510,1342035,5708,5
1383,CASTILLO+L-02,542,520,542783,5392,4
1385,RAN+V,525,450,866900,625,0
1386,Pueblo+de+bonificaci%C3%B3n,518,496,0,354,7
1387,Adi%C3%B3s+mundo+cruel+-123-,542,503,800543,9296,1
1389,Pueblo+de+bonificaci%C3%B3n,511,443,1021247,204,2
1390,Noble+PUSH,531,445,2171938,9974,0
1391,046,478,520,1810435,683,9
1392,B006_,556,502,1905015,10394,0
1393,002,497,538,2102310,9977,8
1394,Pueblo+de+bonificaci%C3%B3n,515,533,0,411,9
1395,ABUS+03,433,524,2027527,8705,0
1396,Pueblo+de+bonificaci%C3%B3n,518,533,0,392,7
1397,P4scu84,466,484,2136273,2776,2
1398,001+-+VAKISED,447,504,1169034,10019,0
1399,30+Gran+Hexi,475,529,2131544,1709,6
1400,030+Noble,466,465,2127978,7735,6
1401,Noble,433,512,1390210,10157,0
1402,Pueblo+de+b%C3%A1rbaros,524,453,0,485,0
1403,FR+001,548,501,1898371,10452,4
1404,01.El+oro%2C+la+fama%2C+el+poder...,435,535,1571842,10002,0
1405,050+-+Noble,461,474,2179394,3366,1
1406,F+028+PIOLIN,505,492,2126523,1448,2
1407,N001+Morfina,481,564,1587053,10479,0
1408,027+Mr+Chorizo,446,492,888810,1456,5
1409,001,437,505,1595726,10141,0
1410,035+Noble,477,502,2177696,1831,0
1411,072+Noble,476,463,2127978,4676,3
1412,Pueblo+de+bonificaci%C3%B3n,541,490,0,417,2
1413,Templanza,491,542,1651308,8854,0
1414,06+A,539,536,2181431,2537,0
1415,Barbarito+2,529,476,1958874,7242,2
1416,010+-+ABUS,447,524,1546340,4205,5
1417,A01+-+This+is+S+P+A+R+T+A%21,493,573,1745999,10311,0
1418,080+Noble,482,507,2177696,1002,0
1419,Pueblo+de+bonificaci%C3%B3n,478,464,0,323,9
1420,021.+ABUS,487,567,1678679,3527,0
1421,Pueblo+de+b%C3%A1rbaros,510,539,0,418,0
1422,064+Noble,474,470,2127978,3581,5
1423,001,439,530,1783692,8831,0
1424,014.+Soy+Un+Baba,497,542,1889098,685,0
1425,Pueblo+de+bonificaci%C3%B3n,526,472,1958874,651,3
1426,01.+Bonificaci%C3%B3n,465,547,1793379,2825,3
1427,aaa,444,494,1731373,10476,0
1428,004+Alan+Parson+Project,555,475,2085697,6772,8
1429,ABUS+01,434,530,2027527,9687,0
1430,15.,485,445,2124912,1237,0
1431,086+Noble,468,492,2127978,2923,2
1432,Heidy+015,560,496,2023202,7468,9
1433,Maik001,467,542,2084332,10320,0
1434,Pueblo+de+b%C3%A1rbaros,513,522,0,370,0
1435,034+Noble,469,468,2127978,7859,5
1436,Almogaver,454,557,231570,8973,0
1437,Kobe+%2324,490,516,1342035,4824,0
1438,009.+Rena,489,460,1983197,1635,3
1439,Pueblo+de+bonificaci%C3%B3n,524,534,0,428,7
1440,PELIGRO+MARIQUITAS,535,552,2183483,9472,0
1441,Pueblo+de+b%C3%A1rbaros,464,522,0,370,0
1442,003+Noble,520,543,2183491,7457,9
1443,North+0033,473,543,28243,3147,6
1445,009+Goma+Bungee,488,528,2078276,370,4
1446,W103+-+No+toy,432,506,2048251,9956,0
1447,SPAID%3A+Guerreros+Aztecas,546,536,486339,7166,7
1448,Medio+3,472,546,28243,9741,8
1449,La+Masia,437,511,2136214,9835,0
1450,Pueblo+de+b%C3%A1rbaros,500,539,0,569,0
1451,054+Noble,472,451,2127978,3967,6
1452,001+Washed+Up+Player,433,515,2177554,9659,0
1453,026B,492,558,2021767,1622,0
1454,Efededrales,516,455,1979816,1832,4
1455,Pueblo+de+bonificaci%C3%B3n,510,458,0,277,2
1456,001+Noble,460,542,2177696,8677,0
1457,Pueblo+de+bonificaci%C3%B3n,517,449,0,394,3
1458,XxXxX+010,546,509,2057638,551,4
1459,Bmww+2,467,549,28243,9299,0
1460,Pueblo+de+bonificaci%C3%B3n,497,462,0,631,2
1461,Barbarito+1,530,475,1958874,4576,6
1462,-A01-+%2ASintron%2A,473,563,862456,8842,0
1463,%5B012%5D+O.o,462,466,278359,3162,1
1464,02.+Bonificaci%C3%B3n,466,547,1793379,2756,9
1465,008,458,546,1810435,8115,0
1466,Pueblo+de+b%C3%A1rbaros,485,550,0,468,0
1467,AZAZEL+003,458,505,1577451,6932,3
1468,001+%7EToXiC+PlAnTa%7E,432,512,1947487,10299,0
1469,Jordan+%2323,496,522,1342035,802,0
1470,One+Piece+21,532,498,1961278,6806,8
1471,Don+-001-,480,556,2145649,10495,0
1472,serrano,520,489,2076485,901,6
1473,001,433,523,2183482,10220,0
1474,007,536,537,2181708,2440,0
1475,Noble+A010,495,556,2123065,4283,1
1476,primo,549,509,2076485,1028,1
1477,M+BAPPE,459,538,2770,1536,0
1478,S%40tan+5a,495,527,1459338,1545,2
1479,010+ABUS%21,485,529,1271321,7274,4
1480,045,474,516,1810435,1859,0
1481,Jordan+%2323,481,518,1342035,424,0
1482,%5B011%5D+Ebusus,477,472,35585,1401,6
1483,benitez,520,496,2076485,1691,7
1484,Pueblo+de+b%C3%A1rbaros,486,449,0,301,0
1485,Pueblo+de+b%C3%A1rbaros,473,529,911726,395,0
1486,10.al+rufian+que+lo+encuentre%21,456,525,1571842,4287,1
1487,PPS,526,480,153739,1414,0
1488,Pueblo+de+bonificaci%C3%B3n+2,506,510,2179552,3533,8
1489,007+Sastre,539,479,2080309,3169,6
1490,Pueblo+de+b%C3%A1rbaros,486,457,0,289,0
1491,Pueblo+de+bonificaci%C3%B3n,477,449,2121243,626,3
1492,%5B014%5D+.BudoKai.,535,456,1898371,10069,0
1493,009+NOBLE,559,486,2177144,4126,2
1494,05+Aguas+Turbias,516,458,1993578,938,5
1495,sigue+lanzando+payaso,533,462,15726,749,0
1496,004,534,541,2181101,9648,4
1497,pueblo+de+azrael-k,491,440,865857,9787,0
1498,X.+Ejercito+Bernardo+de+G%C3%A1lvez,523,508,2122743,4233,5
1499,049+Noble,465,521,2177696,1976,6
1500,005+Soppressata,544,470,2181542,5577,0
1501,Pueblo+de+b%C3%A1rbaros,496,544,0,457,0
1502,075+Noble,469,448,2127978,8768,8
1503,006-+Lioness,444,505,1766388,2635,0
1504,Murciass,510,550,2183397,1046,2
1505,Pueblo+de+bonificaci%C3%B3n,515,546,2088835,284,5
1506,pps,470,462,953649,434,0
1507,%5B002%5DPCH,502,547,2172838,4023,4
1508,002+Noble+jajajja,555,497,2057638,5587,9
1509,Pueblo+de+b%C3%A1rbaros,472,456,0,413,0
1510,Pueblo+de+Ixius+0002,446,471,1814340,8378,0
1511,%5B008%5D+FreeBSD,550,498,2181891,9868,2
1512,Oxygen+555,527,469,1958874,8806,0
1513,000,500,521,2137188,7353,5
1514,10+Kholinar,483,556,2131544,6284,5
1515,pueblo+de+totoneta,498,525,1037239,2353,0
1516,Pueblo+de+b%C3%A1rbaros,542,509,0,317,0
1517,Temple01,479,525,1651308,5280,4
1518,caba,528,478,1126755,2706,0
1519,LCO+002,539,545,1586763,10019,8
1520,De+pronto+splash...,531,453,684733,4506,0
1521,CASTILLO+L-03,538,521,542783,1780,0
1522,SPAID%3A+Guerreras+Amazonas,546,530,486339,2215,1
1523,LCO+017,528,547,1586763,3366,9
1524,pueblo+de+Cthulhu,532,451,1726840,315,0
1525,12-+Rancho+Dutton,449,505,1766388,604,0
1526,Pueblo+de+bonificaci%C3%B3n,528,489,0,549,4
1527,002,493,447,2112530,6235,5
1528,Ullinish,454,489,1688375,3234,0
1529,03+Gomorra,537,475,91387,981,0
1530,011,443,516,20451,2537,9
1531,Pueblo+de+b%C3%A1rbaros,481,490,331657,1377,0
1532,05.+Delfos,522,499,2122744,5065,0
1533,Heidy+011,556,494,2023202,7074,4
1534,013+Noble,558,493,2057638,5639,1
1535,MiSTen%2A,504,539,1847699,201,0
1536,Money,475,454,2121243,4935,4
1537,Ejercito+Manuela+Malasa%C3%B1a,517,511,2122743,1851,5
1538,027,501,547,2021767,5167,0
1539,011+MONO,485,467,925391,1447,5
1540,AZAZEL+016,451,509,1577451,786,7
1541,01+Aguas+Negras,521,450,1993578,9086,0
1542,Pueblo+de+b%C3%A1rbaros,517,498,0,553,0
1543,013+HIERRO+6,527,530,1946447,483,3
1544,34+Tashikk,470,545,2131544,1653,9
1545,015+Buddhas+Family,461,539,2062192,1673,0
1546,076+Noble,469,449,2127978,7779,2
1547,100-GALLEGO,574,498,1471280,7090,0
1548,Pueblo+de+b%C3%A1rbaros,468,458,0,678,0
1549,III+Em%C3%A9rita+Augusta,503,442,1963398,5834,1
1550,31+Yulay,468,533,2131544,1966,1
1551,Buiyo%2801%29,557,502,2058565,3641,0
1552,Pueblo+de+b%C3%A1rbaros,460,538,0,391,0
1553,11.,481,457,2124912,4660,1
1554,03.,481,459,2124912,1842,9
1555,015+Ah%21%3F,560,497,912352,9092,0
1556,Pueblo+de+bonificaci%C3%B3n,526,466,0,347,1
1557,000,500,522,2137188,3001,7
1558,pueblo+de+pini314,501,516,2106685,1627,0
1559,0022,459,537,1344475,639,7
1560,006+Koblenz,552,472,1629978,3625,4
1561,002,476,536,2172838,4428,0
1562,Pueblo+de+bonificaci%C3%B3n,454,480,0,396,3
1563,0000,499,457,992825,1915,6
1564,pueblo+de+garbanzete,496,512,22529,333,0
1565,Oliver+atom+003,543,526,2181669,3532,0
1566,033B,502,556,2021767,1860,1
1567,ReNa+Frontera+Sur+002,492,468,2176997,1379,2
1568,Pueblo+de+Santo+Oficio,514,512,2122743,8949,0
1569,Pueblo+de+b%C3%A1rbaros,476,548,0,370,0
1570,04+Aguas+Claras,517,448,1993578,1631,3
1571,015+Goma+Bungee,487,525,2078276,500,9
1572,Dgvv%2C%2C%2C%2C,471,478,860318,2384,0
1573,007+Heavens+Gate,553,479,2085697,3369,0
1574,16.Esto+va+a+comenzar%21,460,517,1571842,3730,6
1576,CASTILLO+BOLTON,542,513,542783,6455,8
1577,011_Limon,553,450,1715991,2886,0
1578,Jesusca+2,506,503,2183422,2677,9
1579,010,443,515,20451,2580,9
1580,kana+4,545,533,2183605,1836,0
1581,%5B%2ACH%2A%5D+038,480,512,2094332,940,0
1582,09.,483,456,2124912,4282,9
1583,Jerryjgj+08,550,493,2174102,3468,5
1584,06+Langen,482,467,2137298,7173,0
1585,W103+-+004+fernandorv,520,555,2140502,6015,3
1586,002+Leibstadt,545,477,1629978,3041,7
1587,07+Taunus,483,465,2137298,4649,0
1588,%5B011%5D+.BudoKai.,539,459,1898371,8690,9
1589,Ara+San+Juan+-002-,515,472,800543,7146,0
1590,Pueblo+de+b%C3%A1rbaros,461,456,0,388,0
1591,Pueblo+de+bonificaci%C3%B3n,477,537,2172838,752,9
1593,38+Quili,473,534,2131544,1259,7
1594,0033,517,499,2095097,795,4
1595,pueblo+de+Salma+Kan,500,495,2123952,4420,0
1596,006,467,551,2172838,720,0
1597,Cubarsi,522,471,907588,851,5
1598,FLINT+003,528,512,1672154,4530,3
1599,Pueblo+de+b%C3%A1rbaros,490,492,2095032,411,0
1600,39+Desh,465,542,2131544,1162,6
1601,011,461,435,2002238,1321,0
1602,%5B027%5D+O.o,445,480,278359,2754,8
1604,Pueblo+de+b%C3%A1rbaros,505,458,0,574,0
1605,Pueblo+de+bonificaci%C3%B3n,522,530,0,382,8
1606,pueblo+de+SERGIORO,450,476,2184324,6873,0
1607,Jesusca+3,508,505,2183422,1448,0
1608,028+Mr+Chorizo,468,500,888810,2098,9
1609,002,500,570,1553266,8171,0
1610,Pueblo+de+bonificaci%C3%B3n,512,469,2137186,744,2
1611,Pueblo+de+bonificaci%C3%B3n,543,515,0,537,9
1612,Dgvv%2C,461,477,860318,2637,0
1613,F+034+PIOLIN,499,486,2126523,2631,2
1614,001,453,472,2184324,8900,0
1615,Pueblo+de+bonificaci%C3%B3n,531,490,0,523,6
1616,Noble+A017,493,552,2123065,4292,6
1617,008,452,474,2142222,9597,0
1618,009,466,519,1810435,5349,5
1619,VII.+Ejercito+Hernan+Cort%C3%A9s,518,511,2122743,8716,5
1620,P4scu84,468,483,2136273,9604,0
1621,Pueblo+de+bonificaci%C3%B3n,537,461,0,398,7
1622,Centro+-+09+BoniMadeiro,465,523,1989499,3481,1
1623,016+%7EAbuelos+Espartanos,465,491,1747712,7693,0
1624,04.+Se%C3%B1or+Sosa,506,561,2090921,591,0
1625,Pueblo+de+Drael+002,512,493,2125437,5742,8
1626,XxXxX+006,533,506,2057638,976,7
1627,%5B009%5D+.BudoKai.,542,456,1898371,10016,0
1628,K03BT,498,447,1951772,916,0
1629,002,516,529,2124889,544,4
1630,Pestoso+09,523,516,1820949,2614,2
1631,F+044+PIOLIN,505,503,2126523,5313,0
1632,Pueblo+de+b%C3%A1rbaros,555,511,0,447,0
1633,0004+K44+Cegarro%3F%3F,457,464,2132828,5431,4
1634,2.+Amigdalitis,513,559,2182261,5136,5
1635,007+Noble,465,449,2127978,10373,0
1636,09.+Freya,500,443,2090629,682,0
1637,002,454,473,2184324,7946,8
1638,07+D,535,535,2181431,4147,0
1639,064+-+Noble,468,474,2179394,2158,0
1640,Noble+B015,548,515,254189,3769,6
1641,007,482,554,1863997,5311,8
1642,NOBLE,532,543,2083885,10400,0
1643,Noble+A031,491,544,2123065,1174,0
1644,Heidy+004,555,481,2023202,8996,4
1645,B13+-+This+is+S+P+A+R+T+A%21,481,531,1745999,5263,0
1646,Ullinish+2,454,490,1688375,534,4
1647,Honor+cid+1,480,548,28243,10506,0
1648,Norte+7,488,546,28243,7489,5
1649,31.,476,460,2124912,1486,2
1650,-_-,486,450,2131441,2176,0
1651,Pueblo+de+bonificaci%C3%B3n,501,465,0,289,5
1652,%2A+Pueblo+de+bonificaci%C3%B3n,509,464,2025956,5569,1
1653,003,539,464,2174905,5976,0
1654,043+-+Noble,464,473,2179394,3456,1
1655,B12+-+This+is+S+P+A+R+T+A%21,479,524,1745999,4075,4
1656,004,521,447,1684263,3959,0
1657,North+0044,470,535,28243,3318,5
1658,Pueblo+de+bonificaci%C3%B3n,519,512,2122743,1622,1
1659,Noble+104,506,440,1617970,7196,0
1660,FLINT+002,528,507,1672154,8116,1
1661,SPAID%3A+Guerreros+Templarios,546,537,486339,9273,5
1662,wohoj%C3%B3,554,527,2180626,6051,0
1663,PELIGRO+CABRAS,554,504,2183483,876,3
1664,Fantasma,516,552,891173,5585,0
1665,dgvv%2C%2C%2C%2C%2C,464,479,860318,679,9
1666,001,534,542,2181101,9987,0
1667,PSL+ukuzivikela,500,440,550454,1757,7
1668,jess,525,495,2076485,1794,5
1669,01+Mark+Evans,552,545,2128799,9742,0
1670,006+Goma+Bungee,485,551,2078276,7355,9
1671,AskiTo,488,451,2121243,9179,0
1672,F+002+PIOLIN,497,490,2126523,3402,7
1673,Kobe+%2324,496,502,1342035,5427,6
1674,Pink+Storm,487,439,2121243,9328,0
1675,Pueblo+de+b%C3%A1rbaros,528,453,684733,2066,0
1676,Coria,497,456,2179989,599,6
1677,009+TRANSPORTES+VARIOS,550,479,301920,3043,7
1678,Crack,485,440,865857,6617,0
1679,Pueblo+de+b%C3%A1rbaros,493,452,0,431,0
1680,004+Sastre,544,481,2080309,9807,8
1681,082+Noble,469,475,2127978,5859,8
1682,006+ferbarom,487,569,3904,7926,0
1683,008-+LCO,539,541,1166358,585,0
1684,019+Embutido+Lento,452,497,888810,5121,9
1685,Pueblo+de+b%C3%A1rbaros,526,492,0,441,0
1686,Pueblo+de+bonificaci%C3%B3n,507,546,0,367,7
1687,%5B010%5D,550,497,2181891,1032,6
1688,001,502,567,2182271,8893,0
1689,Pueblo+de+b%C3%A1rbaros,484,492,1847667,657,0
1690,004,524,458,784340,5428,8
1691,1.+PUEBLO+DEL+FATIGA,516,559,2182261,6481,0
1692,Pueblo+de+bonificaci%C3%B3n,490,476,0,361,1
1693,pueblo+de+Matapoco,522,532,222512,1069,0
1694,aaa,444,493,1731373,9893,1
1695,Pueblo+de+b%C3%A1rbaros,525,525,0,251,0
1696,18+Sesemalex+Dar,478,553,2131544,4932,1
1697,Pueblo+de+b%C3%A1rbaros,518,529,0,401,0
1698,023,490,546,2102310,2665,2
1699,006,554,517,1406307,5720,0
1700,Pueblo+de+bonificaci%C3%B3n,519,532,0,461,7
1701,Tsushima+04%23,561,520,2114370,6455,0
1702,Niflheim,542,505,2124889,3700,4
1703,bbb,454,509,1731373,7123,9
1704,Don+-008-,484,535,2145649,8576,0
1705,Alejandr%C3%ADa,541,477,1608799,3020,0
1706,050+Noble,456,541,2177696,1921,2
1707,Kattegat%7E103%7E02%7E,490,493,2095032,1598,2
1708,026+ABUS%21,487,526,1271321,6748,0
1709,016+Embutido+Apestoso,447,491,888810,6901,8
1710,Kobe+%2324,497,510,1342035,8990,9
1711,Burjassot,533,512,1548649,4071,0
1712,Pueblo+de+bonificaci%C3%B3n,525,458,0,567,3
1713,%C3%B1ato+j%C3%B3,550,525,2180626,528,7
1714,pueblo+de+Juda+Ben+Hur,531,518,845612,6621,0
1715,022,447,495,1595726,1501,9
1716,Noble+06,516,555,2124483,6344,3
1717,Olmar.,456,462,1619606,266,0
1718,Pueblo+de+bonificaci%C3%B3n,527,512,0,467,6
1719,SPAID%3A+Guerreros+Legendarios,550,530,486339,1538,1
1720,002+solovisa,458,457,2071214,3530,0
1721,Troya+noble,509,502,2038416,2158,3
1722,Pueblo+de+bonificaci%C3%B3n,541,463,0,517,9
1723,Granja+Feliz,452,459,2118197,268,0
1724,008+Octavia,521,443,217192,2775,0
1725,25+Rishir,472,535,2131544,2284,4
1726,03+-+Rohan,453,551,1820940,9473,0
1727,Pueblo+de+b%C3%A1rbaros,455,470,2184324,1320,0
1728,Jerryjgj+03,548,481,2174102,8058,2
1729,jesusiyo3333,447,534,1320170,9996,0
1730,001-+TRUENO,544,536,1166358,5134,9
1731,012+Rial+OrDeN,453,480,1124356,2653,4
1732,0002,454,548,1344475,9699,0
1733,Pueblo+de+b%C3%A1rbaros,556,507,0,448,0
1734,017,500,468,1682674,1388,5
1735,010,451,538,1810435,6973,0
1736,Pueblo+de+bonificaci%C3%B3n,489,459,0,460,9
1737,Cabrito,507,459,1756097,1503,0
1738,BTC,488,513,2182955,1267,8
1739,Pueblo+de+bonificaci%C3%B3n,553,507,0,454,2
1740,PPS,508,456,304119,1921,0
1741,Pueblo+de+bonificaci%C3%B3n,476,444,0,451,9
1742,pueblo+de+rimpac,495,518,2066652,457,0
1743,Pueblo+de+b%C3%A1rbaros,457,486,0,452,0
1744,008,558,518,1406307,2005,3
1745,pueblo+de+cyborg,494,520,15878,249,0
1746,03.+Hiperb%C3%B3rea,521,501,2122744,6229,4
1747,004,528,522,16,1027,9
1748,028+Noble,452,533,2177696,8161,0
1749,0.4+-+Getsuga+Tenshou,509,441,1734443,8350,3
1750,Pueblo+de+bonificaci%C3%B3n,537,516,0,630,9
1751,pueblo+de+Triston+Monkey,437,533,1844986,2681,0
1752,S%40tan+2,493,534,1459338,7354,0
1753,020+Embutido+Curvo,454,496,888810,4121,4
1754,004+OBRAS+Y+REFORMAS+SA,547,486,301920,8759,0
1755,%5B021%5D+O.o,460,464,278359,3409,3
1756,0007,513,541,2177105,4585,7
1757,08.Mi+tesoro%3FBuscadlo+si+quereis,459,515,1571842,10019,0
1758,Pueblo+de+b%C3%A1rbaros,460,472,2184324,1162,0
1759,PUEBLO+098,513,516,2182034,1164,3
1760,W103+-+002+Yaelito,542,560,2140502,6547,0
1761,ill+be+back+VIP,479,485,1470110,1786,0
1762,11.Y+todos+los+lobos,455,524,1571842,4235,2
1763,Pueblo+de+bonificaci%C3%B3n,518,471,0,344,6
1765,vizcaino,520,491,2076485,3968,4
1766,Pueblo+de+bonificaci%C3%B3n,520,541,0,686,1
1768,0021+K44+Cegarro%3F%3F,455,469,2132828,1107,4
1769,javi,467,450,6593,418,2
1770,005-Kimchi,508,451,2087974,8295,0
1771,Pueblo+de+bonificaci%C3%B3n,517,549,0,355,1
1772,aaa,444,503,1731373,7213,9
1773,007+F,506,457,2025956,7373,0
1774,017+Goma+Bungee,477,544,2078276,445,0
1775,Pueblo+de+bonificaci%C3%B3n,508,546,2183491,570,9
1776,Pueblo+de+bonificaci%C3%B3n,490,442,865857,4037,4
1777,004-,505,460,2087974,9809,0
1778,Pueblo+de+b%C3%A1rbaros,518,505,2122743,1005,0
1779,E08+-+This+is+S+P+A+R+T+A%21,479,492,1745999,1676,7
1780,019+-+Noble,460,451,2179394,8371,0
1781,E05+-+This+is+S+P+A+R+T+A%21,475,491,1745999,1537,0
1782,051+Noble,470,500,2177696,1869,6
1783,Saenz+Pe%C3%B1a,523,510,2145359,559,6
1784,5.+Alejandria,523,509,2122757,7346,0
1785,XDDX,476,492,2145573,2687,5
1786,ALBERDI-007,542,487,1806454,4237,2
1787,06.+Cimeria,525,504,2122744,9510,0
1788,019+Noble,454,532,2177696,3914,4
1789,004+Infiltrados,483,445,1609139,6694,0
1790,%5B004%5D+Iluro,475,479,35585,5831,9
1791,Villa+Fentanilo,485,438,865857,6977,0
1792,One+Piece+12,540,477,1961278,5670,0
1793,052+Noble,460,540,2177696,1694,3
1794,017,446,477,2142222,4255,5
1795,la+puebla,477,533,16275,3007,0
1796,Pueblo+de+b%C3%A1rbaros,548,484,2070095,1088,0
1797,ReNa+%7E+Castigo,513,450,1174348,3506,4
1798,Pueblo+de+bonificaci%C3%B3n,474,452,2121243,612,9
1799,pueblo+de+lord+verox,514,444,1815147,316,0
1800,017+Buddhas+Family,471,500,2062192,765,7
1801,02.+Freya,502,439,2090629,6716,8
1802,008+Noble,530,540,2183491,9687,0
1803,Pueblo+de+b%C3%A1rbaros,523,553,0,332,0
1804,030+ABUS%21,481,521,1271321,976,2
1805,029+Noble,472,507,2177696,4386,5
1806,Moscu,532,534,1839095,493,0
1807,Pueblo+de+bonificaci%C3%B3n,516,547,0,350,3
1808,Pueblo+de+b%C3%A1rbaros,504,547,0,518,6
1809,014+CIRE,539,538,1946447,1838,0
1810,004+%7EAbuelos+Espartanos,459,507,1747712,6655,9
1811,Pueblo+de+bonificaci%C3%B3n,552,509,0,440,7
1812,002-+HT,540,537,2179516,9976,0
1813,10-+La+Casa+del+Drag%C3%B3n,443,506,1766388,838,0
1814,006+SUR,551,499,1898371,4905,2
1815,Boixos+Nois,445,498,2136214,1277,6
1816,006+Noble,460,543,2177696,8768,0
1817,Pueblo+de+bonificaci%C3%B3n,559,510,0,419,9
1818,F+041+PIOLIN,493,483,2126523,1083,9
1819,011,459,545,1810435,7772,0
1820,009,489,555,1863997,3708,1
1821,B05+-+This+is+S+P+A+R+T+A%21,483,530,1745999,8694,8
1822,003+Noble,455,539,2177696,6883,0
1823,PELIGRO+MANTIS,534,551,2183483,2869,0
1824,001,477,489,2174772,1335,6
1825,002+Noble,457,544,2177696,9772,0
1826,071+Noble,452,537,2177696,1838,0
1827,12+Tukar,477,545,2131544,5051,6
1828,0032,521,474,2095097,1055,2
1829,%5BA%5D+006+El+favorito+de+tu+novia,451,546,1833730,5970,0
1830,Pueblo+de+b%C3%A1rbaros,511,522,0,363,0
1831,%5B%2ACH%2A%5D+049,469,513,2094332,639,7
1832,02+Llanuras+quebradas,462,556,2131544,9763,0
1833,038+Mr+Chorizo+Reventado,447,490,888810,1450,0
1834,Pueblo+de+bonificaci%C3%B3n,457,483,0,354,2
1835,Pueblo+de+b%C3%A1rbaros,508,459,0,219,0
1836,Pueblo+de+b%C3%A1rbaros,520,514,2122743,1779,0
1837,F+040+PIOLIN,496,483,2126523,1905,1
1838,Pueblo+de+b%C3%A1rbaros,506,466,0,227,0
1839,F+005+PIOLIN,497,489,2126523,4585,5
1840,Verbenaceas,528,458,1979816,3459,2
1841,FR+004,542,495,1898371,7820,0
1842,Pueblo+de+b%C3%A1rbaros,453,522,0,406,0
1843,Pueblo+de+bonificaci%C3%B3n,458,481,0,420,5
1844,Maderitas+Merino,506,448,2139741,1179,1
1845,%5B009%5D+Solaris,544,489,2181891,4552,0
1846,XxXxX+008,533,504,2057638,664,0
1847,Anchoa,509,557,2133518,4959,8
1848,A004+Noble,535,539,1994814,9789,0
1849,008,529,532,2181708,2260,2
1850,03.Villa+Laikus,531,549,2181774,5965,0
1851,Bsk+02,495,447,1951772,5702,0
1852,bonifacio,514,442,2032066,8537,8
1853,Kobe+%2324,497,521,1342035,9145,0
1854,Kobe+%2324,484,513,1342035,5000,6
1855,Pueblo+de+bonificaci%C3%B3n,511,538,2176591,528,5
1856,Don+-012-+A,496,523,2145649,9284,0
1857,036+Noble,471,515,2177696,1652,0
1858,002,524,460,546791,892,9
1859,Pueblo+de+b%C3%A1rbaros,525,449,0,294,0
1860,Pueblo+de+b%C3%A1rbaros,520,478,0,419,0
1861,17.Subete+abordo%2C+vamonos+ya%21,459,518,1571842,4163,6
1862,Pueblo+de+b%C3%A1rbaros,524,452,0,372,0
1863,025+%7EAbuelos+Espartanos,462,490,1747712,842,6
1864,029+Mr+Chorizo,468,499,888810,2112,6
1865,Pueblo+de+b%C3%A1rbaros,437,515,1980096,3786,0
1866,Pueblo+de+bonificaci%C3%B3n,517,455,0,435,2
1867,004,436,507,20451,8385,0
1868,pueblo+de+catalufo,547,529,1674937,5268,8
1869,08.+Gadir,532,510,2122773,4462,0
1870,Pueblo+de+b%C3%A1rbaros,497,544,0,434,0
1871,Pueblo+de+bonificaci%C3%B3n,499,528,0,538,7
1872,%2AChinaTown%2A,530,515,2183957,3917,0
1873,005+Noble,471,447,2127978,10431,2
1874,One+Piece+14,529,464,1961278,6865,0
1875,Pueblo+de+b%C3%A1rbaros,533,455,0,608,0
1876,002+Noble,528,449,2181476,3571,7
1877,GyP+-1,530,461,1958874,8309,0
1878,Pueblo+de+bonificaci%C3%B3n,526,464,0,474,7
1879,Lulu+Always+Wins,571,507,2183635,1636,0
1880,Pueblo+de+b%C3%A1rbaros,490,536,0,488,0
1881,000,509,531,2137188,4082,6
1882,GG+Dmadz,514,451,1174348,9960,0
1883,AZAZEL+018,452,511,1577451,549,0
1884,SPAID%3A+Guerreros+del+mas+Alla,545,537,486339,8048,5
1885,009-P_I,504,449,2087974,2010,4
1886,pueblo+de+tomaco007,539,496,515,1753,0
1887,08+D,536,535,2181431,2110,0
1888,Pueblo+de+bonificaci%C3%B3n,469,451,0,518,7
1889,000+vic,541,523,1488,10160,0
1890,037+Noble,470,516,2177696,1717,0
1891,Noble,448,477,219369,1060,9
1892,Pueblo+de+b%C3%A1rbaros,506,461,0,160,0
1893,Pueblo+de+b%C3%A1rbaros,522,455,0,465,0
1894,012-P_III,513,458,2087974,1628,4
1895,%5B%2ACH%2A%5D+007,456,517,2094332,9408,0
1896,Pueblo+de+b%C3%A1rbaros,491,531,1459338,450,0
1897,Dobby+004,547,530,2181669,3533,2
1898,pueblo+de+Toni2007,528,504,5802,753,0
1899,AZAZEL+008,453,504,1577451,2897,0
1900,Fukeda,481,497,2093156,427,7
1901,pueblo+de+Selene,522,452,684733,3399,0
1902,p4scu84,466,481,2136273,427,0
1903,Pueblo+de+bonificaci%C3%B3n,538,500,0,381,3
1904,Pueblo+de+alvaro,513,511,577826,1379,9
1905,Esperpento,460,528,240304,7204,0
1906,Heidy+014,537,488,2023202,6644,1
1907,Noble,529,447,2171938,4375,0
1908,080+Auuuuuuuuuuu+%3A3,467,491,2127978,6402,2
1910,Pueblo+de+b%C3%A1rbaros,519,511,2122743,2009,0
1911,Ser%C3%A1+7,493,457,2136699,1017,9
1912,La+casa+del+Granjero,490,428,1796437,7232,0
1913,Pueblo+de+b%C3%A1rbaros,519,499,0,377,0
1914,%5B014%5D+Dianium,476,474,35585,1430,6
1915,aaa,452,500,1731373,10475,0
1916,%5B%2ACH%2A%5D+041,479,509,2094332,919,0
1917,LCO+011,530,551,1586763,5134,4
1918,Pueblo+de+b%C3%A1rbaros,523,467,2095097,474,1
1919,022,500,557,2021767,10043,0
1920,24+Natanatan,471,535,2131544,2443,1
1921,Pueblo+de+b%C3%A1rbaros,509,500,2038416,1226,0
1922,Pueblo+de+b%C3%A1rbaros,489,481,0,385,0
1923,GGG1,512,557,741002,3362,5
1924,%5B%2ACH%2A%5D+025,483,511,2094332,8146,0
1925,zZzZzZ,536,509,2129677,6746,5
1926,08+D%C3%BCsseldorf,481,472,2137298,4388,0
1927,Pueblo+de+b%C3%A1rbaros,515,499,0,447,0
1928,S%40tan+3.5,496,534,1459338,3924,5
1929,D07+-+This+is+S+P+A+R+T+A%21,498,499,1745999,3764,5
1930,pueblo+de+Vakna,445,523,1945137,3873,0
1931,Jerryjgj+06,536,494,2174102,4891,3
1932,Noble+A002,490,548,2123065,8100,0
1933,024,492,474,1682674,1169,3
1934,040+Noble,466,462,2127978,7643,5
1935,%5B001%5D+Barcino,476,478,35585,9017,0
1936,051+ZNB,494,528,2021767,1283,0
1937,0015,539,461,2095097,3833,6
1938,08+Shinnovar,479,551,2131544,6196,4
1939,pueblo+de+Strygwyr,472,515,1613388,6671,0
1940,0.3+-+Vasto+Lorde,511,441,1734443,8667,0
1941,Svart%C3%A1lfaheim,547,501,2124889,8139,4
1942,pueblo+de+enanoide,509,537,49682,1540,0
1943,061+-+Noble,470,476,2179394,1918,7
1944,Pueblo+de+bonificaci%C3%B3n,484,450,2121243,714,7
1945,004.+Rena,487,448,1983197,7629,0
1946,002+FUNEBRERO,486,482,2178811,2150,9
1947,004,556,520,1406307,7648,4
1948,GyP+-2,537,462,1958874,6681,0
1949,42+integridad+duradera,475,534,2131544,1101,0
1950,Pueblo+de+bonificaci%C3%B3n,522,457,0,577,7
1951,008.+Kishin+Es+Hermoso,503,556,1889098,4430,6
1952,AMEGO+005,451,492,240304,730,0
1953,Pueblo+de+b%C3%A1rbaros,522,508,0,370,0
1954,Bsk+01,496,448,1951772,5973,1
1955,Noble+006,547,495,2129677,5191,0
1956,Pueblo+de+bonificaci%C3%B3n,500,481,2018579,673,2
1957,ReNa+%7E+Correctivo,499,441,1174348,5698,4
1958,001+pueblo+de+ArHeim,552,482,301920,9901,0
1959,Pueblo+de+b%C3%A1rbaros,468,528,0,533,0
1960,ReNa+Frontera+Sur,493,469,2176997,2806,8
1961,Dgvv%2C%2C%2C,470,474,860318,5237,0
1962,000,509,519,2137188,4400,9
1963,%5B008%5D+.BudoKai.,538,473,1898371,10259,0
1964,038+Noble,471,504,2177696,1590,0
1965,07+Jah+Keved,479,553,2131544,8873,8
1966,Pueblo+de+bonificaci%C3%B3n,493,479,0,651,1
1967,Call+Me,479,451,2121243,8994,0
1968,Pueblo+de+b%C3%A1rbaros,551,475,0,487,0
1969,03.+Freya,498,444,2090629,8836,8
1970,ferfi%C3%B1os,500,442,97846,417,0
1971,Pueblo+de+bonificaci%C3%B3n,523,458,0,366,7
1972,Pueblo+de+bonificaci%C3%B3n,467,527,1453511,335,7
1973,35.,482,473,2124912,1219,0
1974,06.+Se%C3%B1or+Sosa,507,561,2090921,218,3
1975,Pueblo+de+b%C3%A1rbaros,522,475,0,259,0
1976,Parralandia,553,528,2183490,749,5
1977,005+Sastre,539,480,2080309,7269,5
1978,Starrylord,478,473,128703,619,0
1979,Pueblo+de+b%C3%A1rbaros,470,459,0,453,0
1980,Pueblo+de+bonificaci%C3%B3n,467,472,0,422,7
1981,Pestoso+va3,509,494,1820949,4850,6
1982,Pueblo+de+b%C3%A1rbaros,509,458,0,571,0
1983,043,480,549,1344786,1774,9
1984,Pueblo+de+b%C3%A1rbaros,499,541,0,1532,0
1985,Pueblo+de+b%C3%A1rbaros,483,519,0,299,0
1986,Kobe+%2324,489,500,1342035,4797,6
1987,004+Tejadera,516,439,1247466,7173,0
1988,Pueblo+de+b%C3%A1rbaros,509,551,0,342,0
1989,3+.Fantasmas.,553,513,2183642,6832,1
1990,Pueblo+de+bonificaci%C3%B3n,546,515,0,384,2
1991,Monta+Cerdos,479,508,1945137,5035,0
1992,Pueblo+de+bonificaci%C3%B3n,534,483,0,417,7
1993,%2A+-+%2A,492,443,2131441,3597,0
1994,Pueblo+de+b%C3%A1rbaros,539,463,0,370,0
1995,Pueblo+de+bonificaci%C3%B3n,446,478,1721928,1272,1
1996,Pueblo+de+bonificaci%C3%B3n,511,474,0,566,7
1997,014+Noble,520,552,2183491,9744,0
1998,F+014+PIOLIN,501,493,2126523,5248,9
1999,Pueblo+de+bonificaci%C3%B3n,444,517,0,380,3
2000,Noble,452,444,219369,10047,0
2001,Money,480,449,2121243,1955,1
2002,004+CUADRA,537,538,1946447,6621,6
2003,%28A001%29+Vigila+Tus+Espaldas,550,465,222751,10301,0
2004,AZAZEL+011,457,506,1577451,2094,0
2005,043+Vamos+vamos%2C+quiero+m%C3%A1s,471,489,2127978,5069,2
2006,008+MONO,487,460,925391,7100,4
2007,Pueblo+de+b%C3%A1rbaros,526,473,0,341,0
2008,Pueblo+de+b%C3%A1rbaros,522,458,0,373,0
2009,05+D,549,532,2181431,2862,3
2010,012,465,522,1810435,6524,0
2011,Pueblo+de+b%C3%A1rbaros,533,480,0,404,0
2012,Pueblo+de+bonificaci%C3%B3n,518,454,0,357,1
2013,053+Noble,470,508,2177696,1725,2
2014,Jorgecsv,536,467,266826,4837,0
2015,031+Noble,468,466,2127978,7591,8
2016,Pestoso+06,522,514,1820949,8352,8
2017,04+fan,510,567,2119635,8174,0
2018,Pueblo+de+b%C3%A1rbaros,531,532,0,456,0
2019,007-,508,449,2087974,3877,3
2020,02+Leon,499,505,987383,1307,5
2021,48+zzz,469,536,2131544,1315,0
2022,Pueblo+de+b%C3%A1rbaros,521,471,0,558,0
2023,A009+Noble,546,524,1598893,5233,5
2024,007+MONO,485,462,925391,4332,2
2025,%5B001%5D+O.o,467,454,278359,9744,0
2026,051+-+Noble,464,478,2179394,3500,0
2028,Pueblo+de+bonificaci%C3%B3n,513,504,2122743,356,2
2029,B003_PuEbLo,553,508,1898371,9915,0
2030,Pueblo+de+b%C3%A1rbaros,516,478,0,477,0
2031,%5B%2ACH%2A%5D+017,459,519,2094332,5645,2
2032,Athos,531,539,1259861,448,7
2033,Pueblo+de+b%C3%A1rbaros,558,502,0,175,0
2034,Noble,455,475,219369,871,3
2035,Pueblo+de+bonificaci%C3%B3n,496,481,0,505,6
2036,002,554,522,1406307,8371,0
2037,-A12-+%2ALansoprazol%2A,487,554,862456,1352,0
2038,Money,481,451,2121243,6454,4
2039,E02+-+This+is+S+P+A+R+T+A%21,482,490,1745999,7564,0
2040,111+Venus,551,480,2049063,3232,3
2041,038B,501,549,2021767,1662,6
2042,Noble+013,550,499,2129677,7856,0
2043,Pueblo+de+b%C3%A1rbaros,510,543,0,369,0
2044,Pueblo+de+bonificaci%C3%B3n,556,513,2124699,597,8
2045,bbb,444,510,1731373,7028,8
2046,04.+Freya,498,449,2090629,8216,0
2047,Pueblo+de+b%C3%A1rbaros,496,524,0,590,0
2048,Yonkone+002,547,465,2173364,2225,7
2049,005,520,445,1684263,7253,0
2050,0020,511,498,2095097,2323,5
2051,Pueblo+de+b%C3%A1rbaros,537,472,0,250,0
2052,002,496,442,1947566,4040,5
2053,0101,501,525,435027,2921,0
2054,008+Buddhas+Family,464,548,2062192,3607,4
2055,pueblo+de+angelo4435,463,468,460649,856,0
2056,Pueblo+de+bonificaci%C3%B3n,544,515,0,450,6
2057,021+ABUS%21,480,500,1271321,6253,0
2058,007,496,537,2102310,7282,5
2059,AZAZEL+005,451,501,1577451,5355,1
2060,Pueblo+de+b%C3%A1rbaros,497,527,0,298,0
2061,010,494,541,2102310,7205,2
2062,Sergio+Busquets,440,509,2136214,1582,0
2063,003+Gastly,517,552,2112801,3998,4
2064,NEGRO35,456,498,555656,4666,0
2065,024+Embutido+Lobo+Feroz,464,497,888810,1659,0
2066,35+Liafor,481,536,2131544,2046,2
2067,Pueblo+de+bonificaci%C3%B3n,523,483,0,464,6
2068,04+Alezkar,473,553,2131544,9957,0
2069,027+Noble,523,543,2183491,2590,0
2070,008,441,514,20451,3648,9
2071,%5B001%5D,463,508,572281,9899,0
2072,Pueblo+de+b%C3%A1rbaros,495,461,0,508,0
2073,0004,544,466,2095097,7054,5
2074,000,505,528,2137188,7598,5
2075,005,476,563,302869,6119,0
2076,19.,480,444,2124912,1469,2
2077,One+Piece+11,531,462,1961278,8668,0
2078,Club+tigre+04,485,441,554260,963,0
2079,FS.+La+Isabela,526,501,2122744,8365,8
2080,004+Exterminador+king,430,498,311234,7341,0
2081,Pueblo+de+bonificaci%C3%B3n,528,465,0,462,7
2082,022.+ABUS,498,560,1678679,3046,0
2083,FR+012,538,508,1898371,6842,8
2084,006+Sastre,536,480,2080309,9807,0
2085,020,507,484,784340,4327,8
2086,%5B011%5D,465,493,572281,8957,0
2087,PUEBLO+096,508,514,2182034,827,0
2088,005,519,443,2184213,3182,3
2089,ThE+JuNgLe.,498,430,769012,10216,0
2090,Pueblo+de+b%C3%A1rbaros,520,545,2183491,469,0
2091,AB03+Noble,556,524,1598893,808,9
2092,Pueblo+de+bonificaci%C3%B3n,547,491,0,366,5
2093,Pueblo+de+b%C3%A1rbaros,510,465,0,440,0
2094,LCO+027,524,551,1586763,548,0
2095,018+-+Noble,464,475,2179394,7099,4
2096,033,483,572,23632,9444,0
2097,Pueblo+de+b%C3%A1rbaros,542,463,2095097,435,0
2098,013,455,542,1810435,5626,5
2099,000,503,509,2137188,2438,6
2100,000,523,448,784340,8199,0
2101,Jordan+%2323,485,483,1342035,687,0
2102,025,449,496,1595726,882,1
2103,04.,530,460,2183201,503,6
2104,Estampaduken,456,528,240304,6056,0
2105,200,449,489,20451,1328,5
2106,Heroes+Reborn,480,492,1470110,2233,8
2108,VIOLENCIA,553,501,2181676,971,6
2109,002.+Rena,487,458,1983197,9835,8
2110,103.001,466,544,828995,562,0
2111,Pueblo+de+b%C3%A1rbaros,501,458,0,378,0
2112,Gordon,525,465,907588,4936,8
2113,Pueblo+de+b%C3%A1rbaros,491,476,0,279,0
2114,028+%7EAbuelos+Espartanos,461,489,1747712,612,0
2115,Ave+f%C3%A9nix+1,534,516,2182287,1499,5
2116,Pueblo+de+b%C3%A1rbaros,523,472,0,354,0
2117,021+%7EAbuelos+Espartanos,470,485,1747712,6556,7
2118,Dgvv,463,478,860318,5771,0
2119,Pestoso+03,524,512,1820949,2239,0
2120,Pueblo+de+bonificaci%C3%B3n,517,466,0,517,2
2121,Pueblo+de+b%C3%A1rbaros,474,536,0,276,0
2122,Dejame+ESTE+toy+pepeando%2C+please,459,458,1673222,579,4
2123,008+FUNEBRERO,483,488,2178811,1155,2
2124,012.+Rena,506,449,1983197,3761,0
2125,Pueblo+de+b%C3%A1rbaros,527,491,0,425,0
2126,Noble+A008,498,548,2123065,4207,3
2127,Pueblo+de+b%C3%A1rbaros,502,485,0,396,0
2128,__Ataca+a+al+gallina+si+tienes_u,518,552,201700,1288,0
2129,001.+BALMIX,474,472,2058795,8291,2
2130,Nazar%C3%A9+005,459,470,2184251,5534,0
2131,Murcias,511,547,2183397,1351,2
2132,13.,486,470,2124912,1333,3
2133,002+-+ILEGALODRARO,488,475,1682674,5236,0
2134,Pueblo+de+bonificaci%C3%B3n,529,517,0,576,1
2135,001+MONO,485,461,925391,10085,0
2136,B008+Noble,550,520,1994814,7630,4
2137,Villa+monta%C3%B1a,537,506,2181245,720,2
2138,001+Piano+man,498,573,934653,9089,0
2139,Noble+Fantasma+012+xdxdxd,557,504,1905015,6580,1
2140,E09+-+This+is+S+P+A+R+T+A%21,484,493,1745999,1777,9
2142,Pueblo+de+b%C3%A1rbaros,519,533,0,552,0
2143,Noble,451,474,219369,2079,6
2144,11+-+Lorien,473,498,1820940,2817,3
2145,04.El+Hades,533,551,2181774,3685,0
2146,Pueblo+de+b%C3%A1rbaros,505,522,0,429,0
2147,CASTILLO+L-04,538,524,542783,1722,9
2148,045+-+Noble,463,471,2179394,3436,6
2149,000,510,521,2137188,9155,0
2150,Pueblo+de+b%C3%A1rbaros,465,458,0,633,0
2151,Noble,449,479,219369,811,3
2152,Pueblo+de+bonificaci%C3%B3n,474,445,0,355,6
2153,Jordan+%2323,477,538,1342035,277,0
2154,33.,477,448,2124912,1397,0
2155,000,504,527,2137188,7534,5
2156,Parralandia,554,510,2183490,400,4
2157,Pueblo+de+b%C3%A1rbaros,510,471,0,369,0
2158,Templanza07,482,536,1651308,2702,4
2159,I.+A.U.+%3BS,445,491,997469,2755,0
2160,Pueblo+de+b%C3%A1rbaros,483,449,2121243,750,0
2161,Villa+salvaje,550,473,2049063,2956,8
2162,%5B%2ACH%2A%5D+039,452,516,2094332,572,0
2163,019+Noble,526,546,2183491,2782,9
2164,025+-+Noble,462,475,2179394,7136,5
2165,Pueblo+de+b%C3%A1rbaros,529,535,0,238,0
2166,068+-+Noble,461,478,2179394,2104,0
2167,Noble+B022,544,516,254189,4101,2
2168,LCO+028,522,550,1586763,573,7
2169,Miau+02,546,555,1714244,9506,0
2170,Pueblo+de+bonificaci%C3%B3n,475,458,2121243,569,3
2171,Petra,540,483,1608799,5524,5
2172,007,508,524,2179988,335,0
2173,019,494,480,1682674,1765,4
2174,pueblo+de+hercules+5,456,471,2184324,6671,0
2175,F+016+PIOLIN,498,495,2126523,4501,0
2176,075+Noble,477,519,2177696,1656,6
2177,.Lysth7,511,439,1963398,9208,0
2178,-A13-+%2AParacetamol%2A,488,554,862456,728,0
2179,015.+Kishin+Es+B%C3%A1rbaro,497,540,1889098,454,7
2180,010+Sastre,535,475,2080309,7289,0
2181,054+Noble,482,505,2177696,1786,1
2182,Pueblo+de+bonificaci%C3%B3n,473,548,2059063,5979,8
2183,A003+Noble,543,530,1598893,9438,0
2184,Fantasma,518,554,891173,6046,0
2185,aaaaa,447,529,1783692,4810,4
2186,102+Noble,520,518,2183491,2654,5
2188,Pueblo+de+b%C3%A1rbaros,516,453,0,471,0
2189,Pueblo+de+bonificaci%C3%B3n,439,502,1911553,605,6
2190,003_%7EPeve%7E,506,574,2176673,5483,0
2191,004-GALLEGO,538,472,1471280,6491,8
2192,Pueblo+de+bonificaci%C3%B3n,531,492,0,314,2
2193,0003,523,468,2095097,9613,0
2194,PIO,495,496,1587053,755,0
2195,F+036+PIOLIN,498,485,2126523,2232,7
2196,007+jamones,534,527,1488,504,0
2197,Pueblo+de+b%C3%A1rbaros,494,537,0,585,0
2198,Extremoduro+3,552,490,2070095,1889,9
2199,019,489,529,2102310,5059,8
2200,004+Re,491,453,1543507,3738,0
2201,012,441,496,311234,1581,7
2202,011+Goma+Bungee,476,544,2078276,1084,0
2203,020+Noble,454,539,2177696,5926,8
2204,10+-+Valinor,473,499,1820940,6723,0
2205,Pueblo+de+b%C3%A1rbaros,487,449,0,524,0
2206,046+-+Noble,465,477,2179394,2869,3
2207,Pueblo+de+bonificaci%C3%B3n,511,475,0,359,3
2208,003+Sastre,541,482,2080309,9807,0
2209,Pueblo+de+b%C3%A1rbaros,475,543,0,612,0
2210,wohoj%C3%B3+00,553,527,2180626,2228,2
2211,AMEGO+004,453,492,240304,1091,5
2212,0007,457,542,1344475,7570,0
2213,The+beginning+of+the+end,491,448,2136699,6332,2
2214,%2B+_+%2B,486,443,2131441,1662,1
2215,AZAZEL+001,454,505,1577451,10048,0
2216,Pueblo+de+bonificaci%C3%B3n,539,501,0,416,3
2217,003-GALLEGO,542,473,1471280,10063,8
2218,Pueblo+de+b%C3%A1rbaros,478,456,0,250,0
2219,005+MONO,484,461,925391,6652,6
2220,Pueblo+de+bonificaci%C3%B3n,515,525,0,358,3
2221,PELIGRO+FOCAS,552,505,2183483,10838,0
2222,28.,477,463,2124912,4295,8
2223,047B,502,548,2021767,1483,0
2224,008,535,542,2181101,531,0
2225,Pueblo+de+Drael+008,511,488,2125437,1888,7
2226,B001,529,499,1958874,10301,0
2227,Pueblo+de+b%C3%A1rbaros,478,481,0,321,0
2228,02.+Se%C3%B1or+Sosa,505,560,2090921,724,5
2229,Pueblo+de+bonificaci%C3%B3n,471,496,2145441,1941,8
2231,Pueblo+de+bonificaci%C3%B3n,495,482,0,403,3
2232,03+daniela,475,554,80335,7938,0
2233,Heidy+022,531,487,2023202,3153,4
2234,000,501,515,2137188,2235,6
2235,024+Noble,503,547,2183491,6804,0
2236,016+ABUS%21,476,509,1271321,4146,5
2237,F+008+PIOLIN,496,489,2126523,4509,4
2238,Oxygen+333,526,471,1958874,9528,0
2239,Pueblo+de+b%C3%A1rbaros,520,534,0,499,0
2240,%5B004%5D+iOS,551,485,2181891,7318,9
2241,Jordan+%2323,488,508,1342035,657,0
2242,III.+Ejercito+Blas+de+Lezo,518,509,2122743,8252,3
2243,%5B005%5D,504,551,1535952,652,9
2244,001+ABUS%21,483,518,1271321,10160,0
2245,Pueblo+de+b%C3%A1rbaros,465,511,0,461,0
2246,Jorpi%C3%B1on,484,484,2073585,3652,1
2247,Pueblo+de+bonificaci%C3%B3n+1,498,508,2179552,3122,9
2248,006,481,429,1875804,8485,0
2249,023+%7EAbuelos+Espartanos,469,488,1747712,2322,1
2250,Centro+-+00+Hellooooo,460,536,1989499,4234,0
2251,VM1,532,459,64340,1862,2
2252,001,477,561,1344786,9956,0
2253,0+07,526,528,2083091,520,1
2254,004+Tobisin,528,433,2183998,2081,0
2255,Pueblo+de+bonificaci%C3%B3n,497,465,0,475,7
2256,020+C%C3%A1diz,493,558,2021767,9031,0
2257,Pueblo+de+b%C3%A1rbaros,473,541,0,367,0
2258,aaa,441,499,1731373,10479,3
2259,Gran+Canaria,482,511,20634,2318,2
2260,Camp+Nou,442,512,2136214,9835,0
2261,0014,543,469,2095097,3517,4
2262,Pueblo+de+bonificaci%C3%B3n,510,538,0,584,9
2263,Noble+A028,496,547,2123065,1138,0
2264,Pueblo+de+b%C3%A1rbaros,493,536,0,385,0
2265,Don+-014-+A,498,529,2145649,3072,5
2266,001,554,519,1406307,8178,0
2267,005.+Rena,486,447,1983197,5106,2
2268,001+Noble,557,494,2057638,9203,0
2269,Noble+021,536,505,2129677,980,9
2270,Pueblo+de+b%C3%A1rbaros,520,484,0,142,0
2271,Vinebre+08,558,504,2136006,8176,8
2272,03.+Se%C3%B1or+Sosa,505,559,2090921,723,5
2273,Pueblo+de+b%C3%A1rbaros,532,434,0,391,0
2274,02.Los+Pilares,536,545,2181774,6689,8
2275,013+Noble,465,529,2177696,8344,0
2276,Pueblo+de+b%C3%A1rbaros,546,494,0,441,0
2277,%5B004%5D,460,508,572281,5661,4
2278,027+Noble,458,535,2177696,5047,3
2279,S%40tan+0,493,533,1459338,7865,0
2280,Pueblo+de+b%C3%A1rbaros,502,468,0,506,0
2281,0018,538,471,2095097,2663,7
2282,025,494,470,1682674,943,6
2283,011,441,504,1595726,3578,0
2284,0025,511,486,2095097,700,4
2285,%5B007%5D+Ausona,477,480,35585,6101,0
2286,Pueblo+de+bonificaci%C3%B3n,531,491,0,410,7
2287,Ave+f%C3%A9nix+4,537,518,2182287,1347,3
2288,pueblo+de+infernal2,444,518,1483240,2104,0
2289,FLINT+010,527,505,1672154,3084,0
2290,Pueblo+de+bonificaci%C3%B3n,536,461,0,297,6
2291,004+-+Maxbaires,449,469,2177759,6236,2
2292,Pueblo+de+b%C3%A1rbaros,531,482,0,286,0
2293,Noble,530,447,2171938,5261,0
2294,F+042+PIOLIN,508,497,2126523,3479,2
2295,%5B%2ACH%2A%5D+037,465,515,2094332,815,7
2296,025.+ABUS,499,560,1678679,2444,0
2297,004+SUR,547,490,1898371,6501,0
2298,007+TALLER,538,537,1946447,2646,7
2299,008+Guanciale,528,456,2181542,3813,8
2300,%5B003%5D+O.o,469,460,278359,5307,0
2301,Pueblo+de+b%C3%A1rbaros,503,543,0,513,0
2302,002+FERRO,537,534,1946447,5607,3
2303,pueblo+de+Kenin157,555,505,1498913,112,0
2304,Jordan+%2323,488,521,1342035,788,0
2305,009,530,494,1187462,668,3
2306,012+Goma+Bungee,489,530,2078276,577,1
2307,pueblo+de+JoseJuang,461,494,1501353,1033,0
2308,Pueblo+de+b%C3%A1rbaros,510,492,0,575,0
2309,Pueblo+de+bonificaci%C3%B3n,522,472,0,369,9
2310,Keeta+Aungsuwan+PPS,544,491,1513823,221,0
2311,016+Sastre,536,489,2080309,1007,3
2312,Pueblo+de+b%C3%A1rbaros,512,499,0,441,0
2313,0021,510,498,2095097,1749,7
2314,I.+Ejercito+Don+Juan+de+Austria,513,510,2122743,8382,0
2315,10.+Ale,482,457,2124912,4742,1
2316,Jordan+%2323,499,508,1342035,926,6
2317,Kolima,551,463,1516486,2860,0
2318,021+Goma+Bungee,483,543,2078276,440,0
2319,C019+Noble,526,531,1994814,2232,4
2320,015+Noble,468,522,2177696,6896,0
2321,Pueblo+de+b%C3%A1rbaros,511,557,0,371,0
2322,4.+Roma,519,502,2122757,4161,3
2323,0031,514,499,2095097,945,7
2324,Raulinho,488,541,1651308,7224,0
2325,bbb,450,514,1731373,8138,2
2326,Akira,477,500,2093156,1011,1
2327,Pueblo+de+b%C3%A1rbaros,450,490,0,219,0
2328,039+Noble,455,533,2177696,1679,0
2329,Pueblo+de+bonificaci%C3%B3n,447,518,1945137,1040,5
2330,Maik024,468,542,2084332,9573,8
2331,Pueblo+de+b%C3%A1rbaros,543,497,1898371,1093,0
2332,FN007,484,495,1587053,1190,0
2333,GGG,517,558,741002,9149,6
2334,007+Noble,560,491,2057638,5870,1
2335,%5B%2ACH%2A%5D+008,458,516,2094332,10161,0
2336,01%29-+Alijur,491,445,1036162,7641,8
2337,Pueblo+de+bonificaci%C3%B3n,518,523,0,426,6
2338,Kylan,431,484,2142901,7539,0
2339,Pueblo+de+bonificaci%C3%B3n,526,540,2183491,493,7
2340,Pueblo+de+catalufo,548,525,1674937,856,3
2341,Vinebre+04,561,504,2136006,5427,0
2342,F+020+PIOLIN,493,488,2126523,2532,2
2343,002,488,553,1863997,8834,0
2344,Pueblo+de+b%C3%A1rbaros,509,466,0,453,0
2345,004,475,489,2174772,3142,8
2346,Noble+01,533,544,2124483,7417,0
2347,One+Piece+10,539,491,1961278,5988,5
2348,001+Isso+City,522,479,1580481,10311,0
2349,Pueblo+de+b%C3%A1rbaros,540,454,0,338,0
2350,7+Nebula,506,497,1485683,1197,8
2351,Pueblo+de+bonificaci%C3%B3n,471,516,1613388,6203,4
2352,Uruk,555,513,789512,6438,0
2353,Pueblo+de+bonificaci%C3%B3n,518,532,0,394,6
2354,13+Emul,486,557,2131544,5215,5
2355,Templo+Templario,480,525,1651308,9835,0
2356,Pueblo+de+b%C3%A1rbaros,514,465,0,345,0
2357,028,491,484,1682674,2773,3
2358,002,434,524,2183482,9651,0
2359,Pueblo+de+bonificaci%C3%B3n,525,518,0,467,7
2360,Centro+-+02+pacorro,465,519,1989499,4678,0
2361,%2ANNN,559,506,741002,1210,0
2362,027+-+Noble,460,479,2179394,7185,9
2363,Pueblo+de+bonificaci%C3%B3n,518,485,0,458,3
2364,Pueblo+de+b%C3%A1rbaros,531,513,0,236,0
2365,030+Mr+Chorizo,469,499,888810,1817,7
2366,LCO+003,542,544,1586763,10019,0
2367,003+MONO,486,466,925391,7938,8
2368,ZIA,523,454,1979816,5946,5
2369,028+Noble,472,446,2127978,6040,0
2370,011,527,501,1187462,485,0
2371,0+02,530,539,2083091,6133,5
2372,Kobe+%2324,490,514,1342035,4578,4
2373,kana+2,542,537,2183605,3641,0
2374,Pueblo+de+b%C3%A1rbaros,500,470,0,385,0
2375,Kobe+%2324,488,511,1342035,5572,1
2376,Kobe+%2324,498,501,1342035,5653,6
2377,Noble+101,505,437,1617970,10026,0
2378,VM2,534,464,64340,859,2
2379,001+amonca,538,520,1488,6797,5
2380,Pueblo+de+b%C3%A1rbaros,510,536,0,486,0
2381,023+Noble,516,550,2183491,4138,2
2382,%5B015%5D+.BudoKai.,536,455,1898371,8035,9
2383,%5B%2ACH%2A%5D+040,452,518,2094332,570,0
2384,Pueblo+de+b%C3%A1rbaros,535,464,0,431,0
2385,037+-+Noble,462,486,2179394,5908,4
2386,Kobe+%2324,484,510,1342035,5641,6
2387,014+ABUS%21,490,510,1271321,8210,0
2388,011,510,516,2119519,1292,0
2389,005-GALLEGO,543,475,1471280,6761,8
2390,PPS,492,452,2136699,9634,0
2391,AZAZEL+013,451,506,1577451,624,0
2392,Pueblo+de+bonificaci%C3%B3n,527,541,2183491,387,7
2393,025,502,546,2102310,4588,1
2394,Pueblo+de+b%C3%A1rbaros,524,475,0,321,0
2395,Romeo-2,537,511,2183804,5402,6
2396,08.+Bonificaci%C3%B3n,467,545,1793379,2723,5
2397,Dragonblack,444,486,1646529,4008,0
2398,Came+on+bby+llight+my+fired%21%21%21,483,487,1470110,564,0
2399,010+Mortadella,528,457,2181542,3453,6
2400,Pueblo+de+bonificaci%C3%B3n,454,512,1571842,731,7
2401,040+Noble,469,506,2177696,1700,0
2402,006,507,535,2119519,3755,9
2403,008-+The+Pitt,443,503,1766388,767,1
2404,Pueblo+de+b%C3%A1rbaros,502,453,0,259,0
2405,Jerusal%C3%A9n,544,487,1608799,921,0
2406,Pueblo+de+bonificaci%C3%B3n,516,532,0,687,6
2407,S%40tan+5,493,530,1459338,3233,8
2408,W103+-+005+Conde+de+Veri,523,555,2140502,3840,0
2409,Pueblo+de+b%C3%A1rbaros,540,489,0,345,0
2410,Pueblo+de+bonificaci%C3%B3n,517,523,0,484,9
2411,FLINT+000,527,504,1672154,10251,0
2412,Pueblo+de+b%C3%A1rbaros,479,506,2176434,493,0
2413,%7EReNa%7E+005,498,448,2176997,5057,5
2414,IPU+EMA,497,439,550454,3219,0
2415,012+FUNEBRERO,488,485,2178811,3478,2
2417,F+010+PIOLIN,498,488,2126523,3645,0
2418,Pueblo+de+bonificaci%C3%B3n,525,472,1958874,863,2
2419,pueblo+de+Nonamed,540,514,1697363,476,0
2420,Pueblo+de+b%C3%A1rbaros,530,520,0,320,0
2421,Pueblo+de+bonificaci%C3%B3n,504,471,684733,1881,2
2422,Kobe+%2324,492,499,1342035,5689,5
2423,005,485,557,1863997,7068,0
2424,F002,497,549,1587053,5143,0
2425,Jerryjgj+01,555,484,2174102,9420,2
2426,023+babuchi,498,561,934653,8127,0
2427,Pueblo+de+b%C3%A1rbaros,523,445,0,414,0
2428,Porto,485,482,1320170,6651,8
2429,06+-+Bolson+Cerrado,467,514,1820940,4169,4
2430,014+Invenci%C3%B3n,575,497,912352,8590,0
2431,Pueblo+de+b%C3%A1rbaros,522,551,0,473,0
2432,002,517,444,2184213,3709,2
2433,006+PRESUPUESTOS+SIN+COMPROMISO,552,483,301920,10299,1
2434,002-Jarh,511,452,2087974,9809,0
2435,F+030+PIOLIN,504,490,2126523,1562,0
2436,Jordan+%2323,484,532,1342035,683,7
2437,aaa,442,494,1731373,10110,8
2438,026,451,497,311234,455,0
2439,006+MONO,484,467,925391,4800,8
2440,Pueblo+de+bonificaci%C3%B3n,544,502,1898371,1116,1
2441,%5B%2ACH%2A%5D+003,459,555,2094332,9536,0
2442,003+espada,539,527,1488,4962,9
2443,Centro+-+03+Bonificativo,467,525,1989499,3329,5
2444,%5B%2ACH%2A%5D+047,473,515,2094332,596,0
2445,Pueblo+de+bonificaci%C3%B3n,497,475,0,558,9
2446,05+Kharbranth,471,554,2131544,6881,0
2447,012,531,501,1187462,389,0
2448,011,492,537,2102310,7238,9
2449,009,494,552,2102310,7262,5
2450,Pueblo+de+b%C3%A1rbaros,550,504,0,253,0
2451,Pueblo+de+bonificaci%C3%B3n,504,446,1986226,1302,7
2452,Pueblo+de+bonificaci%C3%B3n,518,450,0,413,1
2453,008,477,559,1344786,7737,0
2454,004+Noble,517,551,2183491,7357,4
2455,A_000,433,537,1752476,8868,0
2456,wohoj%C3%B3+02,552,523,2180626,1532,5
2457,03-Teldrassil,512,449,2176735,408,0
2458,007.+Rena,488,446,1983197,2407,3
2459,006,442,517,20451,8850,0
2460,Pueblo+de+bonificaci%C3%B3n,515,518,0,342,7
2461,FLINT+001,526,503,1961278,8164,3
2462,pueblo+de+speero+as,539,513,1777202,777,0
2463,008+Noble,555,493,2057638,4480,6
2464,Pueblo+de+bonificaci%C3%B3n,511,536,2077042,2757,1
2465,pueblo+de+kamka,572,518,1786798,10002,0
2466,Pueblo+de+b%C3%A1rbaros,502,441,0,315,0
2467,16.,486,473,2124912,1312,7
2468,Pep+Guardiola,443,509,2136214,873,0
2469,005+-+VANI,442,503,1169034,9671,8
2470,%7BSec3%7D+02+%7EOrden+del+Sur+%7E,508,477,141108,627,1
2471,03.+Invernalia,467,547,1793379,9972,0
2472,29.,479,458,2124912,1307,0
2473,Noble+A006,493,550,2123065,4690,5
2474,Calvichocho+%28L%29,461,531,240304,8804,0
2475,.Nmm,505,441,1963398,591,0
2476,029+Noble,471,456,2121243,1063,3
2477,07.+Freya,503,452,2090629,4463,8
2478,002,537,537,2181708,9050,0
2479,Chaos+of+Forms,535,450,835134,5694,0
2480,%5B%2ACH%2A%5D+015,461,519,2094332,5679,9
2481,Pueblo+de+b%C3%A1rbaros,514,490,0,355,0
2482,Pueblo+perdido,533,461,637516,696,1
2483,%5B%2ACH%2A%5D+028,470,513,2094332,1019,4
2484,01+%7E-_-%7E%24%7E,455,440,2130145,5683,0
2485,AZAZEL+004,456,505,1577451,5160,9
2486,Pestoso+01,523,511,1820949,9150,0
2487,015+-+Noble,467,471,2179394,6499,4
2488,04+Hanau,479,464,2137298,6370,0
2489,004,517,442,2184213,1933,0
2490,PELIGRO+HORMIGAS,534,550,2183483,9335,1
2491,pueblo+de+spectre6,520,472,1836919,698,0
2492,014,480,511,1810435,875,2
2493,07.,483,459,2124912,3439,5
2494,Buddhas+Family,484,490,1847667,5305,0
2495,Pueblo+de+b%C3%A1rbaros,535,514,0,375,0
2496,Pueblo+de+b%C3%A1rbaros,501,538,0,767,8
2497,020+ABUS%21,482,500,1271321,4840,0
2498,B002,531,499,1958874,4085,0
2499,Pueblo+de+bonificaci%C3%B3n,479,507,1945137,1263,6
2500,05.Lili+Sin,532,548,2181774,3805,9
2501,001+Cabra+Loca,573,513,1858260,8255,0
2502,32.,484,476,2124912,1272,0
2503,MIRADCOMOTIEMBLO%21%3A%29,541,545,2171983,1901,6
2504,12.+%C3%89rebo,518,538,2122744,803,8
2505,LCO+026,530,553,1586763,756,0
2506,24.,480,445,2124912,1592,0
2507,010+Noble,557,496,2057638,4115,1
2508,Bizantino+III,472,508,1945137,4574,2
2509,Pueblo+de+b%C3%A1rbaros,540,485,0,36,0
2510,039+-+Noble,465,485,2179394,2939,0
2511,II+Salmantica,500,439,1963398,5739,3
2512,015+Embutido+Grasoso,442,496,888810,4928,5
2513,001.+Casitas+y+Babitas,542,530,1885328,9678,0
2514,Pueblo+de+bonificaci%C3%B3n,524,533,0,531,7
2516,Actitud,475,499,240304,4790,8
2517,006+BARRO,539,533,1946447,3766,2
2518,Infanter%C3%ADa+de+Malvinas+Arg+-006-,517,470,800543,6394,0
2519,Pueblo+de+b%C3%A1rbaros,514,536,0,464,0
2520,Pueblo+de+bonificaci%C3%B3n,538,456,0,428,6
2521,005-+OBSCURIDAD,524,552,1166358,2431,6
2522,pueblo+de+TuLiYa,461,462,1895629,207,0
2523,0030,514,493,2095097,3743,5
2524,Jordan+%2323,487,510,1342035,613,0
2525,001+SUR,557,484,1898371,8642,7
2526,Troya,504,456,2179989,1308,8
2527,01.,469,553,1909540,1857,0
2528,Pueblo+de+b%C3%A1rbaros,504,548,2183491,368,0
2529,Pueblo+de+bonificaci%C3%B3n,558,514,2182326,596,1
2530,Pueblo+de+bonificaci%C3%B3n,480,467,0,469,7
2531,Pueblo+de+b%C3%A1rbaros,532,517,0,303,0
2532,071+Noble,474,466,2127978,6744,3
2534,077+Noble,469,447,2127978,8430,6
2535,031+Mr+Chorizo,448,492,888810,1765,1
2536,Pueblo+de+b%C3%A1rbaros,539,460,0,275,0
2537,Pueblo+de+bonificaci%C3%B3n,511,558,0,513,7
2538,GyP995,540,473,2057638,616,0
2539,Pueblo+de+b%C3%A1rbaros,513,549,0,349,0
2540,Arcus+ville,532,505,2124889,5779,8
2541,Pueblo+de+bonificaci%C3%B3n,477,536,2172838,1069,9
2542,003.+ABUS,488,571,1678679,9898,0
2543,F02,527,477,2174905,1188,5
2544,002,475,564,1344786,5170,0
2545,%5B023%5D+O.o,442,482,278359,5626,2
2546,Bizantino,449,522,1945137,9550,0
2547,%2A+Pueblo+de+bonificaci%C3%B3n,512,465,2025956,522,4
2548,B010+Noble,550,522,1994814,7121,2
2549,GGG22,512,556,741002,6811,0
2550,serrana,523,489,2076485,537,0
2551,Extremoduro,554,492,2070095,5656,8
2552,006+Noble,560,490,2057638,5745,1
2553,Pueblo+de+b%C3%A1rbaros,449,492,0,48,0
2554,Jordan+%2323,484,483,1342035,792,6
2555,pueblo+de+efil,441,541,1952754,2322,0
2556,006-GALLEGO,546,474,1471280,3787,9
2557,Pueblo+de+b%C3%A1rbaros,528,532,0,256,0
2558,04%29-+El+recuerdo+de+Alinur,491,444,1036162,2780,6
2559,020,444,490,311234,917,0
2560,009+Schiavi,500,453,1543507,1657,3
2561,Norte+3,485,546,28243,8389,3
2562,003+-+VANQUISTED,449,497,1169034,9661,0
2563,E06+-+This+is+S+P+A+R+T+A%21,477,490,1745999,1020,0
2564,Pueblo+de+bonificaci%C3%B3n,459,482,0,431,1
2565,022+%7EAbuelos+Espartanos,469,478,1747712,6594,0
2566,077+Noble,485,501,2177696,990,0
2567,Pueblo+de+bonificaci%C3%B3n,489,473,0,476,6
2568,0018+K44+Cegarro%3F%3F,451,475,2132828,5768,7
2569,%5B008%5D+Iuncara,481,479,35585,7087,0
2570,Pueblo+de+b%C3%A1rbaros,524,497,0,630,0
2571,TARRACO+-+03,502,479,2025956,5345,7
2572,055+Noble,458,543,2177696,1639,6
2573,Noble,452,471,219369,6139,0
2574,Pueblo+de+b%C3%A1rbaros,514,535,0,428,0
2575,Pueblo+de+bonificaci%C3%B3n,496,482,0,646,5
2576,La+casa+del+oso,525,451,1979816,8183,0
2577,Heidy+023,538,514,2023202,5777,9
2578,Noble+005,538,492,2129677,6912,9
2579,041B,499,558,2021767,1336,0
2580,05.+B%C3%A1rbaros,466,546,1793379,2637,0
2581,%5B002%5D+.BudoKai.,546,463,1898371,10016,1
2582,pueblo+de+Pedroo99,546,483,1993782,417,0
2583,014+Noble,551,494,2057638,961,6
2584,008-,505,445,2087974,9818,0
2585,Pueblo+de+bonificaci%C3%B3n,506,542,0,270,1
2586,021,490,544,2102310,3516,2
2587,002+Washed+Up+Player,437,506,2177554,8475,0
2588,Noble+019,561,501,2129677,1453,0
2589,Pueblo+de+bonificaci%C3%B3n,511,472,0,474,6
2590,003+Noble,558,495,2057638,7779,8
2591,Pueblo+de+b%C3%A1rbaros,495,544,0,140,0
2592,Bsk+03,494,447,1951772,4801,0
2593,Kobe+%2324,495,516,1342035,5904,3
2594,Pueblo+de+bonificaci%C3%B3n,527,470,0,500,7
2595,One+Piece+03,540,478,1961278,9073,0
2596,Pueblo+de+b%C3%A1rbaros,455,525,240304,1279,0
2597,Robledo+03,512,560,2182260,2894,1
2598,Pueblo+de+b%C3%A1rbaros,526,545,0,472,0
2599,Pestoso+va2,509,492,1820949,1847,9
2600,ALBERDI-010,532,507,1806454,7799,3
2601,002.+ABUS,490,567,1678679,9861,0
2602,.07,534,547,2179029,518,0
2603,Llegando1,518,484,2032066,1515,5
2604,005+Noches+Largas,554,477,2085697,4765,5
2605,003+%7EAbuelos+Espartanos,460,501,1747712,5115,0
2606,Hansi+Flick,445,499,2136214,1262,0
2607,Bus+Stop,450,486,2181837,833,7
2608,017+Sastre,536,490,2080309,968,2
2609,ReNa+%7E+Honorable+pulli,512,451,1174348,5465,0
2610,Pueblo+de+bonificaci%C3%B3n,515,471,2137186,1397,1
2611,003,556,521,1406307,7283,8
2612,FR+002,549,501,1898371,10336,0
2613,Pueblo+de+bonificaci%C3%B3n,520,471,0,345,7
2614,ROMA+-+01,502,478,2032066,8555,0
2615,Pueblo+de+b%C3%A1rbaros,495,479,0,429,0
2616,Jordan+%2323,499,515,1342035,664,4
2617,002+Noble,481,494,1323047,672,3
2618,Pueblo+de+b%C3%A1rbaros,528,533,0,263,0
2619,Pueblo+de+b%C3%A1rbaros,517,494,0,463,0
2620,Barbarito+10,534,469,1958874,3823,6
2621,020+%7EAbuelos+Espartanos,468,487,1747712,4944,0
2622,Noble+004,537,492,2129677,7563,4
2623,004+Noble,529,548,1747072,5153,4
2624,006+Jahrland,517,452,2025956,8805,0
2625,020+Noble,521,545,2183491,9784,8
2626,Pueblo+de+b%C3%A1rbaros,463,462,0,194,0
2627,Pueblo+de+b%C3%A1rbaros,474,517,0,394,0
2628,Pueblo+de+bonificaci%C3%B3n,441,497,1911553,677,2
2629,004+Cabrita+XRP,572,514,1858260,2461,0
2630,Pueblo+de+b%C3%A1rbaros,458,474,2184324,1184,0
2631,%5B005%5D,464,508,572281,7096,8
2632,Ca%C3%ADdos+de+Malvinas+-009-,515,479,800543,5405,0
2633,Noble,456,479,219369,1162,8
2634,003,488,540,1863997,9878,0
2635,Pueblo+de+b%C3%A1rbaros,533,486,0,444,0
2636,Pueblo+de+bonificaci%C3%B3n,519,544,0,419,2
2637,NOBLE,493,542,2044485,2512,0
2638,%2A+Pueblo+de+bonificaci%C3%B3n,506,465,2025956,3661,4
2639,1+-+Palizon,510,540,2176591,3103,0
2640,Pueblo+de+bonificaci%C3%B3n,504,540,0,304,9
2641,Pueblo+de+bonificaci%C3%B3n,521,524,0,586,2
2642,004+Odium,570,484,912352,8530,0
2643,Pueblo+de+b%C3%A1rbaros,506,529,2137188,1195,0
2644,LCO+018,524,549,1586763,3007,4
2645,Noble+002,547,497,2129677,7109,0
2646,E11+-+This+is+S+P+A+R+T+A%21,486,499,1745999,1549,3
2647,0016+K44+Cegarro%3F%3F,449,472,2132828,3587,2
2648,0005,463,526,1344475,8369,0
2649,023+Noble,468,448,2127978,6865,5
2650,004,504,532,2119519,4611,0
2651,Pueblo+de+bonificaci%C3%B3n,443,519,1945137,663,1
2652,08+b%C3%A1rbaros,426,510,1736828,3838,0
2653,011.+Kishin+Es+Muy+Lento,490,558,1889098,1504,5
2655,03+Stuttgart,482,465,2137298,1952,3
2656,Don+-006-,477,548,2145649,9159,0
2657,09.+Bonificaci%C3%B3n,468,545,1793379,2612,6
2658,013-H_I,507,452,2087974,1212,6
2659,004,487,556,1863997,8110,0
2660,%5B%2ACH%2A%5D+035,455,513,2094332,800,0
2661,Pueblo+de+bonificaci%C3%B3n,513,475,0,346,7
2662,Templanza06,482,535,1651308,7555,0
2663,Jordan+%2323,481,533,1342035,639,0
2664,013+%7EAbuelos+Espartanos,461,504,1747712,2767,5
2665,015,461,523,1810435,5823,0
2666,0011,520,459,2095097,4192,4
2667,F+003+PIOLIN,498,489,2126523,3548,7
2668,p00000+recursos,553,445,2064710,458,0
2669,AZAZEL+007,455,507,1577451,2951,2
2670,013+Noble,528,523,1747072,756,2
2671,Cupresaceas,520,452,1979816,7720,0
2672,004+Elorrixo+M,469,551,1845090,2585,1
2673,008+40%2B,512,460,2025956,9321,0
2674,009.-GALLEGO,535,470,1471280,682,0
2675,004+Haunter,517,555,2112801,4550,2
2676,pueblo+de+Rey+Maurikinger,476,506,2069901,1151,0
2677,PEGASUS+002,533,543,2083885,6116,9
2678,pueblo+01,553,486,2070095,6357,0
2679,.%3A+Inmortal%3A.,532,509,2183281,1434,0
2680,018,485,532,2102310,5109,9
2681,0+04,528,541,2083091,2319,6
2682,027+%7EAbuelos+Espartanos,462,499,1747712,648,0
2683,PELIGRO+GRILLOS,545,523,2183483,449,3
2684,002+Mozzarella,541,467,2181542,7563,3
2685,%5B006%5D,462,515,572281,6775,0
2686,Pueblo+de+Drael+007,513,493,2125437,2227,7
2687,3+Fossi+-+Thanos,503,499,1485683,1949,4
2688,IPU+Melnibon%C3%A9+Ingwe,500,437,550454,2077,0
2689,037+Noble,470,463,2127978,5690,8
2690,Pueblo+de+b%C3%A1rbaros,522,534,0,481,0
2691,Pueblo+de+b%C3%A1rbaros,497,477,0,434,0
2692,056+Noble,461,492,2177696,1837,4
2693,009-Tarde+o+temprano+Caes,513,540,2179516,9919,0
2694,104+Noble,523,520,2183491,6053,5
2695,LCO+010,528,551,1586763,10019,0
2696,044+Noble,470,489,2127978,5625,6
2697,pueblo+de+ARTU34,561,466,2079036,1082,0
2698,016+Goma+Bungee,481,547,2078276,516,0
2699,Pueblo+de+bonificaci%C3%B3n,518,517,2122743,572,6
2700,One+Piece+07,534,470,1961278,6222,4
2701,%5BA%5D+001+El+favorito+de+tu+novia,447,549,1833730,10452,0
2702,Pueblo+de+b%C3%A1rbaros,517,513,2122743,848,0
2703,F004,500,553,1587053,4329,3
2704,023,449,488,1595726,1023,2
2705,%5B%2ACH%2A%5D+020,453,542,2094332,7884,0
2706,Jordan+%2323,483,520,1342035,533,0
2707,008,539,454,2174905,3112,4
2708,%5B003%5D+Baetulo,477,478,35585,7552,8
2709,pueblo+de+kalamidad,528,535,2081698,269,0
2710,003,523,456,784340,8377,8
2711,Pueblo+de+b%C3%A1rbaros,448,481,1814340,392,0
2712,Noble+022,536,493,2129677,1159,3
2713,Pueblo+de+bonificaci%C3%B3n,508,489,1820949,448,2
2714,001-lauta1216,437,504,2083788,9426,0
2715,048+Noble,470,490,2127978,3239,0
2716,Noble+009,547,493,2129677,5223,2
2717,014+Buddhas+Family,467,537,2062192,2871,5
2718,11-+Yellowstone,447,505,1766388,1077,0
2719,Pueblo+de+b%C3%A1rbaros,509,533,0,461,0
2720,One+Piece+17,539,490,1961278,3402,3
2721,Luftwaffe02,490,502,1651308,2284,0
2722,Club+tigre+03,494,440,554260,2209,4
2723,003+Noble,508,461,2181476,573,5
2724,A005+Noble,540,538,1598893,6223,0
2725,Pueblo+de+b%C3%A1rbaros,517,478,0,368,0
2726,Kobe+%2324,491,521,1342035,5965,3
2727,Anochece+temprano,486,485,1320170,9813,0
2728,Pueblo+de+b%C3%A1rbaros,517,450,0,484,0
2729,Pueblo+de+bonificaci%C3%B3n,478,463,0,311,6
2730,Don+-017-+A,497,537,2145649,2968,1
2731,Pueblo+de+b%C3%A1rbaros,460,532,240304,915,0
2732,09+Hamburg,481,471,2137298,2049,5
2733,A002+Noble,544,534,1598893,9438,0
2734,One+Piece+09,536,496,1961278,9403,0
2735,Rey+Robe+004,495,440,1186212,2599,9
2736,010+Devoci%C3%B3n,571,482,912352,9835,0
2737,012+Sastre,535,486,2080309,1157,0
2738,ALBERDI-009,535,506,1806454,10019,1
2739,011+Noble,514,545,2183491,9883,0
2740,053+ZN,501,502,2021767,4634,0
2741,003+ALMAC%C3%89N,538,539,1946447,6962,9
2742,Pueblo+de+bonificaci%C3%B3n,531,461,0,550,7
2743,F+037+PIOLIN,497,486,2126523,1966,0
2744,Lamine+Yamal,446,511,2136214,751,0
2745,E00+AZ,499,448,1951772,1617,6
2746,WARLORD+001,479,498,1577451,7282,0
2747,Maik004,466,543,2084332,9095,9
2748,%7EReNa%7E+002,493,444,2176997,7184,0
2749,04.+B%C3%A1rbaros,464,546,1793379,1009,0
2750,ROMA,450,478,2131628,776,5
2751,Heidy+010,559,492,2023202,8674,4
2752,040+%7EAbuelos+Espartanos,458,495,1747712,610,0
2753,Ajanta,547,478,1608799,854,0
2754,Heidy+003,545,488,2023202,8708,8
2755,Pueblo+de+b%C3%A1rbaros,528,571,0,374,0
2756,Pueblo+de+b%C3%A1rbaros,501,463,0,503,0
2757,Money,483,451,2121243,5158,6
2758,F+001+PIOLIN,498,490,2126523,8656,8
2759,Fermin,518,467,907588,3735,0
2760,%5B%2ACH%2A%5D+022,458,517,2094332,4473,0
2761,Don+-018-,484,534,2145649,3068,7
2762,IV.+Ejercito+Gonzalo+Fern%C3%A1ndez,518,510,2122743,8512,3
2763,014+-+ABUS,445,525,1546340,10238,0
2764,021,505,487,784340,1042,9
2765,Pueblo+de+bonificaci%C3%B3n,517,502,2122743,454,2
2766,ABUS+02,434,529,2027527,8299,0
2767,016,452,538,1810435,1422,0
2768,26+Alezela,466,535,2131544,2443,4
2769,011.+Rena,489,452,1983197,683,7
2771,%5B009%5D+Ilerda,474,483,35585,2233,4
2772,001,496,541,2102310,9994,0
2773,005_Eneldo,561,495,1715991,2679,4
2774,103-cuartel,445,501,2083788,1572,5
2775,Pueblo+de+b%C3%A1rbaros,465,533,0,342,0
2776,017,459,539,1810435,1318,3
2777,Pueblo+de+b%C3%A1rbaros,454,475,2184324,2674,0
2778,SPAID%3A+Guerreras+Valquirias,550,534,486339,3668,6
2779,Y+volvi%C3%B3+el+gran+Paleto+xD,487,544,2104192,690,0
2780,20+Aimia,476,554,2131544,3474,7
2781,010,525,477,2184213,3379,0
2782,Pueblo+de+b%C3%A1rbaros,534,531,0,561,0
2783,021+Noble,472,521,2177696,3989,4
2784,Pueblo+de+bonificaci%C3%B3n,513,552,0,479,2
2785,pueblo+de+Lowasd,486,519,2105689,628,0
2786,Pueblo+de+b%C3%A1rbaros,458,485,0,631,0
2787,014-,517,462,2087974,819,6
2788,pueblo+de+pikeras,486,509,2106805,2285,0
2789,Pueblo+de+b%C3%A1rbaros,517,457,0,367,0
2790,Pueblo+de+bonificaci%C3%B3n,524,481,0,439,9
2791,Pueblo+de+bonificaci%C3%B3n,444,489,1947487,643,1
2792,Pueblo+de+b%C3%A1rbaros,494,472,0,521,0
2793,%5B%2ACH%2A%5D+032,483,510,2094332,806,7
2794,pueblo+de+pepera,532,524,2109652,7455,0
2795,Pueblo+de+bonificaci%C3%B3n,519,536,0,440,2
2796,Pestoso+12,519,515,1820949,3853,2
2798,Pueblo+de+bonificaci%C3%B3n,556,509,0,438,6
2799,018,465,537,1810435,6437,0
2800,068+Noble,476,512,2177696,1405,9
2802,Noble+A007,492,548,2123065,6194,9
2803,Romeo-1,541,510,2183804,7724,8
2804,Pueblo+de+b%C3%A1rbaros,534,455,0,290,0
2805,Pueblo+de+b%C3%A1rbaros,539,502,0,404,0
2806,010,531,495,1187462,576,1
2807,019+ABUS%21,471,520,1271321,3636,5
2808,003.+Rena,491,451,1983197,9835,0
2809,Pueblo+de+bonificaci%C3%B3n,514,554,0,318,2
2810,026,450,496,1595726,355,0
2811,003+bonificaci%C3%B3n,516,450,2025956,3154,2
2812,002.+Yo+Soy+Muerte,490,559,1889098,8703,3
2813,010_Florecilla+de+la+Muerte,553,447,1715991,9225,0
2814,Bravucon,473,496,240304,1716,0
2815,Kobe+%2324,491,510,1342035,8741,9
2816,103-006msc,451,533,2172761,4650,1
2817,ReNa+%7E+Principios,527,458,1174348,9639,0
2818,04-Exodar,511,450,2176735,587,0
2819,F01,527,478,2174905,1371,4
2820,FLINT+011,531,504,1672154,2768,6
2821,100+Noble,521,521,2183491,9884,0
2822,007,519,549,2181101,5359,8
2823,Noble+N002,459,509,2123065,479,6
2824,007+Noble,525,545,2183491,10063,0
2825,Pueblo+de+b%C3%A1rbaros,515,517,0,643,0
2826,010,489,553,1863997,3658,4
2827,Oxygen+222,530,476,1958874,9354,0
2828,037+%7EAbuelos+Espartanos,467,504,1747712,599,0
2829,08.+Freya,500,451,2090629,686,9
2830,.06,532,536,2179029,831,1
2831,003-+JR,542,535,2179516,9271,0
2832,Pueblo+de+b%C3%A1rbaros,547,514,0,387,0
2833,Pueblo+de+bonificaci%C3%B3n,515,464,0,373,3
2834,013,441,495,311234,1400,0
2835,03+Leon,495,505,987383,1067,0
2836,020,487,475,1682674,1377,4
2837,Bsk+00,496,447,1951772,8005,0
2838,Buiyo%2802%29,558,503,2058565,390,6
2839,Papas%2Cpapitas+papu,483,464,2118605,1818,0
2840,Pueblo+de+b%C3%A1rbaros,451,528,0,367,0
2841,Pueblo+de+bonificaci%C3%B3n,530,459,2095097,571,6
2842,pueblo+de+Albacete,475,474,2119184,258,0
2843,%5B003%5D+Android,555,483,2181891,7948,0
2844,010+Goma+Bungee,478,543,2078276,420,9
2845,CALLE4,503,532,2119519,5182,0
2846,Leamington+08,558,513,2140134,493,0
2847,07.+Se%C3%B1or+Sosa,504,560,2090921,160,7
2848,Pueblo+de+bonificaci%C3%B3n,534,466,0,394,7
2849,%5B003%5D+Sinsangre,508,551,1535952,7023,0
2850,036,494,531,2102310,1743,0
2851,Kobe+%2324,487,517,1342035,8146,5
2852,Noble,452,467,219369,2483,1
2853,pueblo+de+Ryphox,516,461,2120953,7266,0
2854,0031+K44+Cegarro%3F%3F,462,463,2132828,850,7
2855,-+BERAZATEGUI+-,492,530,2120954,1698,0
2856,Nazaret,543,478,1608799,5377,5
2857,022+Goma+Bungee,489,532,2078276,617,0
2858,Pueblo+de+b%C3%A1rbaros,556,501,0,504,0
2859,Pueblo+de+bonificaci%C3%B3n,520,488,0,352,5
2860,006+-+ANOCHECE,491,480,1682674,5224,0
2861,027,489,477,1682674,652,1
2862,015+The+Pride,488,440,1993222,2086,1
2863,You+are+Akab%3F,481,452,2121243,9742,0
2864,Pueblo+de+b%C3%A1rbaros,464,458,0,527,0
2865,02.+Eliseo,524,499,2122744,7510,7
2866,006+Noble,507,545,2183491,9609,0
2867,Ronald+Koeman,448,514,2136214,1108,0
2868,Pueblo+de+bonificaci%C3%B3n,507,450,2090629,483,7
2869,Pueblo+de+bonificaci%C3%B3n,448,517,1945137,2804,4
2870,XxXxX+005,534,507,2057638,10019,0
2871,Pueblo+de+b%C3%A1rbaros,517,489,0,419,0
2872,F+011+PIOLIN,501,491,2126523,4414,8
2873,LenTIlI,462,524,2122269,4946,0
2874,0028+K44+Cegarro%3F%3F,459,462,2132828,1170,7
2875,01.+Olimpo,523,499,2122744,9160,0
2876,Jordan+%2323,481,532,1342035,886,0
2877,%7BSec3%7D+03+%7E+Muro+del+Sur+%7E,508,478,141108,833,5
2878,FS.+XD,524,501,2122744,8080,0
2879,Pueblo+de+bonificaci%C3%B3n,494,460,0,551,2
2880,004.+Boni,542,528,1885328,7481,2
2881,Miau+03,546,553,1714244,8323,0
2882,Noble,455,474,219369,999,0
2883,06-Gnomeregan,510,452,2176735,547,3
2884,104-barro,449,500,2083788,989,2
2886,038+Noble,470,467,2127978,6278,0
2887,Pueblo+de+bonificaci%C3%B3n,473,555,2059063,2036,9
2888,016,512,522,2119519,271,0
2889,024+ABUS%21,481,503,1271321,1758,4
2890,Pestoso+07,523,515,1820949,2281,9
2891,Pueblo+de+b%C3%A1rbaros,474,441,0,375,0
2892,103+Noble,520,521,2183491,6902,9
2893,Damasco,527,497,2182957,379,9
2894,%3F%3F%3F,484,452,2124912,8362,0
2895,Noble+A011,497,554,2123065,4211,2
2896,Pueblo+de+bonificaci%C3%B3n,510,541,0,440,7
2897,Noble+001,532,555,2124934,7569,0
2898,43+zzz,477,534,2131544,1026,0
2899,000,501,532,2137188,8816,3
2900,016+Noble,559,502,2057638,7983,0
2901,Pueblo+de+b%C3%A1rbaros,515,458,0,531,0
2902,Centro+-+14+BoniMetalero,473,514,1989499,1341,3
2903,pueblo+de+Drael+001,512,490,2125437,9238,0
2904,009+MONO,492,464,925391,2833,4
2905,Pueblo+de+b%C3%A1rbaros,472,468,0,171,0
2906,Pueblo+de+b%C3%A1rbaros,495,464,1946933,486,0
2908,057+Noble,465,516,2177696,1639,6
2909,gabmar,444,532,1320170,9442,0
2910,%5B%2ACH%2A%5D+045,451,518,2094332,829,0
2911,000,500,511,2137188,6323,1
2912,Noble+013,467,513,1613388,4443,0
2913,%5B004%5D,506,548,1535952,980,2
2914,Noble+C020,528,545,254189,9063,0
2915,TE+JODISTE+jajajaja,455,480,2181835,1061,3
2916,ESP+quinta,464,461,2127421,1066,0
2917,Silvestre+el+Empalador01,483,509,1651308,2331,1
2918,009+Capocollo,541,460,2181542,3717,5
2919,0.2+-+Orange+Range,509,444,1734443,9902,0
2920,015+Noble,518,542,2183491,3034,3
2922,Pueblo+de+b%C3%A1rbaros,522,538,2183491,500,0
2923,Pueblo+de+bonificaci%C3%B3n,486,527,2143715,2341,1
2924,A004+Noble,544,525,1598893,6427,4
2925,049+Noble,471,488,2127978,3524,0
2926,032+%7EAbuelos+Espartanos,463,503,1747712,583,0
2927,0008,457,535,1344475,5684,7
2928,Pueblo+de+bonificaci%C3%B3n,458,531,240304,1414,7
2929,Low+cortisol,567,473,2128254,8315,0
2930,Noble+B019,547,517,254189,4127,6
2931,33+Babazarnam,471,544,2131544,1941,2
2932,Parralandia.,552,530,2183490,8138,0
2933,Pueblo+de+b%C3%A1rbaros,527,474,0,365,0
2934,%5B015%5D+O.o,445,483,278359,4453,1
2935,Pueblo+de+b%C3%A1rbaros,518,558,0,318,0
2936,Pueblo+de+b%C3%A1rbaros,461,509,0,337,0
2937,One+Piece+16,537,491,1961278,2909,4
2938,666,478,524,2129226,3340,0
2939,Godella,534,514,1548649,672,6
2940,Pueblo+de+b%C3%A1rbaros,547,461,0,256,0
2941,LCO+019,522,549,1586763,2619,1
2942,Pueblo+de+bonificaci%C3%B3n,511,551,0,432,6
2943,Noble+001,547,494,2129677,9819,0
2944,LCO+023,526,554,1586763,2074,0
2945,009-+Landsman,444,501,1766388,867,7
2946,XXXXX,479,491,2145573,939,3
2947,05.,477,444,2124912,5819,0
2948,One+Piece+06,545,474,1961278,7367,5
2949,Segarro+Amego,478,454,2121243,10025,0
2950,Pueblo+de+b%C3%A1rbaros,472,455,0,499,0
2951,0026,502,484,2095097,867,4
2952,Pueblo+de+ElJama+03,438,463,2121326,8972,0
2953,Noble+N004,457,492,2123065,438,0
2954,039+%7EAbuelos+Espartanos,456,490,1747712,747,1
2955,Pueblo+de+b%C3%A1rbaros,535,463,0,182,0
2956,Pueblo+de+bonificaci%C3%B3n,491,462,0,358,6
2957,xXxXxX+4,526,497,2129677,3813,1
2958,Noble,450,471,219369,7362,0
2959,013+Goma+Bungee,485,543,2078276,604,0
2960,MI+BEB%C3%89,482,499,1878083,743,5
2961,019,465,524,1810435,7813,0
2962,000,499,523,2137188,7957,1
2963,Plus+Ultra,526,491,1174348,775,4
2965,A008+Noble,542,526,1598893,5131,4
2966,pps,508,503,2130631,6209,0
2967,009+Noble,560,492,2057638,6747,1
2968,Araucariacea,524,455,1979816,4640,4
2969,0016,537,470,2095097,3069,0
2970,Pueblo+de+b%C3%A1rbaros,509,548,0,351,0
2971,Norte+33,482,547,28243,2977,7
2972,Guerrera,534,480,719468,3047,0
2973,019,446,494,1595726,1738,1
2974,LCO+007,540,544,1586763,8186,5
2975,0000+K44+Cegarro%3F%3F,453,460,2132828,10000,0
2976,058+Noble,465,514,2177696,2074,9
2977,Felices+los+6%28%3F,484,432,865857,6085,0
2978,Pueblo+de+bonificaci%C3%B3n,508,507,0,638,2
2979,Eating+the+Visions+of+God,536,449,835134,9021,0
2980,Calatrava,547,483,1608799,1855,0
2981,Kobe+%2324,487,511,1342035,3724,7
2982,Pueblo+de+bonificaci%C3%B3n,490,467,0,450,9
2983,005-,538,551,2179516,9599,0
2984,One+Piece+18,534,491,1961278,5928,8
2985,%5B002%5D,469,510,572281,9665,0
2986,Pueblo+de+bonificaci%C3%B3n,490,471,0,373,6
2987,Pueblo+de+b%C3%A1rbaros,509,480,0,360,0
2988,%5B005%5D+O.o,462,455,278359,6859,8
2989,003,447,531,1783692,7261,0
2990,Pueblo+de+b%C3%A1rbaros,536,500,0,411,0
2991,Sevilla,494,558,1369805,523,1
2992,Vinebre+0,564,506,2136006,9735,0
2993,009+Sastre,540,484,2080309,2403,0
2994,Noble,452,475,219369,8930,3
2995,010+Noble,521,535,1747072,2162,4
2996,Sepultura,522,463,907588,4881,0
2997,001+Noble,522,543,2183491,7418,6
2998,Noble+010,557,499,2129677,9819,0
2999,Pueblo+de+b%C3%A1rbaros,487,527,0,441,0
3000,004+MONO,488,462,925391,6887,9
3001,%5B%2ACH%2A%5D+026,462,512,2094332,1156,9
3002,005+Egipto,514,470,1580481,10311,0
3003,012+Formica,495,463,1543507,843,8
3004,One+Piece+24,527,496,1961278,3406,9
3005,000,499,527,2137188,9341,0
3006,Pueblo+de+b%C3%A1rbaros,499,469,0,406,0
3007,Parralandia,552,527,2183490,4850,8
3008,01+Berlin,481,464,2137298,5380,0
3009,Pueblo+de+b%C3%A1rbaros,504,465,0,656,0
3010,RAN+II,528,445,866900,1278,7
3011,Templanza01,494,540,1651308,7417,0
3012,Pueblo+de+b%C3%A1rbaros,502,519,0,411,0
3013,SPAID%3A+Guerreros+del+Valhalla,547,537,486339,8774,9
3014,Villa+Naufragio,545,478,2049063,1793,0
3015,015+%7EAbuelos+Espartanos,456,496,1747712,2911,5
3016,B08+-+This+is+S+P+A+R+T+A%21,479,529,1745999,8066,8
3017,003+-+SERES+NOBLES,500,483,1682674,6336,0
3018,002+Geta,480,557,302869,7384,8
3019,Pueblo+de+b%C3%A1rbaros,511,519,0,271,0
3020,Pueblo+de+b%C3%A1rbaros,495,462,0,416,0
3021,010+HIERRO+3,525,534,1946447,1105,3
3022,pueblo+de+lestad,478,542,2139653,217,0
3023,F005,498,551,1587053,4234,0
3024,020,454,537,1810435,1411,1
3025,10.+Hades,521,539,2122744,5210,0
3026,F007,495,548,1587053,4280,0
3027,Gingobiloa,522,454,1979816,4308,2
3028,08+Hoopa,564,537,2112801,12154,0
3029,Pueblo+de+b%C3%A1rbaros,499,472,0,505,0
3030,%2A+Pueblo+de+bonificaci%C3%B3n,509,463,2025956,3941,5
3031,pueblo+de+Sinsinati,496,535,321281,1347,0
3032,Pueblo+de+b%C3%A1rbaros,513,482,0,540,0
3033,002+-+VANISHED,446,505,1169034,10019,8
3034,pueblo+de+teenwolf,469,534,2140334,1227,0
3035,AMEGO+006,451,491,240304,594,5
3036,aaa,447,493,1731373,10005,0
3037,AZAZEL+014,452,501,1577451,790,0
3038,Nucleoide,514,443,2032066,6528,9
3039,015,439,493,1595726,2669,6
3040,30.,481,458,2124912,1269,0
3041,Noble+A004,493,555,2123065,6211,8
3042,Pueblo+de+bonificaci%C3%B3n,515,521,0,351,2
3043,Ataqn+lo+q+quieran+plata+no+hay%21,547,498,2141083,299,0
3044,0024+K44+Cegarro%3F%3F,451,468,2132828,1206,6
3045,29%2F9+15.30,530,479,1958874,2259,6
3046,Don+-005-,479,557,2145649,10125,0
3047,Pueblo+de+b%C3%A1rbaros,510,491,0,399,0
3048,Pueblo+de+bonificaci%C3%B3n,458,488,0,414,3
3049,073+Noble,475,463,2127978,7746,2
3050,Pueblo+de+b%C3%A1rbaros,533,532,0,435,0
3051,081+lobito+dormiloncito,471,493,2127978,1504,0
3052,Pueblo+de+bonificaci%C3%B3n,517,463,0,337,7
3053,Ser%C3%A1+4,493,456,2136699,9761,0
3054,Kobe+%2324,487,515,1342035,6014,3
3055,Pueblo+de+b%C3%A1rbaros,445,526,1945137,1090,5
3057,Pueblo+de+b%C3%A1rbaros,509,538,0,417,0
3058,36+Rira,474,530,2131544,1468,7
3059,004+-+LILIOIDEAE,496,474,1682674,7099,0
3060,Pueblo+de+b%C3%A1rbaros,528,521,0,398,0
3061,0035,516,498,2095097,758,3
3062,007-+LCO,540,542,1166358,981,7
3063,11+PeppyXenophillia,449,471,1912482,5500,0
3064,Pueblo+de+b%C3%A1rbaros,477,447,0,369,0
3065,Noble,451,479,219369,1334,4
3066,002+Achucarro,499,452,1543507,5513,0
3067,Pueblo+de+b%C3%A1rbaros,495,465,0,329,0
3068,Silvestre+el+Empalador04,475,498,1651308,3131,6
3069,Yonkone+005,548,462,2173364,466,3
3070,Ser%C3%A1+3,488,449,2136699,5227,0
3071,Pueblo+de+b%C3%A1rbaros,520,470,0,371,0
3072,puente,465,478,1966979,657,1
3073,030,487,537,2102310,2036,7
3074,5+Regulus,571,481,2175174,2887,0
3075,%2AChinaTown%2A,527,515,2183957,691,6
3076,Llegando+%3AD,516,485,2032066,1506,4
3077,Heidy+009,561,497,2023202,8653,0
3078,016,498,545,23632,2779,0
3079,Pueblo+de+bonificaci%C3%B3n,516,473,0,616,2
3080,011+Sastre,539,471,2080309,4459,1
3081,%5B004%5D+.BudoKai.,537,458,1898371,10336,0
3082,%5B016%5D+O.o,445,484,278359,3453,9
3083,wWwWwW+3,528,501,2129677,9580,2
3084,002+Buddhas+Family,463,543,2062192,9832,0
3085,Pueblo+de+bonificaci%C3%B3n,552,529,1905015,1064,3
3086,Pueblo+de+bonificaci%C3%B3n,508,444,1021247,310,4
3087,Noble+07,517,563,2124483,7946,0
3088,Kobe+%2324,488,518,1342035,7482,4
3089,GGG2,514,556,741002,1980,6
3090,001+Fantasmas,551,529,2112801,5685,0
3091,013+Scocco,501,456,1543507,802,3
3092,003-+Vicente+Calder%C3%B3n,440,510,1766388,3839,0
3093,Pueblo+de+bonificaci%C3%B3n,520,485,0,345,7
3094,0.1+-+Number+One,511,440,1734443,9033,0
3095,Pueblo+de+b%C3%A1rbaros,538,491,0,409,0
3096,021,462,519,1810435,1053,7
3097,001,503,531,2119519,5142,3
3098,Noble+D021,517,550,254189,7262,0
3099,Patrick+Kluivert,447,513,2136214,686,0
3100,%5B%2ACH%2A%5D+019,459,520,2094332,5334,2
3101,Oliver,527,461,2183201,920,1
3102,001+Gulp%21,524,461,907588,3684,0
3103,101+Noble+%21,511,445,2088720,7366,4
3104,002+Fabra+i+Puig,483,442,1609139,6530,0
3105,Pueblo+de+b%C3%A1rbaros,526,519,0,561,0
3106,002+Sastre,541,480,2080309,9807,8
3107,14+PeppyXenophillia,448,471,1912482,3303,0
3108,bbb,449,509,1731373,7273,6
3109,016+Noble,525,546,2183491,9306,5
3110,Jordan+%2323,480,533,1342035,558,0
3111,Pueblo+de+b%C3%A1rbaros,490,463,0,415,0
3112,Pueblo+de+bonificaci%C3%B3n,547,512,0,438,1
3113,pueblo+de+Lucian,466,553,2172838,8995,0
3114,017+Noble,461,453,2127978,9041,4
3115,A006+Noble,537,541,1994814,9857,5
3116,014+MONO,486,460,925391,948,0
3117,Pueblo+de+b%C3%A1rbaros,512,510,577826,797,0
3118,003+-+Maxbaires,447,471,2177759,7518,2
3119,PIXULEITOR,496,542,2173040,1905,0
3120,Pueblo+de+b%C3%A1rbaros,452,531,0,462,0
3121,Kobe+%2324,484,505,1342035,5200,2
3122,0+05,525,529,2083091,4112,0
3123,Pueblo+de+b%C3%A1rbaros,524,536,0,410,0
3124,S%40tan+2.2,492,535,1459338,3626,6
3125,005+DEMOLICIONES+CINCRO22,550,484,301920,9558,0
3126,%5B010%5D+O.o,469,456,278359,4166,3
3127,N003+Viagra,483,566,1587053,9157,0
3128,Pueblo+de+catalufo,547,526,1674937,710,0
3129,012,440,504,20451,5677,1
3130,Pueblo+de+b%C3%A1rbaros,447,486,0,457,0
3131,21.,482,454,2124912,1286,0
3132,Pompeya,496,456,2179989,531,7
3133,Barbarito+7,530,474,1958874,4784,2
3134,A002+Noble,535,541,1994814,9919,0
3135,D02+-+This+is+S+P+A+R+T+A%21,496,501,1745999,6604,3
3136,Pueblo+de+b%C3%A1rbaros,507,549,0,307,0
3137,AMEGO+001,456,495,240304,1697,2
3138,022,504,485,784340,704,0
3139,005+bonificaci%C3%B3n,517,451,2025956,3166,5
3140,Pueblo+de+bonificaci%C3%B3n,529,454,684733,2506,4
3141,Brasicaceas,529,450,1979816,6235,0
3142,006-+OBSCURIDAD,518,557,1166358,2360,7
3143,005,526,460,784340,5556,8
3144,pueblo+de+yoelbulo,436,512,2173782,622,0
3145,bbb,451,513,1731373,8005,2
3146,Pueblo+de+b%C3%A1rbaros,497,470,0,554,0
3147,041+Noble,475,505,2177696,1560,0
3148,LCO+012,526,555,1586763,4098,2
3149,%5B026%5D+O.o,445,475,278359,3150,2
3150,050+Noble,472,486,2127978,3542,0
3151,F+035+PIOLIN,499,485,2126523,2333,0
3152,%5B017%5D+O.o,443,483,278359,3157,2
3153,i%C3%B1aki,521,490,2076485,7333,3
3154,00+-+Amanece+que+no+es+poco,499,478,2174060,7311,0
3155,017+Noble,516,551,2183491,3452,1
3156,05loki,541,548,2119635,8586,0
3157,Noble+A032,494,544,2123065,1107,2
3158,002,474,487,2174772,4967,0
3159,011+Noble,529,526,1747072,1945,3
3161,023+Goma+Bungee,480,546,2078276,516,0
3162,B001+Noble,553,515,1598893,6474,4
3163,pueblo+de+-RoyalFlush-,533,521,2174544,1125,0
3164,Pueblo+de+b%C3%A1rbaros,486,540,0,415,0
3165,Pueblo+de+bonificaci%C3%B3n,535,500,0,484,5
3166,Pueblo+de+bonificaci%C3%B3n,521,472,0,433,1
3167,Noble,531,447,2171938,4659,0
3168,024+%7EAbuelos+Espartanos,465,489,1747712,1165,0
3169,CASTILLO+MORMONT,533,518,542783,5198,7
3170,009,537,542,2181708,993,0
3171,%5B%2ACH%2A%5D+029,458,520,2094332,891,0
3172,Pueblo+de+bonificaci%C3%B3n,480,465,0,318,2
3173,Pueblo+de+bonificaci%C3%B3n,448,521,1945137,2710,4
3174,______,522,572,2174904,7235,0
3175,018+Sastre,534,484,2080309,871,0
3176,Jordan+%2323,481,522,1342035,657,7
3177,malo02,505,457,110010,732,2
3178,041+Noble,465,463,2127978,6877,0
3179,000,517,533,2137188,2563,5
3180,05-Gilneas,511,451,2176735,725,1
3181,F+021+PIOLIN,493,490,2126523,2197,0
3182,Pueblo+de+b%C3%A1rbaros,476,547,0,619,0
3183,Pueblo+de+bonificaci%C3%B3n,510,454,0,708,1
3184,002,532,542,2181101,9796,0
3185,Pueblo+de+b%C3%A1rbaros,519,485,0,479,0
3186,Centro+-+11+BoniCuadrotico,464,523,1989499,2626,6
3187,Pueblo+de+bonificaci%C3%B3n,443,485,0,566,7
3188,46+zzz,470,532,2131544,534,0
3189,Pueblo+de+b%C3%A1rbaros,510,469,0,382,0
3190,013+-+Maxbaires,456,481,2177759,1284,7
3191,f03,526,479,2174905,618,2
3192,003+Pittsburgh,485,442,1609139,5393,0
3193,Pueblo+de+bonificaci%C3%B3n,506,545,0,502,3
3194,Pueblo+de+b%C3%A1rbaros,536,470,0,1110,0
3195,Nueva+Mujilandia,460,529,2182836,691,0
3196,Pueblo+de+bonificaci%C3%B3n,512,520,1652831,1285,9
3197,0013,529,458,2095097,8918,0
3198,Apirm01,519,450,2032066,5517,4
3199,0005+K44+Cegarro%3F%3F,454,460,2132828,9071,0
3200,010+Noble,524,541,2183491,9851,4
3201,Pueblo+de+bonificaci%C3%B3n,556,508,0,384,5
3202,002,474,571,23632,9724,0
3203,011+-+Maxbaires,451,472,2177759,1004,0
3204,Pueblo+de+bonificaci%C3%B3n,493,439,865857,3444,4
3205,Noble+02,531,548,2124483,8013,0
3206,%28A003%29+Cuartel+General,550,467,222751,10301,5
3207,Pueblo+de+b%C3%A1rbaros,465,454,0,314,0
3208,Pueblo+de+b%C3%A1rbaros,462,509,0,485,0
3209,F+025+PIOLIN,503,492,2126523,2383,6
3210,008,524,476,2184213,417,9
3211,013+MONO,484,468,925391,1120,0
3212,gordito,524,487,2076485,8268,8
3213,Pueblo+de+bonificaci%C3%B3n,534,452,684733,1278,6
3214,010-Quien+rie+ultimo..+rie+mejor,511,540,2179516,7294,0
3215,053+Noble,472,492,2127978,2981,4
3216,Noble,458,444,219369,5592,0
3217,Barbarito+8,531,465,1958874,3712,5
3218,One+Piece+13,548,474,1961278,5740,3
3219,001_%7ELa+Fortaleza%7E,505,574,2176673,5565,0
3220,Pueblo+de+bonificaci%C3%B3n,458,482,0,484,6
3221,014+Noble,463,527,2177696,6586,0
3222,042+Noble,466,464,2127978,7002,0
3223,050+ZNB,496,529,2021767,1396,2
3224,Esparta,496,458,2179989,671,9
3225,022,464,537,1810435,7030,0
3226,0019,512,498,2095097,1881,5
3227,pueblo+de+LastKingdom,498,533,2176932,1294,0
3228,1.2+-+Las+Noches,509,440,1734443,3409,0
3229,Norte+2,488,544,28243,9383,1
3230,Empowered+Blasphemy,536,453,835134,5852,6
3231,pueblo+de+PericoSanchez,480,534,16275,2109,0
3232,Pueblo+de+bonificaci%C3%B3n,549,510,0,285,7
3233,003-NeMn,507,448,2087974,9809,0
3234,E04+-+This+is+S+P+A+R+T+A%21,482,494,1745999,1579,4
3235,F006,498,550,1587053,3963,0
3236,Pueblo+de+b%C3%A1rbaros,488,445,0,358,0
3237,010+MONO,490,466,925391,2402,5
3238,B04+-+This+is+S+P+A+R+T+A%21,473,527,1745999,4511,4
3239,Jesucristo+Garc%C3%ADa,464,552,2172838,9270,0
3240,E07+-+This+is+S+P+A+R+T+A%21,478,490,1745999,1592,0
3241,Ave+f%C3%A9nix+2,535,520,2182287,1235,1
3242,003+Noble,534,549,1747072,5941,4
3243,Pueblo+de+b%C3%A1rbaros,530,522,0,435,0
3244,44+zzz,476,535,2131544,871,0
3245,Pueblo+de+bonificaci%C3%B3n,531,451,684733,1902,7
3246,Heidy+016,543,502,2023202,642,5
3247,0013+K44+Cegarro%3F%3F,464,463,2132828,8413,0
3248,Pueblo+de+b%C3%A1rbaros,452,486,0,571,0
3249,P4scu84,471,482,2136273,3791,8
3250,II.+Ejercito+Alvaro+de+Bazan,519,507,2122743,8629,0
3251,Pueblo+de+b%C3%A1rbaros,517,527,0,463,0
3252,FLINT+005,530,503,1672154,3665,6
3253,009,524,478,2184213,770,7
3254,000+Noble,525,538,2183491,9365,0
3255,0001+K44+Cegarro%3F%3F,457,463,2132828,5800,4
3256,Heidy+013,538,469,2023202,9151,0
3257,007+Niederbipp,552,471,1629978,3819,4
3258,003,431,498,311234,8458,0
3259,Pueblo+de+b%C3%A1rbaros,475,544,0,471,0
3260,006,488,536,2102310,8095,9
3261,Granjita+103,533,528,2177802,683,0
3262,003+Salami,542,466,2181542,9432,8
3263,Kobe+%2324,490,504,1342035,5898,5
3264,aaa,442,491,1731373,10365,0
3265,021,445,504,311234,663,0
3266,A005+Noble,536,541,1994814,8754,6
3267,001+Goma+Bungee,494,548,2078276,9633,0
3268,Pueblo+de+b%C3%A1rbaros,525,535,0,317,0
3269,006+%7EReSu%7E,484,442,1609139,2183,2
3270,069+Noble,467,509,2177696,1629,6
3271,06.+Freya,499,444,2090629,645,0
3272,0006,465,528,1344475,7752,0
3273,006+-+VANKISH,445,503,1169034,9591,3
3274,pueblo+de+Ivan+montana,485,523,2178122,1263,0
3275,Pueblo+de+b%C3%A1rbaros,502,515,2137188,726,0
3276,007,441,492,1595726,4679,2
3277,005+%7EReNa%7E,484,445,1609139,1973,5
3278,Kobe+%2324,478,526,1342035,9649,0
3279,008+ABUS%21,485,530,1271321,7087,4
3280,La+perla+negra,482,533,1433177,1827,0
3281,10+D,538,532,2181431,1102,0
3282,CASTILLO+L-01,540,521,542783,6726,2
3283,B011+Noble,548,522,1994814,6075,3
3284,Templanza05,485,535,1651308,5375,0
3285,Pueblo+de+bonificaci%C3%B3n,472,549,2059063,5353,4
3286,013,496,467,1682674,6395,0
3287,D06+-+This+is+S+P+A+R+T+A%21,493,503,1745999,3419,0
3288,03+D,535,536,2181431,4872,2
3289,pueblo+de+PanBimbo,483,539,2178199,1305,0
3290,Dakara,530,535,1259861,2329,5
3291,Pueblo+de+bonificaci%C3%B3n,503,472,0,405,7
3292,pueblo+de+Panfleto,474,533,2178200,1254,0
3293,Tripoli,539,477,1608799,3239,0
3294,%5B018%5D+O.o,444,483,278359,2351,6
3295,003+Goma+Bungee,485,541,2078276,8424,0
3296,Pueblo+de+bonificaci%C3%B3n,511,553,0,551,6
3297,Pueblo+de+b%C3%A1rbaros,533,457,0,465,4
3298,pueblo+de+Pajuelo,490,526,2178202,1331,0
3299,Linama,497,450,2139741,2760,4
3300,Jorperi%C3%B1on,479,483,2073585,3163,2
3301,pueblo+de+RonCola,484,527,2178203,1655,0
3302,019,445,494,311234,1302,7
3303,Heidy+026,559,501,2023202,4664,3
3304,S%40tan+3,491,534,1459338,7230,0
3305,AZAZEL+010,452,503,1577451,2162,0
3306,006+Ban-gkok,528,487,1580481,10041,8
3307,087+Noble,471,497,2127978,5797,0
3308,ALBERDI-002,541,487,1806454,8737,2
3309,pueblo+de+PepitoDepito,493,525,2178206,1364,0
3310,052+ZNB,494,527,2021767,917,3
3311,005+ferbarom,482,569,3904,8678,0
3312,Pueblo+de+b%C3%A1rbaros,522,485,0,414,0
3313,21.sin+igual%2C+lleno+de+peligros,448,519,1571842,3780,7
3314,007+Mind+Of,522,443,217192,3973,9
3315,B07+-+This+is+S+P+A+R+T+A%21,469,525,1745999,8347,0
3316,017+Noble,458,528,2177696,3835,1
3317,007.+Kishin+No+Abandona,501,557,1889098,8694,6
3318,Pueblo+de+b%C3%A1rbaros,512,495,0,268,0
3319,Pueblo+de+bonificaci%C3%B3n,551,507,0,522,3
3320,006,526,522,2181298,964,8
3321,K04LAK,495,450,1951772,6579,0
3322,016,483,558,1344786,4815,9
3323,Pueblo+de+b%C3%A1rbaros,510,547,0,321,0
3324,004+Noble,527,452,2181476,5362,3
3325,aaab,443,492,1731373,3514,4
3326,Noble+018,560,502,1786798,10208,0
3327,Pueblo+de+b%C3%A1rbaros,531,456,0,470,0
3328,004,494,524,2172838,3028,8
3329,Pueblo+de+bonificaci%C3%B3n,522,456,0,400,7
3330,002+Noble,536,548,1747072,8509,0
3331,030+%7EAbuelos+Espartanos,462,491,1747712,713,0
3332,Noble,453,477,219369,858,7
3333,05+CeMeNTeRiO,466,461,2130145,7270,5
3334,VI.+Ejercito+de+Vivar,517,509,2122743,8237,0
3335,005+Noble,527,451,2181476,5000,1
3336,004+Noble,556,480,1666646,7144,4
3337,Noble,433,514,1390210,10026,0
3338,Pueblo+de+bonificaci%C3%B3n,443,521,1945137,1434,3
3339,Pueblo+de+b%C3%A1rbaros,525,462,0,320,0
3340,Pueblo+de+b%C3%A1rbaros,518,541,0,367,0
3341,059+Noble,467,522,2177696,1889,7
3342,033,493,544,2102310,1907,3
3343,008,489,478,1682674,6534,0
3344,SAN+MIGUEL+3,552,531,1985704,543,0
3345,Pueblo+de+bonificaci%C3%B3n,541,457,0,364,2
3346,Snake,540,493,380925,1778,2
3347,Pueblo+de+b%C3%A1rbaros,549,508,0,444,0
3348,Pueblo+de+bonificaci%C3%B3n,492,480,0,407,7
3349,003+Dogern,547,476,1629978,3460,8
3350,002+Goma+Bungee,482,552,2078276,9169,0
3351,Pueblo+de+b%C3%A1rbaros,515,542,0,362,0
3352,005+Noble,517,537,2183491,3032,5
3353,F+038+PIOLIN,497,484,2126523,2132,3
3354,011+Noble,459,533,2177696,7914,0
3355,019+Goma+Bungee,488,527,2078276,572,0
3356,Noble+A016,492,553,2123065,4190,3
3357,003+Maidana,494,454,1543507,7432,4
3358,pueblo+de+Duki,504,509,2179552,3978,0
3359,033+Noble,468,465,2127978,5439,4
3360,pueblo+de+Xaviersp91,514,487,2179612,1824,0
3361,Noble+014,545,497,2129677,3485,0
3362,Pueblo+de+bonificaci%C3%B3n,517,476,0,667,5
3363,006,511,526,2179988,645,0
3364,Money,473,461,2121243,2663,1
3365,Pueblo+de+b%C3%A1rbaros,499,557,0,356,0
3366,Pueblo+de+b%C3%A1rbaros,504,555,0,431,0
3367,016,499,470,1682674,1799,4
3368,%5B009%5D+O.o,461,467,278359,5038,0
3369,4+.+Fantasmas+.,550,514,2183642,2612,5
3370,pueblo+de+guadacasca.,507,554,2179975,1808,0
3371,Pueblo+de+b%C3%A1rbaros,544,488,0,480,0
3372,Pueblo+de+bonificaci%C3%B3n,519,539,0,454,2
3373,Jerryjgj+02,545,486,2174102,9312,8
3374,%5B006%5D+.BudoKai.,540,470,1898371,10089,0
3375,Pueblo+de+bonificaci%C3%B3n,529,481,0,486,1
3376,Luftwaffe01,486,506,1651308,2862,4
3377,D03+-+This+is+S+P+A+R+T+A%21,495,499,1745999,2189,0
3378,028B,491,559,2021767,1690,0
3379,004.+Kishin+No+Suplica,490,560,1889098,7415,8
3380,103-004msc,452,534,2172761,4707,4
3381,Pueblo+de+b%C3%A1rbaros,493,502,1651308,3341,0
3382,ALBERDI-008,542,486,1806454,2139,0
3383,Johan+Cruyff,441,510,2136214,2581,6
3384,Maik003,471,540,2084332,10336,0
3385,010-P_II,513,455,2087974,1802,4
3386,Pueblo+de+bonificaci%C3%B3n,510,560,0,351,2
3387,El+Marquesado,557,511,2180461,2733,0
3388,078+Noble,473,464,2127978,4491,6
3389,Halfdan+Ragnarsson,559,532,1535952,1098,0
3390,15+Rathalas,477,541,2131544,4185,4
3391,01+Leon,498,506,987383,1274,0
3392,005+Boghossian,499,453,1543507,4641,4
3393,casa+Stark,491,496,2180662,3123,0
3394,0009,453,535,1344475,5775,7
3395,A003+Noble,535,540,1994814,9919,8
3396,C016+Noble,521,549,1994814,7301,0
3397,011,492,475,1682674,3697,5
3398,Pueblo+de+b%C3%A1rbaros,516,538,0,437,0
3399,009+Noble,470,447,2127978,9571,9
3400,Pueblo+de+bonificaci%C3%B3n,498,462,0,331,5
3401,022,542,465,2095097,239,0
3402,Pueblo+de+b%C3%A1rbaros,470,553,0,476,0
3403,007.+BALMIX,478,469,2058795,5328,1
3404,012.+Kishin+Es+Kolour,501,542,1889098,6977,0
3405,Pueblo+de+bonificaci%C3%B3n,538,546,1166358,410,7
3406,Noble+A026,492,554,2123065,2098,0
3407,Pueblo+de+b%C3%A1rbaros,527,516,0,511,0
3408,Kobe+%2324,493,510,1342035,5379,6
3409,Suerte+en+el+Casual,467,439,2054225,8107,0
3410,Ser%C3%A1+5,492,448,2136699,2143,7
3411,008+Rocha,498,453,1543507,2118,6
3412,030+Noble,523,541,2183491,2339,0
3413,Pueblo+de+bonificaci%C3%B3n,473,447,0,400,6
3414,Pueblo+de+b%C3%A1rbaros,490,465,0,305,0
3415,Pueblo+de+b%C3%A1rbaros,500,543,0,428,0
3416,003+Ca%C3%B1ada+de+Agra,516,490,1580481,10218,8
3417,103-003msc,452,532,2172761,4613,7
3418,Queens+landing,452,493,2180923,2098,0
3419,073+Noble,484,504,2177696,1257,0
3420,010.+Rena,489,458,1983197,1217,5
3421,014,509,527,2119519,1981,3
3422,011.+Honjo+Seiran,439,469,2142222,8944,0
3423,Baranbio,466,527,1453511,3535,6
3424,006+Pancetta,530,454,2181542,9758,0
3425,Kobe+%2324,485,507,1342035,5670,6
3426,Pueblo+de+b%C3%A1rbaros,502,457,0,302,0
3427,Noble+B013,549,516,254189,6226,4
3428,Noble+03,519,554,2124483,9889,0
3429,Pueblo+de+b%C3%A1rbaros,514,522,0,390,0
3430,Noble+A015,494,553,2123065,4377,1
3432,Luftwaffe03,491,502,1651308,2937,3
3433,029+%7EAbuelos+Espartanos,458,500,1747712,682,6
3434,%28A006%29+El+69,547,469,222751,10301,0
3435,003-+OBSCURIDAD,519,552,1166358,3119,0
3436,Pueblo+de+bonificaci%C3%B3n,445,517,1945137,1445,8
3438,Pueblo+de+b%C3%A1rbaros,538,489,0,560,0
3439,Norte+66,477,542,28243,2852,2
3440,Pueblo+de+b%C3%A1rbaros,464,533,0,746,0
3441,Espanhol,455,463,1851914,580,3
3442,034,493,526,2102310,1798,5
3443,IZrl,494,439,1963398,485,0
3444,0019+K44+Cegarro%3F%3F,456,469,2132828,1749,4
3445,Kobe+%2324,499,502,1342035,7906,4
3446,pueblo+de+Super+Saiyan+6,502,482,2181209,1358,0
3447,Centro+-+08+Bonibarre%C3%B1o,468,523,1989499,3474,2
3448,Don+-007-,478,548,2145649,8465,0
3449,05+-+Abismo+de+Helm,458,511,1820940,4373,5
3450,Luftwaffe05,492,501,1651308,2932,8
3451,066+Noble,476,487,2127978,2614,0
3452,004,464,487,2176880,721,3
3453,XxXxX+001,538,506,2057638,7129,0
3454,017+Embutidirijillo,448,495,888810,4753,6
3455,LCO+015,519,556,1586763,3885,9
3456,Pueblo+de+b%C3%A1rbaros,520,466,0,349,0
3457,RAN+IV,525,448,866900,872,0
3458,Pueblo+de+bonificaci%C3%B3n,520,481,0,483,9
3459,002+NOBLE,500,444,2176997,9046,0
3460,Pueblo+de+bonificaci%C3%B3n,514,489,0,396,9
3461,Maik005,462,544,2084332,8773,9
3462,pueblo+de+Aldair,441,457,2181338,1360,0
3463,038+-+Noble,464,486,2179394,5659,0
3464,Damasco,544,482,1608799,5699,2
3465,010,545,460,2174905,1169,5
3466,Pueblo+de+b%C3%A1rbaros,505,455,0,314,0
3467,008+ALMAC%C3%89N+2,533,537,1946447,1416,9
3468,Super+Pitbull,475,523,2172838,3808,0
3469,029,490,524,2102310,2235,8
3470,Pueblo+de+b%C3%A1rbaros,522,460,0,278,0
3471,09+CeMeNTeRiO,484,451,2130145,4141,0
3472,Noble,452,477,219369,1128,4
3473,%7BSec3%7D+05+%7E+Orden+de+Peix%7E,507,475,141108,283,0
3474,033+%7EAbuelos+Espartanos,469,494,1747712,776,0
3475,005,525,524,16,1038,4
3476,066+-+Noble,473,463,2179394,4059,0
3477,SPAID%3A+Guerreros+Obscuros,544,531,486339,2427,9
3478,La+cabra+001,544,527,2181669,5361,0
3479,023,475,507,1810435,4873,0
3480,000,519,527,2137188,3571,8
3481,Pueblo+de+b%C3%A1rbaros,526,534,0,269,0
3482,009+Noble,535,549,1747072,2524,7
3483,002+-+Noble,466,442,2179394,9837,0
3484,Pueblo+de+b%C3%A1rbaros,444,523,1546340,671,0
3485,roBOTS,477,466,2121243,5300,2
3486,007+Anuki,489,538,2078276,7310,8
3487,Pueblo+de+b%C3%A1rbaros,459,508,0,380,0
3488,Galapago,452,482,2181837,1048,0
3489,P003,463,530,2182836,1110,6
3490,PUEBLO+099,509,513,2182034,2235,3
3492,M%C3%89RIDA+-+05,501,481,2032066,1752,0
3493,AB01+Noble,556,523,1598893,1220,4
3494,0009,527,466,2095097,6819,8
3495,008,434,486,1595726,8544,0
3496,Sur+2,491,456,2136699,1602,2
3497,028+Noble,524,542,2183491,2358,7
3498,001+Oviezo,497,483,2181865,2787,0
3499,Pueblo+de+b%C3%A1rbaros,466,506,0,507,0
3500,Pueblo+de+bonificaci%C3%B3n,550,510,0,476,2
3501,Pueblo+de+bonificaci%C3%B3n,532,492,0,401,1
3502,000,508,530,2137188,1453,0
3503,015+Sastre,536,488,2080309,1276,0
3504,Pueblo+de+bonificaci%C3%B3n,471,501,1078293,1166,9
3505,Ser%C3%A1+6,492,457,2136699,1802,9
3506,Noble+015,549,496,2129677,3539,0
3507,Fantasmin,550,512,2183642,1198,6
3508,002,531,520,16,2441,0
3509,Jordan+%2323,489,524,1342035,575,0
3510,Pueblo+de+bonificaci%C3%B3n,518,507,2122743,509,7
3511,002,502,530,2119519,3949,5
3512,GyP999,541,473,2057638,9816,0
3513,022+Noble,457,538,2177696,4566,4
3514,02-Forjaz,513,449,2176735,1404,6
3515,pueblo+de+XaDoW,491,441,865857,6796,0
3516,Pueblo+de+b%C3%A1rbaros,502,462,0,476,0
3517,Pueblo+de+bonificaci%C3%B3n,531,486,0,440,7
3518,060+Noble,460,527,2177696,1642,6
3519,%5B008%5D+O.o,465,451,278359,5782,0
3520,MITCHELL,482,498,1878083,443,0
3521,003,533,546,2181101,9770,8
3522,%5B010%5D+.BudoKai.,538,458,1898371,9820,0
3523,Jordan+%2323,477,529,1342035,722,0
3524,%C3%B1ato+05,555,526,2180626,1426,3
3526,036+-+Noble,462,484,2179394,6083,9
3527,007+-+POBRES+DIABLOS,498,481,1682674,5635,0
3528,Pueblo+de+b%C3%A1rbaros,490,449,0,357,0
3529,010+Noble,471,448,2127978,10247,9
3530,011+Mateo,498,455,1543507,879,7
3531,Pueblo+de+b%C3%A1rbaros,448,524,1546340,367,0
3532,007+%7EAbuelos+Espartanos,460,498,1747712,4528,5
3533,010,550,532,1406307,355,0
3534,10.+Freya,500,450,2090629,601,0
3535,Villa+bendita,552,476,2049063,2049,3
3537,Pueblo+de+b%C3%A1rbaros,501,467,0,550,0
3538,NEGRO35+2.0,456,497,555656,821,3
3539,K02BT,494,449,1951772,1616,0
3540,074+Noble,470,514,2177696,1352,0
3541,Twilight+Town,515,445,1174348,638,1
3542,Noble+023,539,506,2129677,2793,0
3543,003,516,445,1684263,8404,8
3544,vinebre+07,559,505,2136006,2615,0
3545,Pueblo+de+b%C3%A1rbaros,492,534,0,689,0
3546,Clases+a+Thanoz,504,494,1651308,1057,5
3547,Noble+A019,493,548,2123065,4337,6
3548,044+-+Noble,464,488,2179394,2498,0
3549,Altered+From+Catechization,534,451,835134,8240,8
3550,0012,543,468,2095097,4505,7
3551,Troya+noble,508,500,2038416,1266,0
3552,Pueblo+de+b%C3%A1rbaros,510,522,1929924,453,0
3553,%5B%2ACH%2A%5D+013,459,522,2094332,4867,9
3554,Pueblo+de+bonificaci%C3%B3n,506,455,0,365,4
3555,Pueblo+de+b%C3%A1rbaros,523,470,0,257,0
3556,Pueblo+de+b%C3%A1rbaros,483,542,0,626,0
3557,Nao+mex+com+ela,454,471,2184324,4891,8
3558,la+tere,519,493,2076485,7822,8
3559,ALBERDI-011,536,503,1806454,5605,0
3560,Pueblo+de+bonificaci%C3%B3n,535,516,0,427,7
3561,005+%7EAbuelos+Espartanos,460,504,1747712,5221,1
3562,Tshusima+03%23,559,513,2114370,6073,0
3563,45+zzz,474,534,2131544,798,0
3564,012+Noble,532,519,1747072,5224,6
3565,%5B011%5D+O.o,463,455,278359,3322,5
3566,Hollow+Bastion,515,443,1174348,6910,0
3567,Pueblo+de+bonificaci%C3%B3n,507,557,0,480,2
3568,0027,511,505,2095097,717,6
3569,051+Noble,472,488,2127978,3866,0
3570,Pueblo+de+b%C3%A1rbaros,469,509,0,506,0
3571,SP1,532,546,2110662,4174,2
3572,006,487,553,1863997,5584,4
3573,010,439,504,1595726,2912,0
3574,Don+-013-+A,498,530,2145649,3062,6
3575,14.,487,473,2124912,1244,9
3576,005,536,542,2181708,5051,0
3577,Pueblo+de+b%C3%A1rbaros,544,463,0,416,0
3578,Pueblo+de+bonificaci%C3%B3n,511,465,0,490,6
3579,Noble+007,532,554,2124934,7343,0
3580,%2A+-_-+%2A,485,444,2131441,2744,8
3581,Pueblo+de+bonificaci%C3%B3n,507,510,0,463,4
3582,002-+RAYO,548,538,1166358,4431,0
3583,004-+CV,544,537,2179516,9078,3
3584,Templanza02,490,537,1651308,8478,0
3585,Pueblo+de+b%C3%A1rbaros,507,518,0,460,0
3586,015+MONO,484,479,925391,789,9
3587,008+Sastre,538,478,2080309,2707,0
3588,Noble+016,529,494,2129677,3127,8
3589,002+MONO,485,463,925391,8957,0
3590,Strings+Of+Hypocrisy,538,453,835134,5910,1
3591,2+.Fantasmas.,551,513,2183642,6803,8
3592,-A14-+%2AIbuprofeno%2A,487,555,862456,481,0
3593,032+Longaniza+de+Lobo,466,496,888810,1604,5
3594,888009,526,439,11565,7080,0
3595,003+Gamma+Ray,556,474,2085697,6660,8
3596,Money,485,449,2121243,5189,6
3597,012+Noble,462,528,2177696,8358,0
3598,004+Noble,557,489,2057638,5938,2
3599,Money,479,454,2121243,3957,0
3600,Jordan+%2323,484,485,1342035,879,0
3601,02+Aguas+Santas,518,447,1993578,4627,5
3602,F009,502,559,1587053,8468,0
3603,Pueblo+de+b%C3%A1rbaros,542,501,0,471,0
3604,Pueblo+de+bonificaci%C3%B3n,501,540,0,667,6
3605,Pueblo+de+b%C3%A1rbaros,475,470,0,250,0
3606,aaaaa,445,527,1783692,4453,0
3607,27.,479,444,2124912,1394,4
3608,FR+011,539,508,1898371,3870,7
3609,Kobe+%2324,487,513,1342035,9309,0
3610,Pueblo+de+bonificaci%C3%B3n,549,475,0,380,7
3611,Pueblo+de+bonificaci%C3%B3n,502,499,0,615,5
3612,One+Piece+20,528,498,1961278,8684,0
3613,Pueblo+de+bonificaci%C3%B3n,460,511,0,463,7
3614,014+Dominguez,501,457,1543507,434,1
3615,D022+Noble,530,526,1994814,7163,0
3616,Pueblo+de+b%C3%A1rbaros,559,498,0,268,0
3617,Pueblo+de+bonificaci%C3%B3n,448,479,1814340,1459,6
3619,067+-+Noble,466,478,2179394,1789,7
3620,Pestoso+va,507,489,1820949,6363,0
3621,003,492,446,2112530,5641,5
3622,AZAZEL+009,455,503,1577451,2059,0
3623,Pueblo+de+b%C3%A1rbaros,473,518,0,474,0
3624,LCO+021,523,556,1586763,1994,2
3625,23.,479,443,2124912,1264,6
3626,Pueblo+de+b%C3%A1rbaros,524,555,0,205,0
3627,S%40tan+5.1,490,531,1459338,2331,2
3629,Pueblo+de+b%C3%A1rbaros,506,462,0,446,0
3630,Pueblo+de+bonificaci%C3%B3n,497,457,0,443,7
3631,023,507,486,784340,607,0
3632,009,549,524,1406307,584,0
3633,Centro+2,479,546,28243,3035,7
3634,Pueblo+de+b%C3%A1rbaros,496,452,0,240,0
3635,Caseros,522,509,2145359,1438,1
3636,27+Tu+Bayla,474,538,2131544,2536,1
3637,047+-+Noble,463,477,2179394,3162,0
3638,005+Elorrixo+M,469,550,1845090,2341,1
3639,010.+Kishin+Es+Atrevido,510,542,1889098,6565,0
3640,Pueblo+de+b%C3%A1rbaros,518,490,0,669,0
3641,018,487,479,1682674,2008,5
3642,030+Noble,453,529,2177696,4157,2
3643,006,533,453,2174905,6971,0
3644,One+Piece+15,546,479,1961278,3638,0
3645,Bah%C3%ADa+San+Carlos+-07-,518,475,800543,4025,3
3646,Pueblo+de+b%C3%A1rbaros,519,451,0,660,0
3647,Kobe+%2324,490,498,1342035,5671,5
3648,Jordan+%2323,496,513,1342035,761,7
3649,Pueblo+de+b%C3%A1rbaros,511,552,0,212,0
3650,11+Azimir,477,546,2131544,6398,5
3652,Pueblo+de+bonificaci%C3%B3n,512,482,0,568,2
3653,18.Lo+vamos+a+encontrar...,454,513,1571842,5893,8
3654,Pueblo+de+b%C3%A1rbaros,511,453,0,577,0
3655,Jordan+%2323,478,529,1342035,772,0
3656,Centro+-+05+Bonicado,464,527,1989499,3366,8
3657,1+ENVIDIA,545,506,2049063,3333,5
3658,El+Carnicero,452,496,2183407,3757,0
3659,Pueblo+de+bonificaci%C3%B3n,558,506,0,340,6
3660,Dgvv%2C%2C,462,477,860318,1220,9
3661,Jesusca,506,502,2183422,5662,0
3662,Noble+A005,495,552,2123065,5393,4
3663,Pueblo+de+b%C3%A1rbaros,512,486,0,237,0
3664,Pueblo+de+b%C3%A1rbaros,524,480,0,341,0
3665,Noble+A020,499,556,2123065,4517,1
3666,WARLORD+003,479,496,1577451,2485,0
3667,060+Noble,471,450,2127978,3644,4
3668,Kobe+%2324,468,485,1342035,10620,0
3669,Pueblo+de+b%C3%A1rbaros,515,486,0,379,0
3670,%5B%2ACH%2A%5D+033,460,512,2094332,765,9
3671,Pueblo+de+b%C3%A1rbaros,480,545,0,159,0
3672,Pueblo+de+bonificaci%C3%B3n,532,525,2109652,618,3
3673,Money,482,451,2121243,1870,0
3674,Pueblo+de+bonificaci%C3%B3n,560,510,2182326,309,4
3675,22+Makabak,466,537,2131544,2612,1
3676,%5B%2ACH%2A%5D+030,479,510,2094332,696,0
3677,Noble+B016,549,515,254189,4404,0
3678,Kobe+%2324,487,514,1342035,6155,9
3679,Jordan+%2323,475,522,1342035,454,0
3680,005+Noble,558,490,2057638,5637,0
3681,28+Triax,476,530,2131544,1859,5
3682,009,490,477,1682674,3834,8
3683,Pueblo+de+b%C3%A1rbaros,531,466,0,284,0
3684,Pueblo+de+bonificaci%C3%B3n,492,466,0,391,1
3685,Santiago+I,468,489,2183470,4404,0
3686,AB04+Noble,557,521,1598893,393,0
3687,005+Waldshut-Tiengen,549,471,1629978,4382,2
3688,Shiganshina,478,514,1613388,5348,0
3689,Norte+9,484,544,28243,8743,5
3690,005+Gengar,517,554,2112801,5915,0
3691,Noble+A018,496,550,2123065,4179,6
3692,024,474,507,1810435,5393,1
3693,.+Charqui+ahumado,500,460,2025956,7610,0
3694,wWwWwW,532,497,2129677,5805,4
3695,Pueblo+de+bonificaci%C3%B3n,509,558,0,433,4
3696,005+lanza,538,528,1488,1067,0
3697,022,449,501,311234,750,0
3698,024,507,485,784340,1619,1
3699,XI.+Ejercito+Maria+Pita,514,507,2122743,3194,4
3700,Pueblo+de+b%C3%A1rbaros,542,460,0,369,0
3701,Money,476,452,2121243,5261,6
3702,Noble,450,444,219369,8837,0
3703,Pueblo+de+b%C3%A1rbaros,526,529,0,338,0
3704,Nucleoide+IV,513,443,2032066,6602,7
3705,Extremoduro+1,551,492,2070095,3661,1
3706,042+Noble,469,508,2177696,1776,0
3707,Pueblo+de+b%C3%A1rbaros,552,469,0,476,0
3708,Heidy+018,539,484,2023202,5495,2
3709,pueblo+de+DRXSGO,470,475,2183616,5192,0
3710,Jordan+%2323,486,531,1342035,629,7
3711,Yellowcat+1.2,477,496,1613388,4948,3
3713,%7BSec4%7D+04+%7E+Orden+del+Kaos+%7E,524,445,141108,602,9
3714,0002+K44+Cegarro%3F%3F,458,462,2132828,9070,0
3715,Kobe+%2324,493,506,1342035,5001,6
3716,Pueblo+de+b%C3%A1rbaros,473,458,2121243,501,0
3717,FR+010,544,503,1898371,1760,0
3718,Pueblo+de+bonificaci%C3%B3n,511,478,0,470,3
3719,Pueblo+de+b%C3%A1rbaros,456,484,0,451,0
3720,Jordan+%2323,472,520,1342035,464,0
3721,Yumi,531,536,1259861,1434,1
3722,AZAZEL+017,451,510,1577451,351,0
3723,Grecia,506,445,2179989,6922,2
3724,Pueblo+de+bonificaci%C3%B3n,500,471,0,445,6
3725,1+.+Fantasmas.,553,512,2183642,9483,0
3726,Pueblo+de+b%C3%A1rbaros,550,483,2070095,1797,0
3727,Yonkone+001,546,467,2173364,3446,5
3728,0006,539,470,2095097,7841,8
3730,Pueblo+de+bonificaci%C3%B3n,519,516,0,543,6
3731,Estrecho+de+San+Carlos+-00-,519,477,800543,5184,8
3732,Pueblo+de+b%C3%A1rbaros,508,476,0,289,0
3733,Noble+007,535,496,2129677,9909,1
3734,Pueblo+de+b%C3%A1rbaros,475,516,0,356,0
3735,Pueblo+de+b%C3%A1rbaros,531,475,1958874,749,0
3736,%5B001%5D+Sinsangre,508,552,1535952,9616,1
3737,016+-+Noble,463,473,2179394,6917,4
3739,002+Noble,554,482,1666646,9569,8
3740,6.+Ceuta,514,502,2122757,505,1
3741,1.3+-+Hueco+Mundo,509,442,1734443,2865,0
3742,A006+Noble,540,535,1598893,5858,0
3743,025,474,512,1810435,1073,1
3744,Ciudad+de+Poca+Vida,538,544,2183797,659,0
3745,Pueblo+de+b%C3%A1rbaros,501,449,2090629,426,0
3746,0017+K44+Cegarro%3F%3F,457,469,2132828,2363,8
3747,Pueblo+de+bonificaci%C3%B3n,550,506,0,512,6
3748,Bizantino+II,451,517,1945137,5444,0
3749,41+shadesmar,472,531,2131544,768,7
3750,LCO+020,521,548,1586763,2911,9
3751,Nockmaar,539,505,1898371,10002,0
3752,061+Noble,459,493,2177696,1750,4
3753,0000,505,451,992825,869,9
3754,Norte+22,488,545,28243,2644,0
3755,AZAZEL+012,458,506,1577451,824,0
3756,005,534,539,2181101,6668,7
3757,%28A015%29+La+Casa+De+Chocolate,551,465,222751,8140,2
3758,Cerebral+Hybridization,533,448,835134,5528,0
3759,032+Noble,454,541,2177696,3332,0
3760,010+Blue+on+Black,495,439,1993222,5048,4
3761,LCO+009,518,559,1586763,8476,0
3762,062+-+Noble,468,449,2179394,8999,3
3763,-A10-+%2AAspirina%2A,489,561,862456,3774,0
3764,026,460,545,1810435,1905,2
3765,027,457,543,1810435,7868,8
3766,B%C3%A1rbaro,560,517,1545062,5833,0
3767,026+Noble,471,446,2127978,6613,0
3768,05+PeppyXenophillia,451,462,1912482,2890,3
3769,Pueblo+de+bonificaci%C3%B3n,559,508,0,600,6
3770,01+-+Gondor,454,555,1820940,9167,0
3771,Ronaldinho,438,509,2136214,3385,4
3772,LCO+005,529,554,1586763,9968,8
3774,008+-+ATLAS,439,512,1169034,10019,0
3776,PELIGRO+MARIPOSAS,534,553,2183483,2683,0
3778,004,502,561,2182271,2587,6
3780,pueblo+de+Cabe-22,477,442,965211,741,0
3781,Pueblo+de+b%C3%A1rbaros,441,487,1947487,3586,0
3782,09+PeppyXenophillia,450,466,1912482,1895,4
3783,Pueblo+de+bonificaci%C3%B3n,474,555,2059063,5309,5
3784,001.+ABUS,492,569,1678679,10087,0
3785,002+Fantasmas,550,536,2112801,4071,5
3786,aaaaaa,442,524,1783692,4750,8
3787,001+Noble,471,444,2127978,10436,0
3788,007+Noble,537,548,1747072,3915,0
3789,Nucleoide+III,512,441,2032066,7004,2
3790,Pueblo+de+b%C3%A1rbaros,545,458,0,307,0
3791,005,465,551,2172838,2329,6
3792,aaaaa,447,532,1783692,4356,4
3793,001+-+LA+GOZADERA,515,568,2182267,8036,0
3794,bbbbb,443,525,1783692,4161,2
3795,011+pueblo+de+Overground,437,498,311234,9138,0
3796,007,439,513,20451,6101,0
3797,Bmww+111,467,552,28243,3061,6
3798,001,496,435,1947566,9225,0
3799,006+Day+of+light,523,444,217192,3849,5
3800,bonificaci%C3%B3n,450,535,1320170,9616,8
3801,0001,454,553,1344475,10273,0
3802,015+Noble,557,477,1666646,818,0
3803,don+babas,562,506,2136006,493,3
3804,004_Oregano,562,491,1715991,993,7
3805,Maik002,462,545,2084332,10427,0
3806,Pueblo+de+b%C3%A1rbaros,559,512,0,399,0
3807,016+-+ABUS,440,486,1546340,3649,4
3808,Fantasma,558,517,891173,6735,5
3809,.Lsrncds,508,439,1963398,1931,0
3810,014+Noble,557,478,1666646,1090,0
3811,004+Buddhas+Family,461,548,2062192,6653,1
3812,Yonkone+007,547,460,2173364,542,9
3813,001+ferbarom.,473,569,3904,10955,0
3814,Pueblo+de+b%C3%A1rbaros,478,442,0,483,0
3815,Pueblo+de+bonificaci%C3%B3n,441,518,1945137,619,4
3816,A007+Noble,537,540,1994814,9856,0
3817,bbbbb,445,529,1783692,4450,2
3818,pueblo+de+GanjaMan4,542,545,1073867,581,0
3819,MIRADCOMOTIEMBLO%21%3A%29,542,547,2171983,7205,7
3820,006.+ABUS,487,573,1678679,8603,0
3821,007+Fraaan+kieremeeeeeee+traitor,513,440,1247466,1324,0
3822,003.+RICHAAAAAARDS%21%21%21,489,560,1889098,8056,4
3823,La+casa+del+Granjero,486,426,1796437,6299,0
3824,004+NOBLE,562,492,2177144,6283,2
3825,004-+CANELO,440,508,1766388,2548,1
3826,PAYENAII,483,497,1613388,4318,0
3827,Pueblo+de+b%C3%A1rbaros,466,447,0,403,0
3828,007,494,563,934653,9116,8
3829,PELIGRO+GARRAPATAS,518,560,2183483,9649,0
3830,%5B%2ACH%2A%5D+024,452,539,2094332,3728,2
3831,009,477,558,302869,2127,0
3832,010+Noble,559,482,1666646,2726,0
3833,Pueblo+de+bonificaci%C3%B3n,468,555,2059063,1998,5
3834,005+Noble,559,477,1666646,6490,2
3835,To+Hell+With+God,536,451,835134,8957,0
3836,Pueblo+de+b%C3%A1rbaros,562,507,0,469,0
3837,Parralandia,558,522,2183490,1392,8
3838,012,483,560,1344786,4924,9
3839,Umma,559,541,789512,3245,0
3840,LCO+025,527,556,1586763,1629,7
3841,Cucutras.,497,432,769012,6618,0
3842,14+Marat,485,559,2131544,6293,6
3843,aaaaa,447,533,1783692,4749,1
3844,004,490,572,2021767,7652,0
3845,056,476,557,1344786,928,0
3847,028,457,545,1810435,5569,2
3848,Torneo+sumo+Cell,429,511,1947487,4797,0
3849,Yonkone+004,549,463,2173364,762,0
3850,05.+Se%C3%B1or+Sosa,507,562,2090921,573,6
3851,006,495,563,934653,9313,0
3852,Pueblo+de+b%C3%A1rbaros,488,439,0,466,0
3853,editado,528,556,1148395,5228,5
3854,10+Coblenza,492,463,2137298,2652,0
3855,Pueblo+de+b%C3%A1rbaros,563,510,0,510,0
3856,005+%7EToXiC+PlAnTa%7E,438,498,1947487,4249,1
3857,0014+K44+Cegarro%3F%3F,448,467,2132828,6468,0
3858,028+-+Noble,462,450,2179394,7037,0
3859,018+Noble,460,450,2127978,7074,5
3860,Hristo+Stoichkov,438,510,2136214,8576,1
3861,003+Noble,474,443,2127978,10452,0
3862,Pueblo+de+b%C3%A1rbaros,466,552,2172838,584,0
3863,019.+ABUS,501,561,1678679,2547,7
3864,008,503,562,2133019,5189,2
3865,000,437,503,311234,9626,0
3866,076+Noble,451,540,2177696,1120,0
3867,LCO+016,526,556,1586763,3275,5
3868,008+solovisa,459,454,2071214,1199,8
3869,K55+Noble+002,506,562,934653,9428,0
3870,%5B%2ACH%2A%5D+036,450,536,2094332,803,7
3871,Kobe+%2324,496,514,1342035,8961,0
3872,IV.Vsgds,499,438,1963398,6084,9
3873,-A08-+%2ASertralina%2A,487,561,862456,4215,7
3875,06+PeppyXenophillia,450,464,1912482,2266,0
3876,N%C3%BAcleoide+II,516,440,2032066,6375,1
3877,03.+Crummy,562,510,2092609,828,0
3878,0019,460,546,1344475,728,0
3879,Pueblo+de+Ixius+0003,443,471,1814340,7135,7
3880,17+Vedenar,471,555,2131544,4006,1
3881,02+ariana,472,554,80335,9379,0
3882,Pueblo+de+b%C3%A1rbaros,560,520,2123609,1669,0
3883,Pueblo+de+bonificaci%C3%B3n,485,439,865857,4406,4
3884,007+-+Honor+a+Don+Alkimia,461,549,286637,3978,2
3885,04.,481,445,2124912,6161,0
3886,016+Crossing+Over,490,437,1993222,1904,0
3887,01.+Se%C3%B1or+Sosa,504,561,2090921,932,5
3888,002.+McLeod,563,495,2088603,3630,6
3889,Pueblo+de+b%C3%A1rbaros,509,562,0,314,0
3890,017,437,494,1595726,2496,0
3891,001+Pink+Floyd,557,475,2085697,6525,3
3892,004+Noble,470,445,2127978,10452,0
3893,014,438,493,1595726,2332,7
3894,-A06-+%2AGlipizida%2A,487,560,862456,5581,5
3895,004+solovisa,457,455,2071214,3353,0
3896,Pueblo+de+b%C3%A1rbaros,562,503,0,393,0
3897,Parralandia,559,523,2183490,650,5
3898,LEYENDA+BANDOLERO+ukuzivikela+ok,501,438,550454,2888,0
3899,016.+ABUS,500,561,1678679,7116,2
3900,%5B004%5D+O.o,469,452,278359,9744,0
3901,008+Noble,537,549,1747072,2623,0
3902,016+Noble,460,452,2127978,8979,8
3903,Sin+Identidad,487,438,865857,8363,0
3904,-A15-+%2ALorazepam%2A,490,563,862456,606,0
3905,006+%7EToXiC+PlAnTa%7E,437,502,1947487,3741,7
3906,09+Gabriel+Garcia,553,536,2128799,2982,7
3907,079+Noble,470,449,2127978,10287,0
3908,002+NOBLE,562,487,2177144,7653,8
3909,C015+Noble,514,560,1994814,9976,0
3910,IMBAZO+EBOMVU+3+ukuzivikela,498,436,550454,653,0
3911,Pueblo+de+bonificaci%C3%B3n,469,554,2059063,2509,1
3912,Pueblo+de+bonificaci%C3%B3n,482,440,865857,403,5
3913,MIRADCOMOTIEMBLO%21%3A%29,547,543,2171983,4876,0
3914,012,508,563,2133019,5218,8
3915,Don%27t+look+at+me.,485,450,2121243,8806,0
3916,Pueblo+de+b%C3%A1rbaros,443,476,1721928,1141,0
3917,PELIGRO+PULGAS,535,551,2183483,8951,2
3918,Yonkone+006,549,460,2173364,434,4
3919,074+Noble,469,446,2127978,10271,0
3920,0029+K44+Cegarro%3F%3F,455,457,2132828,920,0
3921,%28A014%29+Pueblo+Peligroso,553,464,222751,5690,4
3922,Joan+Gamper,437,510,2136214,1583,0
3923,Noble,533,447,2171938,8699,6
3924,033+-+Noble,459,453,2179394,5952,7
3925,002-+Honor+a+Don+Alkimia,463,549,286637,10160,0
3926,Pueblo3,560,515,1545062,1540,9
3927,001-+Honor+a+Dasteo,440,507,1766388,9981,0
3928,Pueblo+de+b%C3%A1rbaros,476,443,0,424,0
3929,RAN+I,528,444,866900,1780,3
3931,Pueblo2,561,518,1545062,3231,5
3932,009+y+no+me+presta+una+escoba,513,439,1247466,3234,2
3933,001+-+Noble,465,442,2179394,10448,0
3934,Pueblo+de+b%C3%A1rbaros,441,483,0,395,0
3935,Pueblo+de+bonificaci%C3%B3n,437,485,1989749,2028,9
3936,B003,468,447,2002238,761,6
3937,01+-+Un+euro+segarro%3F%21,441,537,2183448,10005,0
3938,Pueblo+de+b%C3%A1rbaros,444,525,1945137,1354,6
3939,005+Noble,502,436,2088720,4442,0
3940,07.La+Hormigonera,533,555,2181774,784,0
3941,002,438,503,1595726,9720,8
3942,Pueblo+de+bonificaci%C3%B3n,560,516,1905015,1107,3
3943,N+002+PIOLIN,469,433,2126523,10495,0
3944,Pueblo+de+bonificaci%C3%B3n,474,444,0,473,7
3945,02+PeppyXenophillia,448,463,1912482,5540,0
3946,Pueblo+de+bonificaci%C3%B3n,449,538,1571842,1350,7
3947,01.Feo,479,449,2124912,7297,0
3948,Algorithmic+Salvation,536,448,835134,5565,0
3949,B+02,555,531,2176985,1895,7
3950,%28A002%29+La+Mina+De+Oro,552,463,222751,10301,8
3951,103-001msc,448,534,2172761,10001,0
3952,Pueblo+de+b%C3%A1rbaros,484,562,0,675,0
3953,Noble+A012,544,546,254189,6221,9
3954,025+madera,498,563,934653,6782,1
3955,%2A+Jiru,508,464,2025956,7830,0
3956,Pueblo+de+b%C3%A1rbaros,521,560,0,440,0
3957,006,504,563,2133019,6448,4
3958,015+-+ABUS,440,485,1546340,7470,0
3959,Jan_002,548,543,1594692,8058,4
3960,005+Noble,461,538,2177696,9531,0
3961,029,451,537,1810435,1521,0
3962,Pueblo+de+bonificaci%C3%B3n,509,564,0,403,1
3963,Remain+Violent,538,452,835134,6822,0
3964,LCO+024,528,555,1586763,1939,0
3965,002+-+Maxbaires,446,466,2177759,9309,7
3966,Pueblo+de+bonificaci%C3%B3n,448,535,0,497,6
3967,003,505,563,2182271,6344,0
3968,Pueblo+de+b%C3%A1rbaros,474,557,0,563,0
3969,.Herraduras,509,438,1963398,8078,6
3970,070+Noble,467,448,2127978,10271,0
3971,%7BSec4%7D+02+%7E+Orden+Stormbreaker%7E,524,443,141108,3336,4
3972,010+solovisa,457,454,2071214,633,0
3973,005,442,479,2113964,2998,1
3974,Noble+105,507,438,1617970,7077,0
3975,Engineering+the+Antichrist,532,447,835134,8187,3
3976,027+Noble,470,446,2127978,5902,7
3977,pueblo+de+Rey+Viriato,521,558,1148395,6920,0
3978,Reloj+4,517,560,2182260,1825,0
3979,38.,476,442,2124912,799,3
3980,009,438,487,1595726,3540,3
3981,Jan_003,546,543,1594692,8597,0
3982,Noble+103,506,436,1617970,4444,2
3983,005,443,526,1783692,6409,8
3984,101,433,497,20451,8734,0
3985,0030+K44+Cegarro%3F%3F,454,457,2132828,954,1
3986,B001,466,446,2002238,8393,0
3987,062+Noble,450,540,2177696,1890,3
3988,08+PeppyXenophillia,447,464,1912482,6099,8
3989,060+-+Noble,463,447,2179394,10339,0
3990,Pueblo+de+b%C3%A1rbaros,471,556,0,474,0
3991,Pueblo+de+bonificaci%C3%B3n,559,476,0,664,7
3992,B000+Vecino+de+Kan0,471,443,2002238,8063,0
3993,Pueblo+de+b%C3%A1rbaros,562,496,0,555,0
3994,-A09-+%2AGlibenclamida+%2A,489,563,862456,3904,1
3995,Noble,530,444,2171938,8706,0
3996,010+-+Noble,467,447,2179394,9703,4
3997,MIRADCOMOTIEMBLO%21%3A%29,540,549,2171983,5966,8
3998,02pueblo+de+latiqu,515,561,2119635,8986,0
3999,Fort,443,475,1721928,2029,4
4000,15+PeppyXenophillia,443,472,1912482,6542,0
4001,Pueblo+de+Ixius+0001,444,472,1814340,9893,4
4002,003,519,440,2184213,3081,1
4003,004,558,529,2176985,8778,0
4004,Pueblo+de+b%C3%A1rbaros,441,519,0,475,0
4005,B004,464,447,2002238,933,6
4006,005+GrimEcho,561,517,1825930,7659,0
4007,Pueblo+de+b%C3%A1rbaros,561,483,0,324,0
4008,Pueblo+de+bonificaci%C3%B3n,562,514,0,342,9
4009,030,459,547,1810435,9322,0
4010,013.+Kishin+Es+B%C3%A1rbaro,490,562,1889098,1206,0
4011,008+%7EToXiC+PlAnTa%7E,438,501,1947487,3139,7
4012,007+solovisa,457,453,2071214,4295,0
4013,Pueblo+de+bonificaci%C3%B3n,551,460,0,257,6
4014,013+Noble,473,444,2127978,8075,3
4015,Kylan,437,483,2142901,9429,0
4016,006,558,528,2176985,4387,0
4017,008+me+pide+que+limpie,517,439,1247466,649,7
4018,005+Noble,537,553,1747072,6247,8
4019,3.+SpaceJam,511,564,2182261,6779,0
4020,aaaaaa,443,527,1783692,4548,0
4021,Living+Monstrosity,535,448,835134,5792,6
4022,0007+K44+Cegarro%3F%3F,452,460,2132828,9797,0
4023,Pueblo4,561,515,1545062,1156,1
4024,Pueblo+de+bonificaci%C3%B3n,564,501,0,489,7
4026,Animal%2C+Man...+Machine,539,450,835134,5767,0
4027,%28A016%29+Eclipse+Lunar,553,463,222751,5384,5
4028,LCO+013,519,560,1586763,6938,0
4029,Noble+C001,513,561,2123065,6539,8
4030,003,495,530,2102310,9975,0
4031,Pueblo+de+b%C3%A1rbaros,555,468,0,377,0
4032,SAN+JUDAS,563,503,1985704,1658,5
4033,001+Getafuen,476,560,302869,9714,0
4034,Pueblo+de+b%C3%A1rbaros,551,461,0,474,0
4035,007+Armon%C3%ADa,558,476,912352,6180,4
4036,Poni+02,453,540,804111,8544,0
4037,Pueblo+de+b%C3%A1rbaros,464,553,0,414,0
4038,019+Noble,468,446,2127978,6959,5
4039,Deus+Deceptor,536,447,835134,6460,9
4040,05.GOL.D+ROGER,451,542,1571842,10475,0
4041,Noble+A003,543,545,254189,7517,6
4042,06pueblo+de+Spiderman,538,552,2119635,9176,0
4043,015+Noble,463,448,2127978,9202,9
4044,B002,464,446,2002238,6556,0
4045,002.d,437,514,20451,7760,5
4046,103,435,494,20451,5655,8
4047,12+PeppyXenophillia,445,468,1912482,6086,0
4048,Pueblo+de+Alexran+01,525,440,866900,663,0
4049,PELIGRO+SALTAMONTES,536,552,2183483,9282,2
4050,005+Conservaci%C3%B3n,562,485,912352,6889,6
4051,004,442,527,1783692,7161,0
4052,004.+McLeod,565,491,2088603,9722,2
4053,008+Noble,453,539,2177696,7845,0
4054,007,542,453,2174905,5077,8
4055,Don+-002-,482,560,2145649,6302,0
4056,004-mo17,561,521,183045,2646,5
4057,063+Noble,456,545,2177696,1640,6
4058,Alameda+5,512,563,2182260,3236,0
4059,017+-+ABUS,438,490,1546340,3679,9
4060,Pueblo+de+b%C3%A1rbaros,550,460,0,326,0
4061,Simulated+Reality,537,448,835134,5771,0
4062,006+fran+no+m+kiere,511,438,1247466,1774,9
4063,Maik009,476,538,2084332,10348,0
4064,Pueblo+de+b%C3%A1rbaros,561,481,0,509,0
4065,04+PeppyXenophillia,450,463,1912482,2767,4
4066,888004,529,441,11565,9056,8
4067,003+FAVOLE,554,448,2014236,5208,0
4068,Pueblo+de+bonificaci%C3%B3n,482,438,865857,1906,5
4069,003+Geta,477,560,302869,5426,6
4070,0003,455,535,1344475,10729,0
4071,003+DAMN,459,551,1577451,9188,5
4072,Endurance,556,534,1907385,9756,8
4073,005+Syntophia,526,440,217192,8433,0
4074,Pueblo+de+bonificaci%C3%B3n,442,470,1814340,2365,7
4075,Manuel07,441,478,2113964,8297,0
4076,Pueblo+de+b%C3%A1rbaros,447,535,0,451,0
4077,Vinebre+05,564,504,2136006,6268,1
4078,Benimaru+Tempes,451,458,1156788,4847,0
4079,pueblo+de+kamka,563,515,1786798,2863,2
4080,TA+TE+TI,526,558,1148395,5177,8
4081,How+Can+You+Call+Yourself+a+God,538,449,835134,7186,0
4082,N004,561,519,2123609,2984,1
4083,006.+Yo+Soy+Kishin,502,563,1889098,6243,7
4084,%5B006%5D+z%2FOS,558,472,2181891,7251,0
4085,Pueblo+de+b%C3%A1rbaros,526,560,0,373,0
4086,004,506,565,2133019,6920,6
4087,LCO+022,524,560,1586763,1802,5
4088,005,541,451,2174905,5607,0
4089,Pueblo+de+b%C3%A1rbaros,507,564,0,340,0
4090,008,435,500,311234,7236,9
4091,Heidy+017,563,499,2023202,4829,4
4092,%5B022%5D+O.o,440,481,278359,8140,0
4093,031,455,544,1810435,1301,3
4094,007+Noble,456,537,2177696,6913,0
4095,Pueblo+de+b%C3%A1rbaros,438,486,1947487,3488,0
4096,bbbbb,443,530,1783692,4039,2
4097,009+%7EToXiC+PlAnTa%7E,435,497,1947487,4152,3
4098,pueblo+de+Valeera,565,502,1786798,9142,0
4099,Vostok,557,533,1907385,2717,0
4100,I%27ll+Show+You+God,539,449,835134,6050,1
4101,-A03-+%2AAmlodipino%2A,488,562,862456,9041,0
4102,La+Juani+1,537,554,432074,3197,0
4103,006-mo17,563,518,183045,731,1
4104,055+-+Noble,465,447,2179394,10339,0
4105,053,472,559,1344786,1424,0
4106,Pueblo+de+bonificaci%C3%B3n,470,556,2059063,2459,1
4107,Noble,458,452,219369,7012,0
4108,Noble,438,519,1390210,6169,3
4109,vinebre+06,565,504,2136006,7244,0
4110,%7BSec1%7D12%7E+Orden+de+Puebla+A%C3%B1il+%7E,515,437,141108,4104,0
4111,009+Autonom%C3%ADa,562,482,912352,4464,7
4112,002,502,566,2182271,6899,5
4113,pueblo+de+Iban,472,556,2059063,9677,0
4114,014,439,478,2113964,2661,0
4115,aaaa,442,529,1783692,4696,5
4116,%28A013%29+Cuartel+Barbaro,553,462,222751,5387,5
4117,004+The+Last+Of+Us,561,523,1825930,9643,0
4118,STCG,501,436,813,1695,0
4119,Pueblo+de+bonificaci%C3%B3n,556,530,2091224,982,6
4120,002+Dizzy+moments,525,442,217192,6668,4
4121,010+Noble,449,536,2177696,10178,0
4122,013+Rial+OrDeN,479,440,1124356,2180,2
4123,022+Noble,473,442,2127978,6960,5
4124,005+solovisa,456,454,2071214,4742,0
4125,0000,503,436,992825,5822,7
4126,009+Noble,456,532,2177696,7390,0
4127,Pueblo+de+b%C3%A1rbaros,438,523,1546340,1034,0
4128,Pueblo+de+bonificaci%C3%B3n,562,513,0,362,9
4129,0000,488,436,992825,8398,0
4130,008+DAMN,457,547,1577451,2387,0
4131,011+-+ABUS,437,499,1546340,3679,6
4132,Noble,531,442,2171938,9634,1
4133,PELIGRO+CUCARACHAS,535,553,2183483,8585,0
4134,009+solovisa,455,452,2071214,1211,5
4135,010,507,565,2133019,6781,3
4136,Sigurd+Ragnarsson,557,531,1535952,6989,0
4137,Noble,451,455,219369,3202,2
4138,007+Noble,555,467,1666646,4510,8
4139,06.Mas+sus+%C3%BAltimas+palabras...,442,525,1571842,10475,0
4140,E025+Noble,565,505,1994814,5557,5
4141,017+rrss,496,566,934653,7505,8
4142,003.+McLeod,565,492,2088603,9407,0
4143,008,496,564,934653,8348,8
4144,018,487,563,1344786,4453,5
4145,07+PeppyXenophillia,447,460,1912482,7490,0
4146,032+-+Noble,459,452,2179394,5624,6
4147,003-almacen,434,503,2083788,5795,9
4148,03+PeppyXenophillia,449,462,1912482,4412,0
4149,PUEBLO+DIABLO+ingwe,506,435,550454,7659,2
4150,Fantasma,551,542,891173,9994,0
4151,Pueblo+de+b%C3%A1rbaros,450,542,1571842,906,0
4152,005.+Kishin+No+Se+Arrodilla,491,565,1889098,6434,3
4153,Noble+A002,546,546,254189,8487,8
4154,005+Honor+a+Nail,512,564,2182271,6588,0
4155,%7BSec1%7D+16+%7E+Orden+de+Graagoon+%7E,508,437,141108,2176,0
4156,Parralandia,559,525,2183490,457,5
4157,018+Rial+Von,478,440,1124356,7760,1
4158,Club+tigre+01,485,437,554260,5211,0
4159,Pueblo+de+b%C3%A1rbaros,440,523,1546340,1320,0
4160,005+Welcome+to+the+Circus,487,437,1993222,8729,3
4161,056+-+Noble,468,452,2179394,10345,0
4162,005+DAMN,456,548,1577451,9655,1
4163,002+Elorrixo+B,467,555,1845090,7300,2
4164,baba,566,502,1786798,10421,0
4165,%5B%2ACH%2A%5D+023,449,542,2094332,4003,2
4166,%7BSec1%7D+04+%7E+Orden+de+Framonteu+%7E,510,435,141108,8839,0
4167,Noble+102,505,436,1617970,5651,5
4168,002+DAMN,458,550,1577451,9214,0
4169,Noble,439,516,1390210,7957,8
4170,Pueblo+de+bonificaci%C3%B3n,559,475,0,602,7
4171,Noble+A005,545,548,254189,7800,0
4172,Pueblo+de+b%C3%A1rbaros,467,446,0,513,0
4173,000+Jorge+Cafrune,558,474,2085697,7145,9
4174,Don+-004-,483,561,2145649,10495,0
4175,Starship,556,533,1907385,2650,0
4176,005,438,514,20451,8000,4
4177,Pueblo+de+bonificaci%C3%B3n,565,508,2114370,1156,9
4178,102,436,496,20451,8731,0
4179,Noble,532,445,2171938,8515,0
4180,Pueblo+de+bonificaci%C3%B3n,565,510,0,276,1
4181,004,438,479,2113964,2986,3
4182,007+pueblo+de+Drox,436,497,311234,9877,0
4183,009,506,564,2133019,4477,0
4184,003+Noble,560,476,1666646,9177,8
4185,pueblo+de+kamka,564,515,1786798,2787,6
4186,16+PeppyXenophillia,441,473,1912482,5556,0
4187,009,438,515,20451,3104,6
4188,pueblo+de+Drake31,435,495,1947487,5715,0
4189,Pueblo+de+b%C3%A1rbaros,490,565,2121468,1722,0
4190,Pueblo+de+bonificaci%C3%B3n,565,513,0,367,2
4191,003+Elorrixo+H,465,555,1845090,7339,3
4192,pueblo+de+Vaughn+Roob32,554,466,2180533,6014,0
4193,Pueblo+de+b%C3%A1rbaros,483,439,0,420,0
4194,Pueblo+de+bonificaci%C3%B3n,482,437,865857,924,7
4195,Bastion,533,557,1997833,2231,2
4196,N004+Insulina,489,565,1587053,9664,0
4197,Pueblo+de+b%C3%A1rbaros,556,466,0,432,0
4198,Jan_006,522,561,1594692,3368,5
4199,Don+-003-,483,562,2145649,5463,0
4200,035,470,558,1344786,1744,6
4201,P02,547,455,2174905,4166,0
4202,009+Noble,534,445,2181476,4540,0
4203,PELIGRO+PIOJOS,531,559,2183483,1252,2
4204,Fantasma,550,541,891173,9941,0
4205,Pueblo+de+b%C3%A1rbaros,502,434,2103338,1636,0
4206,001,505,564,2133019,8663,5
4207,001+Buddhas+Family,455,545,2062192,10495,0
4208,Pueblo+de+b%C3%A1rbaros,476,440,0,361,0
4209,002-almacen,433,502,2083788,6618,9
4210,011+solovisa,457,450,2071214,4042,0
4211,Pueblo+de+b%C3%A1rbaros,515,564,0,571,0
4212,003,505,565,2133019,7760,3
4213,Noble+A010,544,548,254189,7332,0
4214,006,435,505,1595726,5851,0
4215,Noble+A011,546,547,254189,9754,7
4216,024+Noble,473,441,2127978,6956,5
4217,005,502,564,2133019,8651,0
4218,007-mo17,564,518,183045,728,2
4219,016,438,478,2113964,7151,0
4220,044.+ABUS,493,564,1678679,1265,0
4221,034+-+Noble,459,449,2179394,5385,7
4222,13+PeppyXenophillia,443,470,1912482,7761,0
4223,026+-+Noble,458,451,2179394,7313,8
4224,pueblo+de+AFKEterno,514,564,2182267,7461,0
4225,Raptor,556,535,1907385,2890,0
4226,013+Embutido+Lechero,437,513,888810,5599,2
4227,Noble+A004,545,547,254189,8337,0
4228,013+-+Noble,465,444,2179394,5897,4
4229,Velkhar,441,477,2113964,7304,0
4230,%7BSec1%7D+06+%7E+Orden+de+Legrand+%7E,511,435,141108,8210,6
4231,%5B%2ACH%2A%5D+005,452,543,2094332,10475,0
4232,06+Thaylen,467,556,2131544,7350,9
4233,Jan_005,549,544,1594692,3242,3
4234,004+Noble,465,544,2177696,7243,0
4235,4.+Tazz,512,565,2182261,1748,0
4236,006+Ruina,562,481,912352,7660,2
4237,011,558,470,784340,2791,4
4238,Noble,438,517,1390210,10109,0
4239,018,439,475,2113964,1365,0
4240,Pueblo+de+bonificaci%C3%B3n,565,499,0,400,5
4241,Pueblo+de+bonificaci%C3%B3n,565,514,1905015,637,6
4242,Pueblo+de+b%C3%A1rbaros,566,495,0,366,0
4243,001,561,527,2176985,7143,1
4244,Club+tigre+05,489,436,554260,2691,0
4245,Pueblo+de+bonificaci%C3%B3n,485,436,865857,422,2
4246,032,455,538,1810435,7764,0
4247,%7BSec1%7D+10%7E+Orden+de+Las+Dalias+%7E,510,434,141108,5707,9
4248,011,545,455,2174905,921,5
4249,-A02-+%2AEnalapril%2A,476,562,862456,7328,0
4250,Pueblo+de+bonificaci%C3%B3n,449,539,1571842,1668,7
4251,PELIGRO+GAMUSINOS,529,560,2183483,1337,1
4253,Tsushima+07%23,566,508,2114370,2002,0
4254,Pueblo+de+bonificaci%C3%B3n,562,477,2101846,6699,6
4255,001+Elorrixo,467,554,1845090,9835,0
4256,031+-+Noble,460,448,2179394,5623,0
4257,aaaaaa,440,525,1783692,4527,8
4258,Pueblo+de+bonificaci%C3%B3n,552,460,0,640,4
4259,%5B003%5D+.BudoKai.,546,453,1898371,8044,0
4260,008,559,469,784340,967,0
4261,Noble+006,532,557,2124934,2572,9
4262,004+Washed+Up+Player,434,513,2177554,1566,0
4263,Pueblo+de+b%C3%A1rbaros,565,485,2101846,8661,0
4264,PELIGRO+PUDENTAS,535,554,2183483,3276,5
4265,Pueblo+de+bonificaci%C3%B3n,548,455,0,395,6
4266,001,473,568,23632,9725,0
4267,B+01,561,524,2176985,2269,0
4268,Jan_009,522,563,1594692,554,7
4269,005,435,502,1595726,10252,0
4270,Jan_008,523,560,1594692,935,0
4271,Pueblo+de+bonificaci%C3%B3n,564,511,0,418,7
4272,025+Noble,468,443,2127978,7072,5
4274,Pueblo+de+bonificaci%C3%B3n,547,453,0,676,7
4275,PAPU+2,441,475,999986,1700,2
4276,019+gotas,492,566,934653,7845,0
4277,Pueblo+de+bonificaci%C3%B3n,524,438,0,482,7
4278,Distancia+%3A%29+07,520,437,2031095,1134,6
4279,Pueblo+de+b%C3%A1rbaros,476,439,0,351,0
4280,MIRADCOMOTIEMBLO%21%3A%29,541,552,2171983,3637,6
4281,El+abuelaso+de+Leo,508,430,1865755,1161,0
4282,011,438,476,2113964,2592,0
4283,%7BSec1%7D+09+%7E+Vae+Victis+%7E,509,434,141108,9092,4
4284,007+Remember+Everything,485,435,1993222,5280,4
4285,Noble+003,530,558,2124934,4810,0
4286,Pueblo+de+b%C3%A1rbaros,465,446,0,478,0
4287,003,436,504,1595726,9844,3
4288,Noble,454,453,219369,1271,1
4289,PELIGRO+ARA%C3%91AS,536,555,2183483,9248,0
4290,Noble+A007,543,549,254189,5974,6
4291,Maik008,429,489,2084332,10178,0
4292,Pueblo+de+bonificaci%C3%B3n,561,475,0,648,7
4293,005,491,575,2021767,6129,0
4294,063+-+Noble,464,444,2179394,2530,0
4295,Mindless+Omnipotent+Master,540,449,835134,5922,3
4296,N014,486,564,1587053,2252,7
4297,N002+Sintrom,485,564,1587053,10481,0
4298,027+cuadra,496,567,934653,5852,6
4299,%5B007%5D+VSE,556,467,2181891,5912,0
4300,018+-+ABUS,435,487,1546340,3644,5
4301,Noble,437,518,1390210,7282,3
4302,012+Buddhas+Family,468,537,2062192,10362,0
4303,Pueblo+de+b%C3%A1rbaros,465,556,0,649,0
4304,011.-GALLEGO,555,463,1471280,492,2
4305,009,558,469,784340,1316,6
4306,%7BSec1%7D+11+%7E+Muro+de+Diegolapac+%7E,516,435,141108,4875,0
4307,Pueblo+de+b%C3%A1rbaros,539,446,0,367,0
4308,007,505,566,2133019,6280,1
4309,008+babason.co,475,439,2134563,3787,2
4310,Pueblo+de+b%C3%A1rbaros,444,536,240304,1541,0
4311,La+casa+del+Granjero,489,434,1796437,1372,0
4312,003+Amaro+Salvador,458,549,2062192,7298,4
4313,Kobe+%2321,497,505,1342035,9432,0
4314,don+babas,566,504,2136006,377,9
4315,010.-GALLEGO,558,466,1471280,590,3
4316,003+BigHeart.,479,438,2134563,9704,0
4317,007+NOBLE,560,475,2177144,4323,3
4318,008+Rial+OrDeN,478,436,1124356,2940,6
4319,Kobe+%2324,496,525,1342035,8480,0
4320,007+DAMN,459,552,1577451,3070,0
4321,012+Noble,562,475,1666646,2138,9
4322,12+-+El+Reino+de+los+Bosques,470,531,1820940,8318,0
4323,064+Noble,448,543,2177696,1843,3
4324,005.+McLeod,567,492,2088603,9162,4
4326,IMBAZO+EBOMVU+2+ukuzivikela,498,435,550454,837,0
4327,FRENTE+ATLETI+1982,436,516,1980096,8731,2
4328,1.+Estados+Pontificios,521,498,2122757,8151,0
4329,002,437,477,2113964,7125,3
4330,012+-+ABUS,434,488,1546340,3591,1
4331,pueblo+de+alba,434,494,1857509,935,0
4332,003-mo17,564,520,183045,2663,0
4333,004+-+MI+CARRO,515,566,2182267,2142,6
4334,Merluza,500,566,2133518,7114,0
4335,Noble+A009,545,549,254189,5013,7
4336,000.+McLeod,565,498,2088603,3414,5
4337,013+Battle+Born,487,436,1993222,5334,0
4338,Demoni+015,440,468,2067012,9426,0
4339,Tu+coraz%C3%B3n,535,558,1173630,4866,3
4340,Noble,438,518,1390210,5873,5
4341,888001,529,439,11565,9777,0
4342,006+Noble,532,556,1747072,3611,6
4344,004+Bad+Company,486,434,1993222,9569,2
4345,0000,508,436,992825,6127,4
4346,006.+McLeod,566,490,2088603,4216,0
4347,MIRADCOMOTIEMBLO%21%3A%29,540,552,2171983,3285,0
4348,Error+403,457,449,2127652,323,2
4349,019+-+ABUS,433,492,1546340,3714,9
4350,Pueblo+de+b%C3%A1rbaros,560,474,0,198,0
4351,Noble+A008,547,547,254189,8468,5
4352,pueblo,431,504,1980096,4521,0
4353,Distancia+%3A%29+05,521,438,2031095,1434,5
4354,002+-+Luisana,554,539,1549959,5868,1
4355,pueblo+de+SurpriseFk,549,456,2047436,3771,0
4356,B+04,563,524,2176985,1487,0
4357,Celeste,533,556,1997833,2921,4
4358,pueblo+de+kamka,565,516,1786798,5035,4
4359,Noble+Fantasma+007,555,539,1905015,9489,0
4360,004+DAMN,456,551,1577451,9126,2
4361,002,561,528,2176985,7709,3
4362,003+Cicada,521,442,217192,6037,0
4363,006,495,433,2142802,5101,0
4364,007.-GALLEGO,560,472,1471280,1466,6
4366,Gran+Canaria...002,505,433,2032066,6435,0
4367,010+%7EToXiC+PlAnTa%7E,432,497,1947487,3328,6
4368,005+Lanza+Larga+02,431,499,311234,8705,0
4369,Pueblo+de+b%C3%A1rbaros,564,477,0,434,0
4370,022+-+Noble,461,445,2179394,6633,4
4371,009+Small+Alarms,522,439,217192,1599,6
4372,001+DAMN,457,551,1577451,9946,0
4373,bbbb,441,531,1783692,4260,0
4374,Pueblo+de+bonificaci%C3%B3n,483,564,0,438,7
4375,BSR+Chemamecha,446,539,1320170,9484,0
4376,021+Noble,472,440,2127978,7094,9
4377,000+Buddhas+Family,459,549,2062192,10559,0
4378,Pueblo+de+b%C3%A1rbaros,565,517,0,747,0
4379,%5B007%5D+.BudoKai.,546,454,1898371,9269,5
4380,010,559,472,784340,7361,8
4381,Tu+alma,536,564,1173630,5153,0
4382,042,477,564,1344786,1766,0
4383,Pueblo+de+bonificaci%C3%B3n,565,509,2114370,403,7
4384,Pueblo+de+bonificaci%C3%B3n,529,559,0,479,9
4386,Noble,434,514,1390210,10106,1
4387,Pueblo+de+bonificaci%C3%B3n,542,450,0,590,9
4388,008+-+Maxbaires,444,463,2177759,2224,0
4389,FRENTE+ATLETI+1982,436,520,1980096,6715,8
4390,013,434,484,1595726,2674,7
4392,004+Roca+Dragon,539,444,164,5418,4
4393,009,474,560,1344786,5025,2
4394,Pueblo+de+b%C3%A1rbaros,433,510,0,305,0
4395,Pueblo+de+b%C3%A1rbaros,491,566,2121468,3412,0
4396,GyP002,567,488,2057638,9033,4
4397,02.+%3A%28%3A,483,446,2124912,6044,0
4398,Pueblo+de+bonificaci%C3%B3n,549,455,0,412,6
4399,06.Valhala,536,556,2181774,2351,0
4400,002+Darkness+Settles+In,490,433,1993222,10208,1
4401,Leo+Messi,435,512,2136214,9835,3
4402,Igual+que+el+de+arriba,530,560,1440028,1442,0
4403,Pueblo+de+b%C3%A1rbaros,521,561,0,366,0
4404,0.7+-+Sode+no+Shirayuki,506,434,1734443,6861,7
4405,001-,509,447,2087974,9993,0
4406,010,438,475,2113964,2398,0
4407,008.-GALLEGO,553,458,1471280,1140,8
4408,Vinebre+01,567,506,2136006,9638,8
4409,Arg%C3%B3n,433,498,769552,731,0
4410,014+Noble,461,448,2127978,9117,9
4411,%28A004%29+Pueblo+Barato,554,463,222751,10301,0
4412,Pueblo+de+b%C3%A1rbaros,509,567,0,391,0
4413,015+Rial+Von,478,439,1124356,5985,9
4414,012+Pretty+Maids,561,474,2085697,1464,2
4416,007+Noble,533,442,2181476,2707,7
4417,Bmww+1,467,550,28243,9278,0
4418,011,506,567,2133019,4701,2
4419,Pueblo+de+bonificaci%C3%B3n,556,463,0,427,4
4421,Pueblo+de+b%C3%A1rbaros,550,453,0,351,0
4422,003,437,475,2113964,5670,9
4423,007+-+Maxbaires,443,465,2177759,3240,0
4424,008.+McLeod,567,489,2088603,9891,2
4425,Rihuelo+02,518,564,2182260,3877,4
4426,95+Venus,551,479,2049063,5318,0
4427,Pueblo+de+b%C3%A1rbaros,448,540,1571842,1346,0
4428,012+Noble,468,442,2127978,10236,9
4429,014.+ABUS,493,565,1678679,6056,0
4430,Noble+A006,547,548,254189,7293,0
4431,03tanos,546,548,2119635,7523,4
4432,002+Longaniza+Proteica,434,511,888810,9809,4
4433,Noble,510,431,1657363,8216,0
4434,Pueblo+de+b%C3%A1rbaros,502,433,2103338,5604,0
4435,Pueblo+de+bonificaci%C3%B3n,549,453,0,339,7
4436,Pueblo+de+bonificaci%C3%B3n,566,482,2101846,10272,8
4437,005-mo17,565,521,183045,3988,0
4438,001,437,473,2113964,8945,2
4439,004-Moyete,536,558,2132944,663,2
4440,Pueblo+de+b%C3%A1rbaros,468,559,2172838,768,0
4441,FRENTE+ATLETI+1982,436,521,1980096,4361,5
4442,pueblo+de+narrow,435,488,1897732,205,0
4443,%5BA%5D+005+El+favorito+de+tu+novia,449,545,1833730,6020,0
4444,011+Noble,471,441,2127978,9680,8
4445,PEGASUS+005,563,526,2083885,4032,6
4446,002+-+ABUS,433,486,1546340,6754,0
4447,Parralandia,556,537,2183490,8322,8
4448,Esparta+004,445,459,779531,1164,5
4449,005+NOBLE,564,479,2177144,4587,0
4450,Pueblo+de+b%C3%A1rbaros,538,446,0,359,0
4451,001,493,432,2142802,8048,2
4452,002+CANELO,430,527,1233516,8743,0
4453,002,493,433,2142802,7439,0
4454,013.+ABUS,493,567,1678679,6055,7
4455,Pueblo+de+bonificaci%C3%B3n,446,538,240304,683,2
4456,0000,510,433,992825,7921,0
4457,009+-+Maxbaires,444,460,2177759,1587,0
4458,009+Shiro+Mizunami,439,470,2142222,8309,1
4459,W103+-+003+jose553,542,552,2140502,5141,0
4460,Pueblo+de+b%C3%A1rbaros,445,540,240304,917,0
4461,Distancia+%3A%29+09,521,436,2031095,528,7
4462,pueblo+de+Cheguy,515,444,2032066,4794,0
4463,028+babababa,496,568,934653,5712,0
4464,Ivar+Ragnarsson,560,531,1535952,7672,8
4465,MUNDO+103,560,467,1948158,1343,0
4466,.04,546,549,2179029,2991,0
4467,Distancia+%3A%29+08,518,434,2031095,1329,9
4468,004,543,449,2174905,6872,0
4469,888006,526,437,11565,4455,5
4470,Pueblo+de+b%C3%A1rbaros,515,465,0,797,0
4471,Pueblo+de+bonificaci%C3%B3n,565,484,2101846,10459,6
4472,Tu+Recuerdo,438,470,2113964,5445,0
4473,%7BSec1%7D+15+%7E+Orden+de+la+Plata+%7E,508,433,141108,5567,3
4474,002+Marvabiscuit,514,430,1247466,8712,0
4475,Suerte+en+el+Casual,470,439,2054225,679,0
4476,error+500,458,447,2127652,1327,2
4477,014+Embutido+Supremo,435,514,888810,5686,2
4478,Pueblo+de+b%C3%A1rbaros,465,558,0,559,0
4479,Pueblo+de+b%C3%A1rbaros,523,562,1148395,1081,5
4480,008+-+ABUS,433,493,1546340,6518,0
4481,0027+K44+Cegarro%3F%3F,448,458,2132828,1146,0
4482,cadiz003,508,567,267903,462,6
4483,Constantina,519,564,2182260,5633,0
4484,Shizue+Izawa,449,456,1156788,1384,1
4485,%7BSec1%7D+02+%7E+Orden+de+la+Luna+%7E,514,434,141108,8623,0
4486,%5B%2ACH%2A%5D+042,462,557,2094332,986,0
4487,007,563,527,2176985,4364,5
4488,Noble,535,440,2171938,9745,0
4489,002+Rohan,543,450,96667,1286,9
4490,FRENTE+ATLETI+1982,433,503,1980096,2930,7
4491,Pueblo+de+b%C3%A1rbaros,543,447,0,1317,0
4492,.02,550,548,2179029,4442,0
4493,Pueblo+de+bonificaci%C3%B3n,435,479,2048893,380,7
4494,003,498,568,934653,8726,8
4495,pueblo+de+antoniobegona,458,555,88807,940,0
4496,Pueblo+de+b%C3%A1rbaros,432,494,1546340,1568,0
4497,Pueblo+de+bonificaci%C3%B3n,568,511,0,456,7
4498,002-mo17,563,523,183045,3890,4
4499,vwv,485,433,2179030,249,0
4500,bbbb,438,525,1783692,3918,6
4501,Heidy+019,563,473,2023202,3954,4
4503,Jan_004,549,545,1594692,3126,0
4504,046+Varamar,544,447,164,397,2
4505,Distancia+%3A%29+04,522,435,2031095,1553,6
4506,pueblo+de+COSOC,440,471,2048893,4996,0
4507,001+Ganamos%2C+w38,447,543,1420391,1121,6
4508,La+casa+del+Granjero,491,433,1796437,4356,3
4509,RUUD+-+002,511,567,2182267,7359,0
4510,Miau+07,545,551,1714244,7161,0
4511,Distancia+%3A%29+03,520,435,2031095,1699,3
4512,Villena,563,474,2179847,4181,0
4513,008+Adiace,532,439,2005788,2739,0
4514,069+-+Noble,462,444,2179394,2127,1
4515,%7BSec1%7D+05+%7E+Orden+del+Temple+%7E,513,432,141108,9823,4
4516,yanyA%21%21%21,556,514,1173630,10257,0
4517,PUEBLO+OBRERO,524,562,1148395,3819,8
4519,006+-+ABUS,432,499,1546340,6225,2
4520,F010,500,568,1587053,7703,4
4521,Bj%C3%B6rn+Ragnarsson,559,533,1535952,7952,0
4522,Pueblo+de+b%C3%A1rbaros,443,536,240304,1314,0
4523,Geld+Tempes,445,461,1156788,2803,4
4524,017+Rial+Von,474,438,1124356,7334,8
4526,bbbb,436,526,1783692,4325,3
4527,pueblo+de+Nilhathak,511,566,2182267,6581,0
4528,Pueblo+de+bonificaci%C3%B3n,569,506,0,562,9
4529,%5B%2ACH%2A%5D+009,459,553,2094332,5796,2
4530,Suerte+en+el+Casual,469,441,2054225,2573,0
4531,Pueblo+de+bonificaci%C3%B3n,520,566,2182398,635,7
4533,Noble,453,453,219369,1164,0
4534,010+-+ABUS,493,566,1678679,6688,9
4535,006+Longaniza+Venenosa,432,513,888810,7364,7
4536,pueblo+de+Travels,464,443,2112320,714,0
4537,bbbbb,436,525,1783692,4325,0
4538,001+Longaniza+Tiesa,433,511,888810,9809,3
4539,Noble,537,442,2171938,5732,3
4540,003+Wrong+Side+of+Heaven,487,433,1993222,10228,0
4541,Pueblo+de+b%C3%A1rbaros,560,466,0,421,0
4542,Pueblo+de+bonificaci%C3%B3n,436,481,1989749,470,4
4543,Medio+1,474,550,28243,9739,0
4544,025-Probando,454,450,1317137,439,0
4545,003,492,433,2142802,6572,6
4546,888007,529,438,11565,6657,0
4547,Pueblo+de+bonificaci%C3%B3n,431,505,1980096,3141,2
4548,Distancia+%3A%29+01,521,434,2031095,8988,0
4549,010+-+Maxbaires,446,461,2177759,1237,7
4550,Hvits%C3%A4rk+Ragnarsson,561,532,1535952,1070,6
4551,01+VARIEL81,462,555,80335,8970,0
4552,011+Azrael,559,468,2085697,2416,1
4553,002,503,564,2133019,8768,0
4554,Pueblo+de+b%C3%A1rbaros,527,562,0,851,0
4555,%5B%2ACH%2A%5D+004,457,554,2094332,9279,9
4556,Pueblo+de+b%C3%A1rbaros,507,567,0,250,0
4557,003+-+Dream,553,541,1549959,3384,6
4558,%5B%2ACH%2A%5D+034,461,556,2094332,920,2
4559,006+DAMN,458,553,1577451,8806,0
4560,Demoni+014,440,470,2067012,9189,0
4561,002+Adiace,529,437,2005788,4669,3
4562,004,434,505,1595726,9646,3
4563,003,468,561,2172838,7551,0
4564,Pueblo+de+b%C3%A1rbaros,566,478,2101846,4395,0
4565,Noble,533,440,2171938,4147,7
4566,pueblo+de+satan-as,435,482,1469587,3115,0
4567,013,435,476,2113964,2546,7
4568,Lanza+Larga+03,429,499,2136315,3523,0
4569,009,436,473,2113964,2361,7
4570,014+Welcome+to+the+Circus,485,434,1993222,8274,0
4571,102-bonus,432,502,2083788,6826,8
4572,pueblo+de+Rinoceronte,436,480,2063906,4022,0
4573,5.+Gaucha,514,567,2182261,2921,3
4574,FRENTE+ATLETI+1982,434,520,1980096,5114,0
4575,888013,525,435,11565,4248,0
4576,%5BA%5D+004+El+favorito+de+tu+novia,450,546,1833730,6764,2
4577,Pueblo+de+bonificaci%C3%B3n,431,502,1980096,3185,5
4578,Pueblo+de+b%C3%A1rbaros,447,540,0,357,0
4579,05+Kevin+Dragonfly,553,545,2128799,5478,0
4580,%5B005%5D+Pueblo+de+Usop,567,522,1716245,8194,1
4581,Pueblo+de+bonificaci%C3%B3n,569,503,0,302,3
4582,Tsushima+05%23,566,509,2114370,4867,0
4583,048,471,560,1344786,1633,0
4584,B+03,564,524,2176985,1579,6
4585,005+no+vayais+a+mojar+la+cama,467,430,2002238,5289,0
4586,bbbb,440,530,1783692,4175,0
4587,.01,550,549,2179029,8101,7
4588,008,563,528,2176985,4252,7
4589,Pueblo+de+b%C3%A1rbaros,441,532,1783692,3413,0
4590,008+Wash+It+All+Away,486,433,1993222,4964,5
4591,N009,481,567,1587053,6942,8
4592,02+-+Yala+yala,441,534,2183448,9732,0
4593,029.+ABUS,489,567,1678679,2685,0
4594,Ubbe+Ragnarsson,560,533,1535952,3987,7
4595,Pueblo+de+bonificaci%C3%B3n,567,517,0,456,7
4596,pueblo+de+maestro.c4,511,432,1819409,469,0
4597,Pueblo+de+b%C3%A1rbaros,534,559,0,407,0
4598,Suerte+en+el+Casual,469,440,2054225,4049,6
4599,Pueblo+de+b%C3%A1rbaros,512,568,0,326,0
4600,Pueblo+de+b%C3%A1rbaros,476,434,0,525,0
4601,005.+ABUS,494,569,1678679,9759,5
4602,005,434,525,2183482,3718,5
4603,01+Herdaz,463,555,2131544,10229,0
4604,Jan_007,524,566,1594692,3071,3
4605,pueblo+de+enrive,538,443,2135634,1009,0
4606,010+Embutido+Largo,432,514,888810,5296,0
4607,K55+Noble+001,502,570,934653,7936,8
4608,000+Longaniza+Bolo%C3%B1esa,432,511,888810,9757,0
4609,Pueblo+de+b%C3%A1rbaros,541,556,0,518,0
4610,La+casa+del+Granjero,487,431,1796437,2823,9
4611,888008,532,440,11565,7486,8
4612,MaStReEt,454,556,23046,9880,0
4613,Noble,504,431,1657363,3727,0
4614,012,433,485,1595726,2752,7
4615,Pueblo+de+b%C3%A1rbaros,559,465,0,490,0
4616,Pueblo+de+b%C3%A1rbaros,561,468,0,390,0
4617,Pueblo+de+bonificaci%C3%B3n,566,519,2176985,507,7
4618,MaStReEt.2,453,558,23046,5960,0
4619,Shion+Tempes,445,460,1156788,2736,4
4620,009.+McLeod,569,489,2088603,10352,0
4621,005,473,438,2134563,5331,6
4622,035+Fuerte+Tumulo,546,439,164,427,0
4623,038,474,565,1344786,1611,0
4624,Pueblo+de+bonificaci%C3%B3n,563,469,0,476,9
4625,Pueblo+de+bonificaci%C3%B3n,567,515,0,461,1
4626,666,471,562,2059063,4548,0
4627,Kylan,434,476,2142901,5782,9
4628,FRENTE+ATLETI+1982,434,518,1980096,9602,0
4629,065+-+Noble,466,440,2179394,2257,0
4630,N008+Voltarem,483,568,1587053,7499,9
4631,001,486,554,1863997,9735,0
4632,002,479,433,1875804,1739,0
4633,024+-+Noble,463,443,2179394,6895,4
4634,PEKEPOTAMO,567,491,2119727,3166,0
4635,Pueblo+de+bonificaci%C3%B3n,545,449,0,482,9
4636,04+Shawn+Frost,553,546,2128799,6291,7
4637,001+-+Honor+a+Don+Alkimia,460,549,286637,10143,0
4638,004,434,522,2183482,3466,0
4639,Noble,507,430,1657363,4269,6
4640,Elite,437,474,2113964,9475,0
4641,009,563,529,2176985,4103,5
4642,pueblo+de+OjO+x+OjO,487,552,16275,9359,0
4643,Adalmann+Tempes,449,455,1156788,1701,9
4644,001+-+ABUS,432,500,1546340,10477,0
4645,Pueblo+de+bonificaci%C3%B3n,568,504,0,373,3
4646,Noble,535,438,2171938,3929,8
4647,003,479,434,1875804,3288,0
4648,02+Dfiru,451,551,926570,7039,0
4649,016+Rial+Von,476,437,1124356,5578,4
4650,pueblo+de+sisqui,555,540,2176589,278,0
4651,Pueblo+de+b%C3%A1rbaros,522,433,2090745,458,0
4652,PELIGRO+MOSQUITOS,531,561,2183483,949,2
4653,N005+Omeprazol,489,569,1587053,9597,0
4654,Pueblo+de+b%C3%A1rbaros,485,431,865857,648,0
4655,%7BSec1%7D+07+%7E+Muro+de+Peix+%7E,509,432,141108,5748,5
4656,004+Airborne,523,436,217192,10495,0
4657,Pueblo+de+bonificaci%C3%B3n,538,559,0,448,7
4658,06+Arion+Sherwind,557,541,2128799,3436,4
4659,pueblo+de+saladino,513,441,2032066,5322,0
4660,%5BA%5D+007+El+favorito+de+tu+novia,448,548,1833730,7251,0
4661,Pueblo+de+bonificaci%C3%B3n,565,473,0,389,9
4662,001,437,512,20451,9417,0
4663,005,562,529,2176985,5111,6
4664,ABUS+05,438,531,2027527,7548,0
4665,Pueblo+de+b%C3%A1rbaros,433,487,1546340,3171,0
4666,003+Noble,503,429,2088720,4696,9
4667,006,434,523,2183482,3511,6
4668,N007+Bicodina,486,555,1587053,9916,0
4669,044+Ciudadela+de+Torrhen,543,444,164,514,0
4670,03+-+Segarro+verde+weno,442,541,2183448,9637,3
4671,09+-+Morito%2C+morito%2C+morito...,442,537,2183448,3137,7
4672,Peripecias,442,540,240304,8948,0
4673,Pueblo+de+bonificaci%C3%B3n,432,492,1546340,3172,5
4674,Miau+06,546,554,1714244,8797,0
4675,Pueblo+de+b%C3%A1rbaros,559,539,0,395,0
4676,FRENTE+ATLETI+1982,433,516,1980096,4202,6
4677,035.+ABUS,488,569,1678679,2089,0
4678,%5B007%5D+Pueblo+de+Nico+Robin,567,525,1716245,3541,0
4679,bbbb,435,526,1783692,4238,2
4680,Distancia+%3A%29,518,435,2031095,9754,0
4681,Pueblo+de+bonificaci%C3%B3n,431,503,1980096,3219,5
4682,Alioli,518,567,2091224,8862,0
4683,Suerte+en+el+Casual,466,439,2054225,7803,1
4684,Gernika,549,551,2100821,3945,1
4685,009+franx%3Fx,481,433,2134563,6140,0
4686,Noble,455,449,219369,2547,6
4687,FR+008,540,506,1898371,8049,0
4688,Pueblo+de+b%C3%A1rbaros,439,534,0,465,0
4689,008,436,524,2183482,3092,5
4690,Illescas,507,424,2070356,6321,0
4691,Pueblo+de+ElJama+09,440,465,2121326,2373,5
4692,Pueblo+de+b%C3%A1rbaros,558,538,0,298,0
4693,Pueblo+de+b%C3%A1rbaros,521,565,0,531,0
4694,005,476,567,1344786,5028,9
4695,004+Noble+%21,505,431,2088720,7246,1
4696,%5B%2ACH%2A%5D+001,456,557,2094332,10495,0
4697,005+-+Filial+Yanya%21,530,564,102641,447,2
4698,003+Bastion+de+Tormentas,544,445,164,5253,4
4699,Fantasmal,526,564,1173630,7601,0
4700,Pueblo+de+b%C3%A1rbaros,561,465,0,519,0
4701,02+Axel+Blaze,552,548,2128799,9745,8
4702,002,438,530,1783692,7836,0
4703,Pueblo+de+b%C3%A1rbaros,532,563,0,410,0
4704,888017,530,435,11565,1484,7
4705,008,443,459,2113999,5819,6
4706,009+%7EAbuelos+Espartanos,457,502,1747712,8341,0
4707,Paletos,443,539,240304,4048,0
4708,2+Hasgard,571,492,2175174,6061,8
4709,002+-+LA+MARIMORENA,516,567,2182267,5709,0
4710,017+I+Refuse,488,432,1993222,1533,0
4711,%5B004%5D+Pueblo+de+Sanji,568,517,1716245,8029,5
4712,Noble,457,445,219369,785,3
4713,011+Embutido+Ancho,430,512,888810,5654,0
4714,%5B%2ACH%2A%5D+016,459,556,2094332,5180,0
4715,PiCaRaZaN.,496,431,769012,2277,4
4716,Jarana,442,538,240304,10062,0
4717,Pueblo+de+b%C3%A1rbaros,569,507,0,424,0
4718,030+ferbaromXXXXX,464,561,3904,1904,5
4719,043+Skagos,542,445,164,539,3
4720,%5B%2ACH%2A%5D+002,458,556,2094332,9282,0
4721,Distancia+%3A%29+06,520,432,2031095,1360,2
4722,Pueblo+de+bonificaci%C3%B3n,567,516,0,389,7
4723,000+VioLentSmoKer,568,523,1545062,8528,0
4724,004.+ABUS,492,570,1678679,9869,9
4725,Noble,457,444,219369,693,3
4726,02.todo+lo+tuvo+el+hombre...,438,536,1571842,9998,0
4727,002,428,504,1980096,3437,0
4728,012.+ABUS,490,571,1678679,6052,6
4729,026+baba,497,571,934653,6472,0
4730,002+FAVOLE,553,452,2014236,2059,1
4732,888016,526,434,11565,1875,0
4733,Tu+mente,529,565,1173630,1099,5
4734,888002,527,435,11565,9315,0
4735,Pueblo+de+b%C3%A1rbaros,567,478,2101846,5424,0
4736,009.+ABUS,490,568,1678679,6594,5
4737,011+Dominio,570,489,912352,3077,0
4738,%5BA%5D+003+El+favorito+de+tu+novia,448,545,1833730,7208,3
4739,020+-+ABUS,430,492,1546340,3593,9
4740,Pueblo+de+b%C3%A1rbaros,506,452,2090629,901,0
4741,ABUS+06,433,527,2027527,5269,2
4742,003_Albahaca,569,497,1715991,1144,2
4744,0004,452,552,1344475,7787,6
4745,Demoni+008,431,466,2067012,7013,0
4746,007,435,523,2183482,3567,5
4747,PEGASUS+004,552,547,2083885,10163,0
4748,Pueblo+de+bonificaci%C3%B3n,478,432,0,364,7
4749,003,433,522,2183482,3757,2
4751,Pueblo+de+bonificaci%C3%B3n,534,563,102641,509,1
4752,012+Embutido+Triste,430,513,888810,5652,0
4753,021+-+ABUS,431,494,1546340,3783,6
4754,Troya+noble,505,501,2038416,7563,0
4755,Pueblo+de+bonificaci%C3%B3n,568,513,0,460,6
4756,888005,526,436,11565,4890,2
4757,pueblo+de+condesewerton,511,436,2177731,669,0
4758,016+Kathalex,571,493,912352,515,0
4759,3+Aspros,569,484,2175174,5205,7
4760,001+Rikulino,466,437,2141813,2196,1
4762,015,436,472,2113964,2283,0
4763,ABUS+07,436,531,2027527,4238,5
4764,Hattusa,558,540,789512,6911,0
4765,Pueblo+de+b%C3%A1rbaros,521,568,0,376,0
4766,Pueblo+de+bonificaci%C3%B3n,468,564,2059063,2557,3
4767,001,500,572,2181523,7813,0
4768,015.+ABUS,491,572,1678679,5478,0
4769,STCG,495,431,813,3842,6
4770,003+Riku+again%21%21,466,436,2141813,899,1
4771,Core+-+03+ARRE+LULU,445,544,1989499,8556,0
4772,Pueblo+de+b%C3%A1rbaros,565,471,0,404,0
4773,004,433,472,2142222,6574,9
4774,Noble,537,440,2171938,2055,9
4775,pps,431,521,2002070,970,0
4776,Demoni+006,437,466,2067012,9809,1
4777,Pueblo+de+bonificaci%C3%B3n,436,533,1546340,627,7
4778,%28A011%29+Honor+a+Joker666,555,452,222751,10301,0
4779,Pueblo+de+bonificaci%C3%B3n,499,429,2103338,2338,7
4780,Demoni+004,439,463,2067012,9694,8
4781,pueblo+de+Reina+Walkyria,472,555,2059063,9199,0
4782,Demoni+013,437,468,2067012,9694,0
4783,03+Jude+Sharp,556,546,2128799,9742,6
4784,pueblo+de+Srbaluarte,425,506,1715942,4180,0
4785,Pueblo+de+b%C3%A1rbaros,531,564,0,502,0
4786,006,524,432,1556649,7216,6
4787,004,526,433,1556649,10134,0
4788,009+I+Refuse,485,429,1993222,5338,3
4789,011+%7EToXiC+PlAnTa%7E,428,510,1947487,3171,9
4790,Core+-+00+OG,439,546,1989499,10213,0
4791,Miau+05,545,554,1714244,8521,0
4792,Demoni+005,437,465,2067012,10255,4
4793,Soyuz,560,538,1907385,6862,4
4794,013+-+ABUS,428,494,1546340,6366,0
4795,005+Rial+OrDeN,472,434,1124356,4271,6
4796,Pueblo+de+b%C3%A1rbaros,495,430,2142802,5000,0
4797,08.+Maho,564,535,1683698,1038,0
4798,n010,479,566,1587053,6813,5
4799,01+Dfiru,451,550,926570,9846,0
4800,07+Ricardo+DI+Rigo,559,540,2128799,3389,5
4801,%5B%2ACH%2A%5D+006,456,554,2094332,7180,7
4802,003+-+ABUS,436,501,1546340,8971,0
4803,bonificaci%C3%B3n+2,444,544,1320170,9609,8
4804,Pueblo+de+bonificaci%C3%B3n,430,519,0,460,6
4805,Pueblo+de+b%C3%A1rbaros,455,437,0,544,0
4806,002+Riku+ataca+de+nuevo%21,469,437,2141813,1306,0
4807,018+almac%C3%A9n,498,571,934653,7114,9
4808,Pueblo+de+bonificaci%C3%B3n,445,545,1833730,2606,2
4809,K55+Noble+005,502,572,934653,4978,0
4810,006,435,470,2113964,2346,0
4811,%5B003%5D+Pueblo+de+Nami,569,518,1716245,9098,4
4812,004,471,564,1344786,5069,9
4813,888003,532,438,11565,6372,0
4814,Pueblo+de+b%C3%A1rbaros,522,569,0,360,0
4815,HaYqUeJoDeRsE,555,453,2014236,4635,4
4816,Miau+04,547,552,1714244,8577,3
4818,Noble+monedas,515,430,1657363,8165,2
4819,011,475,567,1344786,4256,4
4820,Heidy+012,565,486,2023202,8467,0
4821,Noble,512,429,1657363,3558,0
4822,%5B002%5D+Pueblo+de+Zoro,568,524,1716245,9746,5
4823,059+-+Noble,467,445,2179394,9466,0
4824,N013,477,568,1587053,2632,1
4825,Pueblo+de+bonificaci%C3%B3n,529,567,0,420,9
4826,Pueblo+de+b%C3%A1rbaros,570,509,0,306,0
4827,Pueblo+de+b%C3%A1rbaros,571,513,2126394,449,0
4828,FRENTE+ATLETI+1982,428,506,1980096,4123,7
4829,004-Probando,445,452,1317137,8047,0
4830,Pueblo+de+b%C3%A1rbaros,499,430,2103338,5040,0
4831,Asterix+03,431,479,1821118,1461,7
4832,010,441,463,2113999,2696,1
4833,Pueblo+de+b%C3%A1rbaros,512,569,0,341,0
4834,Noble,513,428,1657363,3379,0
4835,Pueblo+de+bonificaci%C3%B3n,509,570,0,450,6
4836,Pueblo+de+b%C3%A1rbaros,572,501,0,239,0
4837,020,471,567,1344786,4927,4
4838,003,439,503,20451,9844,0
4839,Noble,536,438,2171938,1373,0
4840,006,478,567,1344786,5025,9
4841,002+KOA,527,432,2183998,5920,0
4842,Pueblo+de+b%C3%A1rbaros,432,480,1821118,593,0
4843,Noble,459,440,219369,930,7
4845,Pueblo+de+bonificaci%C3%B3n,570,505,0,612,5
4846,N011,479,568,1587053,5748,2
4847,pueblo+de+mateo,468,562,1577013,429,0
4848,Pu..+Ferru.cdf,555,543,80863,3417,3
4849,STCG,494,428,813,5204,0
4850,STCG,490,429,813,1195,0
4851,Pueblo+de+bonificaci%C3%B3n,533,437,0,426,7
4852,04+AMERICA,471,552,80335,6589,0
4853,Atlantis,561,536,1907385,4683,9
4854,Poni+01,449,552,804111,9679,0
4855,Demoni+007,435,466,2067012,9673,0
4856,002+Noble,501,430,2088720,4136,2
4857,Westport,554,549,1941136,4647,6
4858,06.+Saiph,467,546,1793379,9972,0
4859,012+-+Maxbaires,439,465,2177759,948,0
4860,003,573,499,1706235,630,8
4861,007+Dorne,538,435,164,8237,0
4862,Pueblo+de+b%C3%A1rbaros,568,471,0,415,0
4863,011+-+ABUS,489,572,1678679,6081,9
4864,006-+%2BSEAT%2B+Explorador,514,544,2179516,9955,0
4865,Pueblo+de+b%C3%A1rbaros,428,490,1546340,430,0
4866,006+Rial+OrDeN,470,436,1124356,4851,2
4867,Noble+002+Pepe,533,563,2124934,10617,0
4868,Dreadscythe,553,449,2014236,7220,4
4869,Noble,516,431,1657363,4029,9
4870,020,428,491,1595726,1771,0
4871,%5B006%5D+Pueblo+de+Chopper,566,526,1716245,3488,9
4872,004+-+Noble,462,437,2179394,8889,0
4873,Pueblo+de+b%C3%A1rbaros,564,467,0,344,0
4874,.05,556,549,2179029,1238,7
4875,Maik022,467,539,2084332,9312,0
4876,Tsushima+06%23,571,519,2114370,2333,9
4877,005,499,573,934653,9190,1
4878,014+Rial+Orden,477,439,1124356,10311,0
4879,Pueblo+de+b%C3%A1rbaros,433,528,0,508,0
4880,002+Honor,570,480,912352,10104,8
4881,006+Adiace,530,433,2005788,3373,6
4882,007+Capricciosa,535,471,2181542,6437,0
4883,001,516,573,1553266,2344,2
4884,002.,432,470,2142222,8327,6
4885,PELIGRO+AVISPAS,535,550,2183483,10018,0
4886,014,471,565,1344786,4519,5
4887,MELILLA,556,536,1007629,2014,0
4888,013+Braavos,537,435,164,4410,6
4889,09+Marshadow,562,541,2112801,9394,0
4890,-%3D%2A001%2A%3D-,426,492,1419758,2435,0
4891,K55+Noble+003,503,575,934653,3550,9
4892,Pueblo+de+bonificaci%C3%B3n,466,435,2054225,389,1
4893,002,524,431,1556649,8870,0
4894,LA+LINEA+2.1,559,546,2101531,2501,0
4895,Pueblo+de+bonificaci%C3%B3n,545,558,0,554,7
4896,001-zarrabitria,513,572,19450,9835,0
4897,030,442,455,2113999,1235,0
4898,008,522,431,1556649,5642,6
4899,007,470,565,1344786,5247,9
4900,Noble,501,425,1657363,8267,0
4901,003+La+cabrita+que+rie,574,510,1858260,2182,5
4902,008,428,521,2177554,1050,1
4903,Pueblo+de+b%C3%A1rbaros,534,433,0,292,0
4904,Pueblo+de+b%C3%A1rbaros,429,483,0,273,0
4905,011+King+Emiko,573,490,2181542,3694,1
4906,05+-+Perro+haram,440,540,2183448,7922,5
4907,029+baba,499,572,934653,5768,0
4908,%5BA%5D+010+El+favorito+de+tu+novia,449,555,1833730,3794,0
4909,04+Dfiru,450,552,926570,5511,6
4910,007,443,454,2113999,6287,3
4911,pueblo+de+kamka,575,518,1786798,9253,0
4912,006+ZERO,427,499,311234,8128,4
4913,004+-+ABUS,431,492,1546340,7812,0
4914,010+Schaffhausen,574,496,1629978,797,5
4915,007+-+ABUS,437,487,1546340,9203,0
4916,STCG,486,427,813,713,0
4917,SKM004,548,445,10764,3336,4
4918,003,477,569,23632,9787,0
4919,Pueblo+de+bonificaci%C3%B3n,433,530,0,616,7
4920,asterix,430,480,1821118,3786,0
4921,LA+LINEA+2,559,544,2101531,4796,0
4922,Merem,560,541,789512,2711,4
4923,Pueblo+de+b%C3%A1rbaros,512,571,0,412,0
4924,007,478,429,1875804,4506,8
4925,001+Budassi,529,434,2183998,8754,0
4926,Cuartel+del+Imperio,573,515,3257,5992,4
4928,pueblo+de+kamka,572,519,1786798,3098,9
4929,PPSSSSSS,569,475,1721648,777,0
4930,%28A017%29+Amor+Para+Ti,562,461,222751,4909,4
4931,001,451,447,1894143,6364,0
4932,Pueblo+de+b%C3%A1rbaros,525,571,0,463,0
4933,%5B008%5D+Pueblo+de+Franky,567,526,1716245,3336,6
4934,Pueblo+de+ElJama+01,436,460,2121326,9623,0
4935,007,428,477,2113964,2891,1
4936,Noble+0001,434,509,403419,9902,0
4937,N+012+PIOLIN,480,429,2126523,7932,0
4938,003,430,471,2127679,8771,2
4939,Pueblo+de+bonificaci%C3%B3n,544,558,0,784,9
4940,Pueblo+de+b%C3%A1rbaros,472,432,0,542,0
4941,018,428,487,1595726,1770,0
4942,Pueblo+de+bonificaci%C3%B3n,575,508,0,345,7
4943,Pueblo+de+bonificaci%C3%B3n,428,508,1980096,689,2
4944,A04+-+This+is+S+P+A+R+T+A%21,488,573,1745999,10047,0
4945,SKM002,549,443,10764,5700,4
4946,011,476,569,23632,3353,4
4947,El+que+ataca+me+la,472,431,2026008,864,0
4948,Noble,460,440,219369,734,0
4949,%5BA%5D+002+El+favorito+de+tu+novia,446,549,1833730,9341,8
4950,005-dormido,428,502,2083788,5266,0
4951,Pueblo+de+bonificaci%C3%B3n,557,456,0,464,5
4952,Pueblo+de+bonificaci%C3%B3n,528,567,0,494,1
4953,000+Goma+Bungee,487,548,2078276,10495,0
4954,0000,507,427,992825,6897,8
4955,005,479,428,1875804,4542,5
4956,03.que+en+su+d%C3%ADa+se+autoproclam%C3%B3,439,541,1571842,10000,0
4957,-A07-+%2AMetformina%2A,464,566,862456,5338,3
4958,007,524,429,1556649,6142,1
4960,Pueblo+de+b%C3%A1rbaros,521,429,2090745,525,0
4961,N+025+PIOLIN,474,429,2126523,8156,9
4962,Maik007,426,489,2084332,7965,2
4963,002+MdO+48,574,511,1858260,4016,0
4964,036+6x6,522,430,2090745,768,0
4965,ABUS+21,436,538,2027527,8707,8
4966,04.el+Rey+de+los+PIRATAS%21,437,537,1571842,8780,4
4967,041+Los+Dedos,544,440,164,500,0
4968,021,426,488,1595726,1303,0
4969,Demoni+002,434,469,2067012,9694,5
4970,002-Probando,446,451,1317137,7984,1
4971,Noble,445,450,219369,5666,0
4972,0018,452,558,1344475,941,0
4973,MoMaMbO,454,560,23046,6707,4
4974,Pueblo+de+bonificaci%C3%B3n,562,457,0,409,9
4975,Pueblo+de+b%C3%A1rbaros,522,429,2090745,337,0
4976,ABUS+18,436,539,2027527,8422,8
4977,Core+-+09+BoniMercadeishion,443,551,1989499,3750,9
4978,%28B003%29+Un+Autobus,578,488,222751,10838,0
4979,030+baba,498,574,934653,4976,0
4980,027,481,573,23632,2357,4
4981,03.+Ceuta,567,531,1683698,5354,5
4982,Pueblo+de+b%C3%A1rbaros,522,533,0,380,0
4983,011,529,432,1556649,5838,9
4984,011+Konstanz,575,496,1629978,1738,8
4985,003,486,575,2021767,8115,0
4986,Pueblo+de+bonificaci%C3%B3n,540,562,0,655,1
4987,002_%7EResources%7E,505,575,2176673,4984,8
4988,Xavi+Hernandez,441,509,2136214,2186,0
4989,0017,452,556,1344475,1420,0
4990,006,474,431,2134563,6550,2
4991,042B,492,575,2021767,1542,0
4992,004,430,473,2127679,6449,0
4993,Pueblo+de+bonificaci%C3%B3n,575,491,0,408,7
4994,Pueblo+de+b%C3%A1rbaros,534,543,0,406,0
4995,Pueblo+de+b%C3%A1rbaros,575,501,0,370,0
4996,Pueblo+de+bonificaci%C3%B3n,559,452,0,434,7
4997,.03,552,553,2179029,4005,5
4998,04+pps,426,507,1736828,8303,0
4999,0.8+-+Tensa+Zangetsu,504,426,1734443,5352,4
5000,Leamington+06,566,537,2140134,455,5
5001,022+Noble,522,540,2183491,9407,0
5002,Pueblo+de+bonificaci%C3%B3n,533,435,0,583,1
5003,Pueblo+de+bonificaci%C3%B3n,524,569,0,642,9
5004,Noble,450,445,219369,9988,0
5005,Pueblo+de+b%C3%A1rbaros,535,567,0,406,0
5006,SUR+-+002,515,574,2182267,4600,8
5007,N004+Tierra+Santa,552,448,2085697,8378,0
5008,Demoni+003,433,468,2067012,7771,0
5009,N+014+PIOLIN,485,425,2126523,8377,9
5010,PELIGRO+PERROS,552,502,2183483,7636,0
5011,ABUS+19,437,539,2027527,4411,9
5012,STCG,487,427,813,1970,4
5013,WTC103,535,434,1476356,263,0
5014,Noble,424,490,1390210,3962,1
5015,01+sue%C3%B1o,425,512,1736828,8476,0
5016,cadiz+002,511,573,2182267,2250,5
5017,A02+-+This+is+S+P+A+R+T+A%21,495,575,1745999,10048,8
5018,005,526,430,1556649,8168,0
5019,%5B%2ACH%2A%5D+018,460,564,2094332,5125,4
5020,Pueblo+de+b%C3%A1rbaros,426,523,0,453,0
5021,Pueblo+de+b%C3%A1rbaros,466,434,0,350,0
5022,0003,540,563,2177105,4422,8
5023,020+cuartel,496,575,934653,7381,5
5024,pueblo+de+SirWalt22,514,425,2141711,1064,0
5025,Pueblo+de+b%C3%A1rbaros,556,553,0,376,0
5026,Pueblo+de+bonificaci%C3%B3n,576,498,0,351,1
5027,001,431,473,2127679,8688,4
5028,000,427,490,1550162,2999,0
5029,Pueblo+de+b%C3%A1rbaros,451,558,0,521,0
5030,Miau+13,543,560,1714244,2646,5
5031,Noble,462,436,219369,1069,1
5032,Rivaldo,424,506,2136214,6966,0
5033,Pueblo+de+bonificaci%C3%B3n,568,470,0,501,3
5034,007-,528,569,2179516,8193,0
5035,016+Uruguaya,574,491,2181542,606,3
5036,008,492,574,302869,6225,0
5037,Pueblo+de+bonificaci%C3%B3n,568,466,2101846,2200,3
5038,ABUS+22,435,541,2027527,3900,5
5039,N+011+PIOLIN,478,427,2126523,8911,0
5040,%5B014%5D+Pueblo+de+Trafalgar+Law,570,528,1716245,672,0
5041,Noble,454,439,219369,2590,6
5042,Pueblo+de+b%C3%A1rbaros,573,493,0,393,0
5043,Pueblo+de+bonificaci%C3%B3n,576,501,0,576,7
5044,012+ferbaromXXXXX,469,568,3904,2544,1
5045,0003+K44+Cegarro%3F%3F,451,461,2132828,7710,0
5046,Pueblo+de+b%C3%A1rbaros,451,444,0,483,0
5047,002,439,455,2113999,9384,2
5048,Pueblo+de+bonificaci%C3%B3n,561,455,0,528,9
5049,035+Te+la+hinco,502,423,2090745,479,0
5050,007,425,513,2177554,1068,7
5051,028+ferbaromXXXXX,465,566,3904,2159,0
5052,Noble+0002,423,496,403419,8314,2
5053,02+-+Minas+Tirith,450,559,1820940,9306,0
5054,N+040+PIOLIN,468,431,2126523,2070,0
5055,STCG,489,425,813,1724,5
5056,Pueblo+de+bonificaci%C3%B3n,423,504,1980096,771,6
5057,000,437,472,2113964,8449,0
5058,N+024+PIOLIN,482,428,2126523,7575,0
5059,Bastion+del+Imperio,574,517,3257,3904,5
5060,006+Washed+Up+Player,425,514,2177554,1037,5
5061,Demoni+001,434,468,2067012,9926,0
5062,Pueblo+de+b%C3%A1rbaros,438,543,0,483,0
5063,ABUS+25,437,541,2027527,8010,3
5064,N005,566,535,2123609,4825,2
5065,Noble,459,435,219369,6957,0
5066,Leamington+07,566,536,2140134,533,0
5067,888014,535,433,11565,4242,9
5068,013+Mas+me+crece,521,428,2090745,5215,5
5069,001,433,469,2142222,9822,0
5070,022-Probando,444,448,1317137,1141,0
5071,N+036+PIOLIN,475,427,2126523,1966,2
5072,Pueblo+de+bonificaci%C3%B3n,561,457,0,252,6
5073,000,431,474,2127679,10222,0
5074,%5BA%5D+013+El+favorito+de+tu+novia,445,551,1833730,10452,8
5075,Noble,454,449,219369,7713,0
5076,Pueblo+de+b%C3%A1rbaros,440,547,0,469,0
5077,C45+P01,576,485,1075536,5735,2
5078,002+Invernalia,546,441,164,5606,8
5079,Suerte+en+el+Casual,464,433,2054225,1177,0
5080,Pueblo+de+b%C3%A1rbaros,481,574,0,291,0
5081,Heidy+029,560,452,2023202,649,6
5082,001,440,457,2113999,9734,0
5083,009+Noble,571,475,1666646,3224,3
5084,Invernalia,452,560,231570,5520,0
5085,014+de+febrero,510,426,2090745,5076,9
5086,031+Puerto+Blanco,546,440,164,820,9
5087,UND+Tico,570,529,2178966,3962,0
5088,UND+Roque,556,522,2179018,5253,0
5089,Pueblo+de+b%C3%A1rbaros,528,570,0,337,0
5090,Pueblo+de+b%C3%A1rbaros,424,494,1390210,647,0
5091,02.+Palma+de+Mallorca,569,531,1683698,5372,2
5092,011+Entonces,502,425,2090745,10050,2
5093,003,560,527,2176985,8772,0
5094,07.no+fueron+muy+afortunadas.,434,534,1571842,7768,3
5095,Pueblo+de+bonificaci%C3%B3n,567,463,2101846,2728,4
5096,Maik010,424,491,2084332,4815,9
5097,Core+-+06+Bonifacetico,441,547,1989499,6469,3
5098,UND+Magazu,555,520,2178927,2925,0
5099,UND+Tropi,553,531,2179026,2446,0
5100,005,430,472,2127679,3209,0
5101,Pueblo+de+b%C3%A1rbaros,465,432,0,391,0
5102,Heidy+028,563,456,2023202,552,4
5103,UND+Sonic,561,547,2179108,2142,0
5104,004+-+jjoaa,534,567,102641,479,9
5105,N003,566,533,2123609,8863,5
5106,UND+Rayo,564,544,2179007,2020,0
5107,026+ferbaromXXXXX,464,567,3904,2436,6
5108,Zzz+ZzZ+zZz,561,535,2179107,2382,0
5109,Pueblo+de+b%C3%A1rbaros,440,545,0,457,0
5110,Pueblo+de+bonificaci%C3%B3n,512,576,0,389,9
5111,%5B009%5D+Pueblo+de+Brook,572,523,1716245,2749,0
5112,UND,551,527,2178808,5245,0
5113,N+028+PIOLIN,473,427,2126523,7153,4
5114,009+Novena+Sinfon%C3%ADa,518,426,2090745,8267,5
5115,Core+-+05+Bonifacio,441,550,1989499,6829,8
5116,04.+Gibraltar,569,534,1683698,3787,3
5117,N+050+PIOLIN,471,428,2126523,1721,1
5118,pueblo+de+hachafilada,553,530,2178986,2853,0
5119,LA+LINEA+1.1,558,547,2101531,3173,0
5120,7+Dohko,573,476,2175174,516,0
5121,Noble+Fantasma+015,555,555,1905015,1485,0
5122,013,434,463,2113999,2643,3
5123,%5BA%5D+008+El+favorito+de+tu+novia,446,553,1833730,10452,8
5124,UND+Bob,555,541,2179017,2361,0
5125,Pueblo+de+b%C3%A1rbaros,566,465,2101846,773,0
5126,pecoso,559,538,2178973,4247,0
5127,Heidy+027,561,451,2023202,6333,8
5128,TzAaNgOr,556,450,2014236,5043,6
5129,Rey+Mono,570,532,2123609,8744,4
5130,UND+Gino,560,532,2178972,3864,0
5131,%5BA%5D+014+El+favorito+de+tu+novia,445,553,1833730,8502,3
5132,Pueblo+de+bonificaci%C3%B3n,576,512,0,480,9
5133,UND+Therese,565,543,2179027,2540,0
5134,ABUS+24,434,537,2027527,7908,3
5135,018,429,470,2142222,3173,6
5136,UND,559,535,2178951,3068,0
5137,Pueblo+de+bonificaci%C3%B3n,551,442,0,482,7
5138,015+NOBLE,574,493,2177144,523,4
5139,004,492,541,2102310,9994,0
5140,Pueblo+de+b%C3%A1rbaros,427,514,1947487,625,0
5141,005-Probando,446,447,1317137,6943,9
5142,012+barro,496,576,934653,7757,2
5143,%7Bx_x%7D,569,524,2178984,2555,0
5144,Noble,452,440,219369,2600,8
5145,6+Asmita,571,478,2175174,2934,5
5146,UND+Pi%C3%B1a,554,542,2179006,2560,0
5147,SKM008,549,441,10764,605,0
5148,Tu+ser,538,568,1173630,914,6
5149,015+Emiko+Diavola,576,491,2181542,10421,0
5150,MoRtIs,561,456,2014236,5436,8
5151,Pueblo+de+bonificaci%C3%B3n,566,466,2101846,3822,4
5152,La+casa+del+Granjero,491,424,1796437,6818,0
5153,Pueblo+de+b%C3%A1rbaros,425,505,1980096,870,0
5154,Core+-+10+Boninona,440,550,1989499,3966,1
5155,Noble,452,441,219369,867,3
5156,Pueblo+de+b%C3%A1rbaros,553,444,0,287,0
5157,Noble,426,493,1390210,9816,8
5158,0006,539,566,2177105,1802,4
5159,014+King+Chesco,575,493,2181542,10838,0
5160,Pueblo+de+b%C3%A1rbaros,516,425,0,403,0
5161,Pueblo+de+bonificaci%C3%B3n,450,442,219369,766,6
5162,023+ferbaromXXX,469,569,3904,2404,1
5164,Pueblo+de+b%C3%A1rbaros,424,512,1947487,599,0
5165,016+Volantis,540,435,164,3565,2
5166,SKM003,549,442,10764,4737,0
5167,Pu..+Ferru.cdf,565,540,80863,792,0
5168,038+Septo+de+Piedra,545,437,164,782,3
5169,032+Colmillo+Dorado,544,435,164,829,9
5171,003,430,470,2142222,8008,8
5172,0011,548,558,2177105,8904,0
5173,032B,491,576,2021767,1621,0
5174,Noble,454,437,219369,3244,9
5175,011+Noble,570,474,1666646,3540,4
5176,029+Roble+Viejo,542,436,164,1612,0
5177,%5BA%5D+011+El+favorito+de+tu+novia,445,556,1833730,3618,0
5178,006,440,452,2113999,6646,1
5179,ALBERDI-004,536,481,1806454,6722,0
5180,boni,523,572,2174904,3326,3
5181,010,477,570,23632,9724,0
5182,Pueblo+de+b%C3%A1rbaros,550,442,0,602,0
5183,Pueblo+de+bonificaci%C3%B3n,503,576,0,361,7
5184,Pueblo+de+b%C3%A1rbaros,508,575,0,270,0
5185,%5B011%5D+Pueblo+de+Portgas+D.+Ace,574,526,1716245,1038,0
5186,Noble,453,440,219369,1168,2
5187,Pueblo+de+bonificaci%C3%B3n,560,453,0,447,1
5188,Ikura,576,480,2078175,3466,0
5189,Noble+Fantasma+011,549,560,1905015,2084,5
5190,GyP003,567,484,2057638,9976,0
5191,010-Probando,444,451,1317137,5683,0
5192,CAN+40,556,554,1961693,1604,6
5193,019+Astapor,539,434,164,995,0
5194,002,429,471,2127679,7711,6
5195,0002,543,564,2177105,5378,8
5196,pueblo+de+mutante82,494,578,2138323,387,0
5197,016+almac%C3%A9n,498,576,934653,7655,9
5198,N008,569,537,2123609,2499,7
5199,015.1+baba,494,577,934653,3238,0
5200,010,427,473,2127679,1257,0
5201,034+Mr+Chorizo,424,497,888810,1743,7
5202,Pueblo+de+bonificaci%C3%B3n,425,496,1390210,2258,4
5203,002+%7EToXiC+PlAnTa%7E,423,514,1947487,6970,0
5204,0005,540,564,2177105,2063,5
5205,Santo+Domingo+Capital+del+Caribe,577,511,10902,671,3
5206,Pueblo+de+b%C3%A1rbaros,567,540,0,448,0
5207,026,466,569,1344786,1681,5
5208,018+de+Septiembre,514,424,2090745,4692,3
5209,N009,570,531,2123609,9137,0
5210,Pueblo+de+b%C3%A1rbaros,480,575,0,435,0
5211,006,465,431,2002238,3364,8
5212,004,485,575,776487,1926,9
5213,004+PowChorba,467,435,2134563,9464,0
5214,031B,489,576,2021767,1645,0
5215,N+035+PIOLIN,469,429,2126523,1958,2
5216,003-zarrabitria,512,575,19450,3838,6
5217,001.+Vidas+Robadas,492,565,1889098,9881,0
5218,004-zarrabitria,509,575,19450,2868,2
5219,012+Ca%C3%B1onazo,523,428,2090745,6673,4
5220,02+facil,424,519,1736828,7531,0
5221,Pueblo+de+bonificaci%C3%B3n,471,427,0,664,3
5222,033,454,542,1810435,8881,0
5223,007,468,429,2002238,1856,0
5224,Noble,451,442,219369,768,1
5225,joselitolepero14,445,542,1320170,9944,0
5226,Pueblo+de+b%C3%A1rbaros,526,572,0,373,0
5227,Suerte+en+el+Casual,462,433,2054225,1273,7
5228,Fantasmagorico,527,572,1173630,7593,0
5229,Noble,459,436,219369,2446,2
5230,%5BA%5D+015+El+favorito+de+tu+novia,446,556,1833730,10452,8
5232,Pueblo+de+b%C3%A1rbaros,432,533,0,394,0
5233,Pueblo+de+bonificaci%C3%B3n,424,515,1947487,2722,4
5234,La+casa+del+Granjero,500,423,1796437,6006,1
5235,002+Rial+OrDeN,471,434,1124356,9676,0
5236,012,472,573,23632,3312,8
5237,Noble,439,453,219369,5500,0
5238,Pueblo+de+b%C3%A1rbaros,427,519,0,412,0
5239,%21ABUS,426,524,2027527,4268,8
5240,%2A%2A%2ANedharmel_008%2A%2A%2A,578,504,2118644,6012,8
5242,Pueblo+de+b%C3%A1rbaros,551,444,0,465,0
5243,023,489,575,2021767,3874,3
5244,007+Longaniza+Empinada,423,502,888810,10300,0
5245,Pueblo+de+b%C3%A1rbaros,515,424,2090745,389,0
5246,Pueblo+de+bonificaci%C3%B3n,534,571,0,433,7
5247,Pueblo+de+bonificaci%C3%B3n,566,462,2101846,2279,5
5249,004,495,421,2142802,5437,8
5250,014_Yuzu,554,445,1715991,5700,0
5251,4-+Granjero,519,577,1702291,1673,2
5252,005+Washed+Up+Player,428,522,2177554,1361,5
5253,pueblo+de+ceporrero,551,555,443635,1173,0
5254,019+Abril+1925,517,423,2090745,5698,9
5255,14+carpinteria,425,509,1736828,626,1
5256,N006+Clorexidrina,481,565,1587053,8916,0
5257,025+A%C3%B1os+les+cost%C3%B3,513,424,2090745,4338,7
5258,2-+Granjero,521,573,1702291,6384,4
5259,0010,545,564,2177105,2667,0
5260,%2A%2A%2ANedharmel_012%2A%2A%2A,579,504,2118644,1995,0
5261,N+033+PIOLIN,468,428,2126523,1670,9
5262,%2A%2A%2ANedharmel_004%2A%2A%2A,576,507,2118644,8618,0
5263,Pueblo+de+b%C3%A1rbaros,476,575,0,337,0
5264,007_%7ECyndaquil%7E,507,578,2176673,5022,8
5265,015+Quincea%C3%B1era,512,425,2090745,5186,9
5266,%5B010%5D+Pueblo+de+Jinbei,573,526,1716245,1110,0
5267,La+casa+del+Granjero,491,423,1796437,4001,2
5268,Pueblo+de+b%C3%A1rbaros,479,576,0,317,0
5269,Pueblo+de+bonificaci%C3%B3n,579,494,0,475,2
5270,003+Tirifila,513,423,2090745,9791,0
5271,Cuartel+del+Imperio,573,519,3257,4519,4
5272,ScRiPtOr,555,447,2014236,4758,3
5273,Naci%C3%B3n+Pitbull+3,469,533,2172838,6005,0
5274,N+023+PIOLIN,483,425,2126523,7401,0
5275,004+Exclama,515,575,1137797,1556,5
5276,ABUS+08,429,529,2027527,3440,2
5277,ArtkingNew09,427,474,391222,1200,0
5278,Pueblo+de+b%C3%A1rbaros,440,549,0,413,0
5279,%28A023%29+Loko+x+Loko+%3D+Loko,565,460,222751,916,6
5280,008,427,477,2113964,2863,6
5281,pueblo+de+Lord+Kym,570,471,1897998,371,0
5282,Pueblo+de+ElJama+15,434,460,2121326,1705,0
5283,A03+-+This+is+S+P+A+R+T+A%21,493,575,1745999,7206,4
5284,Jordan+%2323,497,513,1342035,764,0
5285,%2A%2A%2ANedharmel_009%2A%2A%2A,578,502,2118644,3736,3
5286,Noble+Fantasma+003,558,552,1905015,9339,8
5287,008+ferbarom,472,571,3904,2692,0
5288,La+casa+del+Granjero,500,421,1796437,8410,8
5289,015+barro,496,577,934653,7761,2
5290,Pueblo+de+b%C3%A1rbaros,426,517,1947487,295,0
5291,029+ferbaromXXXXX,462,567,3904,1884,0
5292,Pueblo+de+bonificaci%C3%B3n,473,429,0,596,6
5293,pueblo+de+gemelo09,495,422,2077196,66,0
5294,%28B008%29+Cerveza+Alhambra,577,489,222751,669,7
5295,011,441,452,2113999,2472,0
5296,Pueblo+de+b%C3%A1rbaros,430,532,0,403,0
5297,007,572,532,2028057,6793,1
5298,%5B012%5D+Pueblo+de+Sabo,573,525,1716245,1124,0
5299,Pueblo+de+bonificaci%C3%B3n,435,545,0,516,7
5300,888010,536,431,11565,7344,0
5301,Pueblo+de+b%C3%A1rbaros,427,526,0,320,0
5302,020+Vente+pa+aca,514,423,2090745,4580,6
5303,Noble+Fantasma+002+ELGRANPEPE,553,558,1905015,9474,0
5304,Pueblo+de+b%C3%A1rbaros,423,508,1947487,548,0
5305,%5B%2ACH%2A%5D+014,459,564,2094332,5643,5
5306,017+Coppa,576,494,2181542,566,6
5307,curro,511,423,2032066,5924,0
5308,Pueblo+de+b%C3%A1rbaros,439,549,0,486,0
5309,002-zarrabitria,513,575,19450,7364,1
5310,MaStReEt.3,451,562,23046,574,9
5311,Pueblo+de+b%C3%A1rbaros,577,514,0,220,0
5312,027+ferbaromXXXXX,461,569,3904,2325,8
5313,Pueblo+de+b%C3%A1rbaros,576,515,0,463,0
5314,029B,487,577,2021767,1755,0
5315,ABUS+15,431,538,2027527,4395,3
5316,ZERO,424,501,2174871,3059,5
5317,pueblo+de+Gileard,542,437,1989410,630,0
5318,Pueblo+de+b%C3%A1rbaros,525,572,0,283,0
5319,Cruciator,562,451,2014236,977,4
5320,001,489,577,2021767,9712,8
5321,pueblo+de+luzbelito69,519,426,1645211,1732,0
5322,02+-+Seren4x,442,449,2129228,3069,3
5323,003+Adiace,540,434,2005788,7167,8
5324,Zeus,576,518,1545062,8116,0
5325,Vulsgard,551,559,1941136,1914,4
5326,ABUS+13,429,536,2027527,4246,3
5327,llevas+nada+manco,505,421,2103338,3614,0
5328,Pueblo+de+b%C3%A1rbaros,424,517,1947487,719,0
5329,Pueblo+de+bonificaci%C3%B3n,566,540,0,489,7
5330,101-kurado,429,502,2083788,9426,0
5331,003,436,454,2113999,7559,8
5332,Pueblo+de+bonificaci%C3%B3n,560,451,0,356,3
5333,Pueblo+de+b%C3%A1rbaros,432,540,0,258,0
5334,005+Dedos+hacen+la+mano,521,425,2090745,9975,8
5335,Pueblo+de+bonificaci%C3%B3n,540,565,0,384,7
5336,Noble+A001,491,549,2123065,10032,0
5337,%28B004%29+La+Torta,579,491,222751,1078,6
5339,La+casa+del+Granjero,500,424,1796437,2588,0
5340,La+casa+del+Granjero,497,420,1796437,3529,7
5341,pueblo+de+ortegadies,527,557,1148395,6402,0
5342,Pueblo+de+bonificaci%C3%B3n,537,431,684733,1881,9
5343,pueblo+de+alejansro,552,549,253061,318,0
5344,N+045+PIOLIN,470,428,2126523,1830,9
5345,ABUS+11,429,534,2027527,3900,3
5346,SPEISLAND,532,549,2110662,5756,0
5347,Pueblo+de+b%C3%A1rbaros,577,488,0,566,0
5348,3-+Granjero,521,574,1702291,3247,9
5349,Pueblo+de+b%C3%A1rbaros,427,523,0,494,0
5350,024+ferbaromXXX,465,568,3904,2458,0
5351,SKM007,548,440,10764,978,9
5352,Bgmuntrechorespidorex,519,576,1934829,2178,8
5353,Templanza04,484,536,1651308,7500,0
5354,ABUS+12,431,534,2027527,4326,5
5355,09+boni,421,511,1736828,2028,4
5356,Demoni+009,431,464,2067012,6982,0
5357,022+Campo+Estrella,542,433,164,797,1
5358,029,465,569,1344786,1728,5
5359,Pueblo+de+b%C3%A1rbaros,578,495,0,192,0
5363,Pueblo+de+b%C3%A1rbaros,450,441,0,315,0
5364,011+A+Little+Bit+Off,491,421,1993222,4602,3
5365,008+Longaniza+Aceitosa,422,496,888810,9393,0
5366,012,459,434,2002238,691,0
5367,017+ferbaromXXXXX,465,571,3904,2413,7
5368,006+Quality+the+Sax,577,505,1825930,5748,0
5369,N+049+PIOLIN,487,423,2126523,1767,0
5370,005+Adiace,535,431,2005788,2623,4
5371,008+Represalia,574,481,912352,7544,0
5372,Pueblo+de+b%C3%A1rbaros,497,579,0,326,0
5373,11+boni,423,511,1736828,1760,3
5374,010,530,429,1556649,5834,3
5375,pueblo+de+arriano,538,430,684733,4378,0
5376,N006,571,534,2123609,6844,4
5377,Pueblo+de+bonificaci%C3%B3n,436,545,0,573,7
5378,Pueblo+de+ElJama+05,433,462,2121326,8022,0
5379,Pueblo+de+b%C3%A1rbaros,553,442,0,456,0
5380,Core+-+04+Boni,441,548,1989499,8111,8
5381,003+-+jjoaa,533,570,102641,736,9
5382,L%C3%ADder+grupo+DYT.+reynaldo,578,512,10902,6402,0
5383,012+NOBLE,573,474,2177144,2351,6
5384,Pueblo+de+b%C3%A1rbaros,472,426,0,469,0
5385,10+boni,423,512,1736828,1783,4
5386,279,536,559,2182155,461,0
5387,Pueblo+de+b%C3%A1rbaros,576,500,0,453,0
5388,013+hierro,495,579,934653,7547,3
5389,N+018+PIOLIN,483,423,2126523,8334,0
5390,022,567,539,2028057,1598,2
5391,%5BA%5D+012+El+favorito+de+tu+novia,445,554,1833730,3622,0
5392,014_%7EChikorita%7E,506,578,2176673,1503,1
5393,001+LVE+-+Daishinkan,482,577,1999464,9228,0
5394,Pueblo+de+bonificaci%C3%B3n,509,576,0,501,2
5395,JB+CITY,535,559,1997833,1125,0
5396,006,475,574,2466,5445,5
5397,pueblo+de+maderig,482,426,1299883,562,0
5398,K55+Noble+004,504,577,934653,3645,1
5399,pueblo+de+sLoVeXx,476,516,1613388,9660,0
5400,027+Los+Gemelos,544,434,164,894,6
5401,Pueblo+de+bonificaci%C3%B3n,483,576,0,458,7
5402,Pueblo+de+b%C3%A1rbaros,505,579,0,337,0
5403,ABUS+20,433,541,2027527,9870,8
5404,035+Mr+Chorizo,421,501,888810,1683,6
5405,Pueblo+de+b%C3%A1rbaros,477,446,2121243,1080,0
5406,Pueblo+de+bonificaci%C3%B3n,425,479,0,481,3
5407,0003,566,545,741002,8317,8
5408,Maik006,433,483,2084332,10340,0
5409,Pueblo+de+bonificaci%C3%B3n,422,494,1390210,1220,3
5410,%5B%2ACH%2A%5D+021,458,564,2094332,4152,4
5411,pueblo+de+polloking,472,425,58485,1592,0
5412,Pueblo+de+bonificaci%C3%B3n,426,530,0,511,7
5413,0002,564,546,741002,9784,0
5414,Pueblo+de+bonificaci%C3%B3n,423,494,1546340,432,6
5415,Maga+la+maga,562,544,480392,7782,0
5416,034+Tres+cuartos,502,422,2090745,787,0
5417,0004,544,563,2177105,2866,5
5418,012,529,427,1556649,6005,2
5419,carvonis,461,442,2094480,2854,0
5420,Dgmuntrechorespidorex,517,576,1934829,405,0
5421,%5BA%5D+016+El+favorito+de+tu+novia,448,557,1833730,7959,7
5422,Awlrach,563,450,2014236,4421,8
5423,Pueblo+de+b%C3%A1rbaros,569,539,0,288,0
5424,N+013+PIOLIN,482,423,2126523,8156,0
5425,Noble,525,575,1887375,1669,2
5426,001,576,513,1148395,3225,0
5427,Pueblo+de+bonificaci%C3%B3n,422,518,1947487,529,1
5428,Pueblo+de+b%C3%A1rbaros,448,442,0,336,0
5429,005,430,468,2142222,6594,0
5430,Pueblo+de+bonificaci%C3%B3n,564,457,0,464,6
5431,023-Probando,443,448,1317137,829,7
5432,Pueblo+de+b%C3%A1rbaros,422,511,1947487,509,0
5433,Demoni+010,428,465,2067012,6432,8
5434,CASTILLO+STARK,548,564,542783,923,1
5435,Pueblo+de+b%C3%A1rbaros,423,518,1947487,668,0
5436,014+ferbaromXXXXX,464,571,3904,2572,7
5437,Kylan,424,479,2142901,3238,4
5438,025,481,576,23632,4195,0
5439,ABUS+29,433,544,2027527,3746,4
5440,pueblo+de+lykan,580,501,2008932,2371,0
5441,Pu..+Ferru.cdf,566,544,80863,688,0
5442,%2A%2A%2ANedharmel_010%2A%2A%2A,579,501,2118644,3762,4
5443,Pueblo+de+b%C3%A1rbaros,489,421,0,437,0
5444,ABUS+17,433,539,2027527,4370,3
5445,Kylan,422,483,2142901,3708,5
5446,pueblo+de+Helaric,544,566,1810477,26,0
5447,Pueblo+de+ElJama+04,436,457,2121326,7422,9
5448,003+ABUS%21,481,519,1271321,10160,0
5449,C45+P02,575,485,1075536,3733,0
5450,004+-+Honor+a+Don+Alkimia,455,565,286637,8156,3
5451,Pueblo+de+b%C3%A1rbaros,512,422,0,182,0
5452,Pueblo+de+b%C3%A1rbaros,548,562,0,464,0
5453,P01,562,450,2174905,3243,8
5454,PP+CAZA+BOBO,422,520,645,734,0
5455,Pueblo+de+b%C3%A1rbaros,519,423,0,375,0
5456,PEKEPOTAMO+02,577,492,2119727,427,2
5457,007+Adiace,538,433,2005788,3127,3
5458,Kylan,424,484,2142901,3832,0
5459,A_003,429,532,1752476,1026,7
5460,MaRrO,449,560,23046,7438,2
5461,Core+-+01+Xpark,437,547,1989499,9387,0
5462,035B,492,579,2021767,1642,0
5463,019,503,580,2021767,4457,4
5464,ABUS+23,435,540,2027527,5579,4
5465,Silvestre+el+Empalador,484,509,1651308,7468,0
5466,003,516,577,1553266,776,9
5467,Lastoco,575,521,1545062,7988,0
5468,%5BA%5D+017+El+favorito+de+tu+novia,444,556,1833730,8685,9
5469,Pueblo+de+b%C3%A1rbaros,454,562,0,272,0
5470,Pueblo+de+b%C3%A1rbaros,428,527,0,384,0
5471,N+016+PIOLIN,482,422,2126523,8761,2
5472,Pueblo+de+b%C3%A1rbaros,573,469,0,185,0
5473,006+Six+Seven,517,425,2090745,9727,5
5474,%2A%2A%2ANedharmel_014%2A%2A%2A,580,499,2118644,1680,6
5475,Noble,526,574,1887375,5846,0
5476,N+019+PIOLIN,477,425,2126523,8153,0
5477,Pueblo+de+bonificaci%C3%B3n,580,494,3257,424,8
5478,007,577,499,2174163,5651,0
5479,Pueblo+de+b%C3%A1rbaros,571,470,0,387,0
5480,N007,567,537,2123609,3463,9
5481,pueblo+de+Sir.+Juanjo,508,429,1325175,2550,0
5482,N+021+PIOLIN,483,424,2126523,7376,0
5483,Bastion+del+Imperio,575,517,3257,3016,5
5484,Noble+Fantasma+013,561,553,1905015,1591,2
5485,034,462,540,1810435,7796,0
5486,%2A%2A%2ANedharmel_013%2A%2A%2A,580,504,2118644,1957,0
5487,003+Exclama,512,579,1137797,1994,8
5488,011+Portugal,574,470,1580481,10237,0
5489,Pueblo+de+b%C3%A1rbaros,508,578,0,317,0
5490,%5BA%5D+018+El+favorito+de+tu+novia,441,553,1833730,3742,5
5491,Noble,423,490,1390210,4666,3
5492,Pueblo+de+b%C3%A1rbaros,577,512,0,247,0
5493,025+RocaDragon,542,434,164,925,1
5494,003+-+Honor+a+Don+Alkimia,455,566,286637,9129,8
5495,Pueblo+de+b%C3%A1rbaros,580,488,0,136,0
5496,C45+P03,575,484,1075536,2192,0
5497,013,524,425,1556649,5881,2
5498,ABUS+09,430,534,2027527,3784,4
5500,02+Noble,515,578,1615111,4164,5
5501,Pueblo+de+b%C3%A1rbaros,420,506,0,221,0
5502,026+Tuenti+six,520,423,2090745,4374,2
5503,009.+Kishin+Es+Genial,510,545,1889098,5371,0
5504,%5BA%5D+019+El+favorito+de+tu+novia,457,567,1833730,4114,5
5505,A_002,430,533,1752476,7754,0
5506,%28A024%29+Talleres+Davidx,569,460,222751,1014,7
5510,Pueblo+de+b%C3%A1rbaros,565,453,0,237,0
5511,Pueblo+de+b%C3%A1rbaros,421,504,1980096,414,0
5512,3+Defteros,578,482,2175174,2626,9
5513,006-Probando,448,453,1317137,7020,0
5514,Pueblo+de+b%C3%A1rbaros,432,541,0,666,0
5515,Noble,421,486,1390210,4422,7
5516,yanyA%21,541,569,1173630,9771,0
5517,%5B013%5D+Pueblo+de+Shanks,572,528,1716245,762,0
5518,Noble,456,436,219369,4443,4
5519,Noble,457,436,219369,2497,5
5520,%7EReNa%7E+003,493,443,2176997,5431,0
5521,%2A%2A%2ANedharmel_007%2A%2A%2A,577,506,2118644,6592,5
5522,043B,493,577,2021767,1492,0
5523,Pueblo+de+b%C3%A1rbaros,448,560,0,456,0
5524,014,434,457,2113999,2878,1
5525,N+010+PIOLIN,467,429,2126523,10495,0
5526,ABUS+14,431,536,2027527,4543,3
5527,Pueblo+de+b%C3%A1rbaros,570,533,2123609,1495,0
5528,011+ferbaromXXX,467,572,3904,2639,7
5529,Pueblo+de+bonificaci%C3%B3n,514,421,2090745,384,7
5530,Pueblo+de+b%C3%A1rbaros,577,491,0,323,0
5531,ABUS+26,432,539,2027527,4045,5
5532,Pueblo+de+bonificaci%C3%B3n,578,522,0,409,3
5533,Kylan,429,462,2142901,10636,0
5534,Pueblo+de+bonificaci%C3%B3n,549,438,0,444,2
5535,001+mohicano,474,576,2466,7591,0
5536,024,433,458,2113999,1921,0
5537,Pueblo+de+bonificaci%C3%B3n,420,493,1390210,1074,9
5538,A05+-+This+is+S+P+A+R+T+A%21,500,581,1745999,5519,4
5539,bamba+negra,428,536,2131978,736,0
5540,Pueblo+de+b%C3%A1rbaros,420,504,1980096,751,0
5541,Pueblo+de+bonificaci%C3%B3n,427,528,0,470,3
5542,012,431,462,2113964,2375,3
5543,004_%7ECrocodile%7E,508,579,2176673,6002,0
5544,Pueblo+de+b%C3%A1rbaros,572,462,0,446,0
5545,016,529,424,1556649,3849,3
5546,027,571,540,2028057,1047,0
5547,012,433,459,2113999,2456,2
5548,Noble+004,543,567,2124934,9220,0
5549,4+Manigoldo,578,483,2175174,2016,2
5550,New+Born,505,420,1791783,469,0
5551,Pueblo+de+b%C3%A1rbaros,559,556,0,446,0
5552,Pueblo+de+bonificaci%C3%B3n,550,561,0,328,2
5553,%2A%2A%2ANedharmel_011%2A%2A%2A,580,503,2118644,3888,0
5554,026+Valyria,543,435,164,681,6
5555,pueblo+de+Exter+Exposito,431,537,371560,26,0
5556,Kylan,424,480,2142901,6573,9
5557,ABUS+27,434,544,2027527,4570,1
5558,001-+Solicci,524,575,2183314,2807,0
5559,016+Octavos+de+final,513,421,2090745,4439,4
5560,001,571,461,2122184,8557,0
5561,Pueblo+de+b%C3%A1rbaros,492,420,0,343,0
5562,013+Noble,570,467,1666646,1974,5
5563,La+casa+del+Granjero,497,422,1796437,5320,0
5564,Pueblo+de+b%C3%A1rbaros,441,554,1833730,1375,0
5565,%28A026%29+BOOM%21%21+BOOM%21%21,570,463,222751,708,7
5566,Fantasma,565,544,891173,9139,0
5567,007,477,576,2466,6085,4
5568,0001,565,548,741002,8868,0
5569,Pueblo+de+bonificaci%C3%B3n,567,460,2101846,1115,1
5570,Pueblo+de+b%C3%A1rbaros,556,443,0,555,0
5571,000,568,459,2122184,4188,4
5572,Pueblo+de+b%C3%A1rbaros,578,521,0,217,0
5573,039+Mr+Chorizo+Reventado,420,496,888810,1368,0
5574,%2A%2A%2ANedharmel_005%2A%2A%2A,580,507,2118644,8618,4
5575,N+020+PIOLIN,478,424,2126523,8069,4
5576,002+pa2,529,426,2090745,10141,0
5577,06+Noble,518,577,1615111,2158,3
5578,0002+Sir+Pol+III,421,490,83966,2808,8
5579,pueblo+de+satania64,577,515,663520,622,0
5580,Pueblo+de+b%C3%A1rbaros,422,513,1947487,602,0
5581,040+Mr+Chorizo+Reventado,420,501,888810,1278,3
5582,005+-+Honor+a+Don+Alkimia,454,565,286637,7968,4
5584,Pueblo+de+b%C3%A1rbaros,519,424,0,487,0
5585,017,531,427,1556649,3214,6
5586,N001+El+Cid,554,453,2085697,4835,0
5587,%5B015%5D+Pueblo+de+Boa+Hanckock,576,523,1716245,304,2
5588,Pueblo+de+bonificaci%C3%B3n,504,419,2177523,175,9
5589,006,463,571,23632,7799,0
5590,009,434,458,2113999,2738,4
5591,Pueblo+de+ElJama+06,439,450,2121326,3442,9
5592,Pueblo+de+b%C3%A1rbaros,521,576,0,298,0
5593,09+beethoven,558,557,2119635,1975,6
5594,005,467,569,23632,6343,0
5595,Pueblo+de+b%C3%A1rbaros,442,556,1833730,1413,0
5596,Pueblo+de+bonificaci%C3%B3n,581,495,3257,318,3
5597,%2A%2A%2ANedharmel_001%2A%2A%2A,578,508,2118644,8618,0
5598,025+Mr+Chorizo,421,498,888810,1725,0
5599,0012,544,564,2177105,432,6
5600,villa+del+Parque,521,577,20146,383,0
5601,009.2+tallercillo,499,580,934653,3650,7
5602,Pueblo+de+b%C3%A1rbaros,450,560,0,290,0
5603,Pueblo+de+b%C3%A1rbaros,560,446,0,404,0
5604,002,491,579,2021767,8761,9
5605,010,474,575,2466,731,0
5606,026+Mr+Chorizo,421,495,888810,1742,0
5607,N+026+PIOLIN,474,426,2126523,7896,6
5608,Pueblo+de+bonificaci%C3%B3n,481,577,776487,472,4
5609,Kobe+%2324,478,489,1342035,10259,0
5610,Elmarron,568,538,2123609,2255,0
5611,016,429,465,2142222,3894,5
5612,Pueblo+de+b%C3%A1rbaros,547,563,0,229,0
5613,021+Vente+a+las+una,523,423,2090745,4375,5
5614,05+Dfiru,447,561,926570,6338,2
5615,%2A%2A%2ANedharmel_002%2A%2A%2A,578,506,2118644,8618,0
5616,Pueblo+de+b%C3%A1rbaros,471,426,0,370,0
5617,016+Noble,573,466,1666646,1070,6
5619,Pueblo+de+b%C3%A1rbaros,452,563,0,506,0
5620,Pueblo+de+bonificaci%C3%B3n,428,532,0,369,7
5621,pueblo+de+lykorz,461,429,1476089,621,0
5622,Pueblo+de+b%C3%A1rbaros,430,463,0,355,0
5623,Atenas,501,420,2179989,1193,3
5624,La+casa+del+Granjero,495,420,1796437,3457,4
5625,A_001,432,545,1752476,5366,0
5626,022,475,576,23632,5287,8
5627,004+Cuarterola,522,425,2090745,9740,4
5628,Murcia,511,548,2183397,4627,0
5629,N+053+PIOLIN,465,428,2126523,1830,1
5630,ABUS+16,430,538,2027527,4112,9
5631,epa+VII,579,512,2088089,1550,0
5632,Noble,506,420,1657363,1610,9
5633,002+-+jjoaa,539,569,102641,1583,0
5634,Kylan,426,474,2142901,3699,9
5636,Pueblo+de+b%C3%A1rbaros,580,497,0,368,0
5637,040+SotodeOro,548,435,164,624,9
5638,018.+McLeod,577,479,2088603,8005,8
5639,003+Rial+OrDeN,477,424,1124356,7075,0
5640,Pueblo+de+b%C3%A1rbaros,538,570,0,461,0
5641,Pueblo+de+bonificaci%C3%B3n,443,442,0,441,7
5642,%28A010%29+Barbaro,570,460,222751,6437,0
5643,Noble,420,507,1390210,5016,9
5644,Pueblo+de+b%C3%A1rbaros,442,444,0,229,0
5645,Pueblo+de+b%C3%A1rbaros,447,439,0,385,0
5646,%5B004%5D,582,506,2184203,2976,8
5647,Kylan,424,478,2142901,3064,5
5649,025,432,458,2113999,1809,0
5650,060,579,519,2133408,1956,5
5651,013_Pomelo,560,447,1715991,8497,0
5652,Pueblo+de+b%C3%A1rbaros,456,568,0,342,0
5653,Pueblo+de+bonificaci%C3%B3n,430,542,0,374,6
5654,011,492,578,2021767,4955,6
5655,03+%7E-_-%7E%24%7E,452,438,2130145,7277,0
5656,015,434,456,2113999,2737,9
5657,Jalenhorn,553,559,1941136,2775,5
5658,009,531,426,1556649,5737,0
5659,029+Casi+30,517,421,2090745,4288,3
5660,%2A%2A%2ANedharmel_006%2A%2A%2A,581,507,2118644,7514,6
5662,Noble,421,487,1390210,4855,9
5663,Pueblo+de+bonificaci%C3%B3n,422,517,1947487,587,6
5664,Pueblo+de+b%C3%A1rbaros,527,575,0,426,0
5665,0002.+Rocafuerte,518,580,2064866,7043,5
5666,012,494,580,2021767,4961,6
5667,pueblo+de+pukas,578,486,2036411,1793,0
5668,103+3,561,447,2181075,756,7
5669,037+Nido+del+Grifo,546,436,164,715,5
5672,Pueblo+de+b%C3%A1rbaros,460,432,0,175,0
5673,Pueblo+de+b%C3%A1rbaros,529,573,0,382,0
5674,Pueblo+de+bonificaci%C3%B3n,543,569,0,400,3
5675,021B,501,581,2021767,4320,5
5676,Pueblo+de+b%C3%A1rbaros,578,516,2180626,757,0
5677,15+alfareria,419,510,1736828,723,2
5678,05+ZERO,419,505,1736828,6310,0
5679,022+ferbarom,460,571,3904,2522,0
5680,Kylan,424,470,2142901,3486,9
5681,%5BA%5D+020+El+favorito+de+tu+novia,443,557,1833730,8389,7
5682,0009,547,565,2177105,3814,0
5683,044B,492,580,2021767,1512,0
5684,003+ferbarom,468,574,3904,8304,5
5685,%2AAquel+maldito+Blues%2A,426,521,1784555,9789,0
5686,N+041+PIOLIN,475,425,2126523,2256,0
5687,008,457,433,2002238,865,6
5688,Pueblo+de+b%C3%A1rbaros,424,525,0,239,0
5689,Pueblo+de+b%C3%A1rbaros,527,576,0,324,0
5690,027,484,579,2102310,4613,5
5691,pueblo+de+Serhenna,567,455,1419343,2854,0
5692,Pueblo+de+bonificaci%C3%B3n,428,539,0,280,6
5693,Pueblo+de+bonificaci%C3%B3n,452,566,1833730,1227,7
5694,Pueblo+de+b%C3%A1rbaros,565,547,0,234,0
5695,020+ferbaromXXXXX,462,571,3904,2502,0
5696,014,524,423,1556649,4904,2
5697,Pueblo+de+b%C3%A1rbaros,522,422,0,362,0
5698,N+043+PIOLIN,466,427,2126523,1843,4
5700,004+Lima,566,452,2172056,1695,2
5701,Z.21,558,556,2142538,5568,0
5702,Pueblo+de+b%C3%A1rbaros,421,479,0,360,0
5703,04+Noble,513,581,1615111,5716,2
5704,epa+IV,581,511,2088089,5969,2
5705,Pueblo+de+b%C3%A1rbaros,476,578,0,281,0
5706,Pueblo+de+b%C3%A1rbaros,579,515,0,412,0
5707,002,570,462,2122184,3549,9
5708,003+Noble,426,531,1233516,7831,0
5709,015+ferbaromXXXXX,472,575,3904,2587,6
5710,02+%7E-_-%7E%24%7E,448,450,2130145,6679,0
5711,034B,490,580,2021767,1640,0
5712,Pueblo+de+bonificaci%C3%B3n,478,423,2184056,5036,1
5713,pueblo+de+kamka,580,517,1786798,3410,8
5714,N+022+PIOLIN,479,422,2126523,10495,0
5715,Pueblo+de+b%C3%A1rbaros,421,512,1947487,607,0
5716,Pueblo+de+bonificaci%C3%B3n,577,526,0,383,7
5717,008,427,469,2127679,10242,0
5718,Pueblo+de+b%C3%A1rbaros,510,579,0,394,0
5719,Fantasma,567,542,891173,5605,4
5720,Pueblo+de+bonificaci%C3%B3n,473,426,0,402,7
5721,Pueblo+de+b%C3%A1rbaros,456,431,0,369,0
5722,K55+Noble+005,503,579,934653,3685,9
5723,023+Arturo+Vidal,521,424,2090745,4511,6
5724,004,467,575,23632,9513,0
5725,Pueblo+de+b%C3%A1rbaros,559,443,0,368,0
5726,009,461,430,2002238,590,9
5729,El+%C3%9Altimo+Paquete,455,481,2184324,5085,0
5730,013,493,580,2021767,4958,7
5731,Villalba,451,482,2181837,8431,0
5732,Pueblo+de+bonificaci%C3%B3n,530,576,0,416,1
5733,Vicus,489,419,119743,724,0
5734,Pueblo+de+b%C3%A1rbaros,573,532,0,389,0
5735,pueblo+de+kamka,577,518,1786798,9687,8
5736,pueblo+de+medievolo,554,561,685863,2245,0
5737,Noble,451,436,219369,1067,9
5738,El+aHoGaDoR,556,444,2014236,9112,0
5739,Pueblo+de+b%C3%A1rbaros,550,562,0,427,0
5740,008+NOBLE,575,475,2177144,3974,1
5741,06+-+Shelter+House,442,442,2129228,1422,1
5742,003+Chesti,527,434,2183998,2823,0
5743,Pueblo+de+b%C3%A1rbaros,464,427,0,358,0
5744,002,581,510,2184119,359,1
5754,pueblo+de+gemadani,580,481,2114050,489,0
5755,%5BA%5D+021+El+favorito+de+tu+novia,455,569,1833730,4109,6
5761,Pueblo+de+b%C3%A1rbaros,423,520,0,239,0
5762,N+051+PIOLIN,476,423,2126523,1677,0
5763,Pueblo+de+bonificaci%C3%B3n,509,581,0,302,1
5764,020.+McLeod,577,477,2088603,7217,1
5766,Pueblo+de+b%C3%A1rbaros,451,565,1833730,628,0
5767,K55+Noble+006,502,580,934653,3515,2
5768,008+Noble,471,445,2127978,10436,0
5769,Pueblo+de+bonificaci%C3%B3n,578,524,0,336,5
5770,Noble+Fantasma+008,558,554,1905015,7934,0
5771,Pueblo+de+b%C3%A1rbaros,428,462,0,387,0
5772,031,430,462,2113999,374,2
5773,Pueblo+de+bonificaci%C3%B3n,532,576,0,372,3
5774,Noble,458,436,219369,8876,0
5775,Pueblo+de+b%C3%A1rbaros,529,577,0,222,0
5776,Core+-+07+Boniato,433,546,1989499,4406,2
5777,Mas+de+l%27Emparadiu,465,570,2081316,686,2
5778,001+Nietzchehere,467,434,2134563,10054,0
5779,Pueblo+de+bonificaci%C3%B3n,420,494,1390210,930,4
5780,Pueblo+de+bonificaci%C3%B3n,420,505,1980096,1056,5
5781,Pueblo+de+b%C3%A1rbaros,458,432,0,211,0
5782,021+Antigua,543,433,164,1797,0
5783,Pueblo+de+bonificaci%C3%B3n,446,440,0,241,9
5785,009,491,578,2021767,6895,2
5786,Pueblo+de+bonificaci%C3%B3n,562,449,0,324,9
5787,000,573,538,2028057,9735,0
5788,Pu..+Ferru.cdf,566,548,80863,664,2
5789,03+boni,420,513,1736828,6447,8
5790,epa+II,581,512,2088089,7042,0
5791,041.+ABUS,484,581,1678679,1697,0
5792,035,434,550,1810435,1441,5
5793,Pueblo+de+bonificaci%C3%B3n,421,478,0,438,5
5794,005_%7EMe+Jartas%7E,508,581,2176673,5443,0
5795,027,432,459,2113999,1757,0
5796,Pueblo+de+bonificaci%C3%B3n,421,519,0,311,1
5797,006_%7EJair%7E,513,578,2176673,4611,0
5798,Demoni+011,429,460,2067012,5261,4
5799,pueblo+de+Miky+wo,437,517,1947487,4790,0
5800,Pueblo+de+b%C3%A1rbaros,532,575,0,352,0
5801,ABUS+28,431,544,2027527,2718,1
5802,Pueblo+de+bonificaci%C3%B3n,530,575,0,428,9
5803,006+Altojardin,543,434,164,8552,0
5804,020,479,577,23632,5360,8
5805,Kylan,424,474,2142901,3632,9
5806,Noble,419,507,1390210,9747,0
5807,Pueblo+de+b%C3%A1rbaros,427,534,0,340,0
5808,Kylan,420,480,2142901,3570,9
5809,Pueblo+de+bonificaci%C3%B3n,560,551,0,311,7
5810,002+Exclama,525,577,1137797,3266,0
5811,Pueblo+de+b%C3%A1rbaros,583,503,0,373,0
5812,036,437,553,1810435,2100,2
5813,005+-+Noble,465,443,2179394,9561,0
5814,Pueblo+de+bonificaci%C3%B3n,521,421,2090745,564,6
5815,010+ferbaromXXX,471,575,3904,2471,6
5817,Pueblo+de+b%C3%A1rbaros,418,501,1546340,495,0
5818,Vargame,553,441,2139741,465,4
5820,Pueblo+de+b%C3%A1rbaros,464,429,0,328,0
5821,Noble,447,440,219369,3161,4
5822,010+Lucrecias,518,421,2090745,8119,4
5830,Pueblo+de+b%C3%A1rbaros,440,555,0,275,0
5831,Pueblo+de+bonificaci%C3%B3n,549,436,0,463,3
5832,Noble,455,431,219369,4986,8
5836,Pueblo+de+b%C3%A1rbaros,575,533,0,186,0
5837,N+017+PIOLIN,480,421,2126523,7509,9
5838,Pueblo+de+bonificaci%C3%B3n,418,504,1980096,371,1
5839,pueblo+de+RAGNAR.,420,499,1697624,498,0
5840,Kylan,421,482,2142901,3446,6
5841,003+FUNEBRERO,488,421,2178811,2512,7
5842,Core+-+02+remus45,437,549,1989499,7873,0
5843,Cgmuntrechorespidorex,516,578,1934829,314,0
5844,Pueblo+de+bonificaci%C3%B3n,447,441,0,304,3
5845,pueblo+de+NuZeu,421,494,2179564,433,0
5846,004+Mercader,425,532,1233516,5837,9
5847,Suerte+en+el+Casual,467,438,2054225,9835,0
5848,Pueblo+de+b%C3%A1rbaros,571,458,0,351,0
5849,Pueblo+de+bonificaci%C3%B3n,555,559,0,466,7
5850,Pueblo+de+bonificaci%C3%B3n,552,439,0,399,1
5852,Docolinchi+y+Dudulinchi+house,579,480,2182125,566,1
5853,013,469,573,23632,3259,8
5854,Pueblo+de+b%C3%A1rbaros,419,503,0,219,0
5855,Pueblo+de+b%C3%A1rbaros,551,562,0,336,0
5856,Pueblo+de+bonificaci%C3%B3n,529,574,0,354,9
5857,N+015+PIOLIN,473,425,2126523,8156,2
5858,Bastion+del+Imperio,581,494,3257,10277,0
5859,Noble,508,421,1657363,1441,4
5860,002,475,579,2466,2992,8
5872,001+High+Garden,557,440,2184114,6791,0
5873,%28B007%29+Pueblo+Pantanoso,581,489,222751,724,6
5874,Noble,531,576,1887375,3494,0
5875,La+casa+del+Granjero,500,420,1796437,2472,2
5876,016,436,450,2113999,2306,6
5877,epa+V,580,510,2088089,5801,0
5878,%5B006%5D,582,504,2184203,1554,5
5879,Kylan,422,474,2142901,3683,9
5880,B%C3%A9same,476,454,2121243,7823,0
5881,Pueblo+de+b%C3%A1rbaros,446,559,1833730,306,0
5882,Pueblo+de+bonificaci%C3%B3n,527,578,0,399,3
5883,004+FUNEBRERO,489,418,2178811,4743,3
5884,007+-+Noble,468,445,2179394,9909,0
5885,013+NOBLE,578,478,2177144,694,9
5886,Noble,452,435,219369,1090,3
5887,Pueblo+de+b%C3%A1rbaros,519,420,0,262,0
5888,Pueblo+de+b%C3%A1rbaros,563,446,0,560,0
5889,Pueblo,576,522,1545062,3961,4
5890,058+-+Noble,469,455,2179394,10319,0
5891,029,436,449,2113999,1578,7
5892,014+NOBLE,576,473,2177144,1099,5
5893,%5B007%5D+O.o,468,459,278359,9363,0
5894,ABUS+10,426,534,2027527,4330,4
5895,0006+Valdecuervo,522,580,2064866,4252,0
5896,N+027+PIOLIN,475,424,2126523,7639,5
5897,Pueblo+de+bonificaci%C3%B3n,561,449,0,660,6
5899,Pueblo+de+bonificaci%C3%B3n,469,424,0,350,8
5900,Pueblo+de+bonificaci%C3%B3n,582,498,0,316,7
5901,Pueblo+de+b%C3%A1rbaros,577,475,0,248,0
5902,wena002,425,471,2121007,8559,2
5903,Pueblo+de+bonificaci%C3%B3n,479,579,0,308,7
5904,N+057+PIOLIN,465,427,2126523,1364,0
5905,Pueblo+de+bonificaci%C3%B3n,423,469,2121007,415,6
5906,Pueblo+de+bonificaci%C3%B3n,453,432,2117545,803,1
5907,026,571,538,2028057,1250,0
5908,Pueblo+de+bonificaci%C3%B3n,424,530,888810,307,7
5909,Pueblo+de+bonificaci%C3%B3n,418,517,1947487,419,7
5911,Pueblo+de+b%C3%A1rbaros,421,474,0,509,0
5912,Pueblo+de+bonificaci%C3%B3n,524,576,2174904,1345,5
5913,057+-+Noble,472,454,2179394,10319,0
5914,Pueblo+de+bonificaci%C3%B3n,505,580,0,411,5
5915,Pueblo+de+b%C3%A1rbaros,578,480,0,231,0
5916,%7C005%7C+MoaBDiV,550,433,1627158,1318,5
5917,Pueblo+de+b%C3%A1rbaros,528,566,0,463,0
5918,Pueblo+de+b%C3%A1rbaros,421,521,0,345,0
5919,Pueblo+de+bonificaci%C3%B3n,441,558,1833730,1408,1
5920,004,459,429,2002238,3044,3
5921,Pueblo+de+b%C3%A1rbaros,574,530,0,84,0
5922,Pueblo+de+b%C3%A1rbaros,495,583,0,314,0
5923,012,572,539,2028057,6790,5
5924,006+NOBLE,577,478,2177144,6045,8
5925,%2AKhan-Shaykhun%2A,423,525,1784555,9912,0
5926,Pueblo+de+b%C3%A1rbaros,446,438,0,435,0
5927,Demoni+012,428,463,2067012,5457,4
5928,004+Dorne,554,438,2184114,2588,3
5929,pueblo+de+Morpheo22,525,421,760,1453,0
5930,005+FUNEBRERO,492,417,2178811,2375,2
5931,B14+-+This+is+S+P+A+R+T+A%21,480,528,1745999,4580,0
5932,Caldes,463,572,2183480,2000,8
5933,008-,533,577,2179516,7394,0
5934,Pueblo+de+b%C3%A1rbaros,582,491,0,483,0
5935,Pueblo+de+bonificaci%C3%B3n,535,575,0,354,7
5938,004+5TOP+PLS,515,451,2025956,6353,0
5939,Pueblo+de+b%C3%A1rbaros,560,558,0,392,0
5940,Thorlby,552,560,1941136,2327,3
5941,Templarios,579,521,1545062,8086,0
5942,Pueblo+de+b%C3%A1rbaros,518,419,0,527,0
5943,Pueblo+de+bonificaci%C3%B3n,573,463,0,493,1
5945,Gobta+Tempes,427,478,1156788,5706,0
5946,Pueblo+de+b%C3%A1rbaros,452,564,0,382,0
5947,004+GL,436,451,2184165,1013,1
5949,Pueblo+de+b%C3%A1rbaros,464,425,0,451,0
5950,0008,541,571,2177105,1398,8
5951,007+ferbaromXXX,464,575,3904,2473,0
5952,N+048+PIOLIN,474,422,2126523,2024,4
5953,Pueblo+de+bonificaci%C3%B3n,417,491,1945137,1012,8
5961,pueblo+de+alexo,518,422,295493,400,0
5962,Pueblo+de+bonificaci%C3%B3n,581,518,0,396,2
5963,LA+LINEA+3,569,546,2101531,764,0
5964,RIO+1,451,432,2117545,1295,2
5965,037,467,526,1810435,3076,0
5966,025+ferbaromXXXXX,461,572,3904,2233,1
5967,04+%7E-_-%7E%24%7E,453,434,2130145,6280,0
5968,Kylan,421,475,2142901,3341,5
5969,Pueblo+de+bonificaci%C3%B3n,542,571,0,376,3
5970,002+Minas+Tirith,580,518,1825930,9082,0
5971,Pueblo+de+b%C3%A1rbaros,583,493,0,427,0
5972,%28B001%29+Necesito+Una+Cerveza,580,491,222751,3497,8
5973,Pueblo+de+b%C3%A1rbaros,424,471,0,201,0
5974,Pueblo+de+bonificaci%C3%B3n,557,559,0,486,9
5975,Pueblo+de+b%C3%A1rbaros,569,547,0,286,0
5976,003+Stormland,555,438,2184114,2823,0
5977,Pueblo+de+bonificaci%C3%B3n,471,422,0,345,4
5978,011+GROCC,582,516,2133408,6894,8
5979,0001.+Valdehierro,520,580,2064866,9993,0
5980,007,501,416,1947566,1836,2
5981,Pueblo+de+b%C3%A1rbaros,419,519,0,229,0
5982,030,575,535,2028057,466,0
5983,10+Jean+pierre+lapin,562,552,2128799,449,6
5984,Noble+Fantasma+006,560,559,1905015,8061,8
5985,Pueblo+de+b%C3%A1rbaros,517,420,0,192,0
5986,024+El+nido+del+Aguila,541,431,164,885,0
5987,Noble,419,509,1390210,5245,9
5988,Pueblo+de+bonificaci%C3%B3n,542,431,1611365,198,3
5989,%28B013%29+Casa+Barbara,581,487,222751,946,0
5990,020,534,427,1556649,1176,3
5992,Pueblo+de+bonificaci%C3%B3n,549,566,0,499,1
5993,033+Foso+Cailin,546,434,164,576,0
5994,Pueblo+de+b%C3%A1rbaros,542,569,0,398,0
5995,Core+-+08+Boniaparte,435,548,1989499,3882,5
5996,Noble,525,576,1887375,801,6
5997,007,477,581,23632,5744,0
5998,014,488,581,2021767,4954,3
5999,06.+Girona,576,529,1683698,5011,0
6000,005+Winterfell,553,438,2184114,1385,0
6001,Estrella+Roja.2,452,567,23046,8354,3
6002,007+Elorrixo+30R,456,571,1845090,3022,8
6003,%28A008%29+La+Selva+Negra,568,461,222751,10301,0
6004,Pueblo+de+bonificaci%C3%B3n,418,494,1945137,975,3
6005,Malaga,468,479,860318,2178,0
6006,Pueblo+de+b%C3%A1rbaros,422,469,0,323,0
6007,Fort%C3%ADn,518,418,2182228,664,8
6008,epa+VIII,583,509,2088089,1359,7
6009,011,475,577,2466,697,0
6010,Pueblo+de+bonificaci%C3%B3n,562,443,0,419,3
6011,028,435,449,2113999,1725,7
6012,Pueblo+de+b%C3%A1rbaros,512,419,0,250,0
6013,0.6+-+Hihio+Zabimaru,507,417,1734443,5664,8
6014,Heidy+030,566,449,2023202,432,6
6015,Pueblo+de+b%C3%A1rbaros,429,461,0,171,0
6016,N+029+PIOLIN,483,418,2126523,1953,0
6017,%5BA%5D+022+El+favorito+de+tu+novia,454,569,1833730,3895,1
6018,Pueblo+de+bonificaci%C3%B3n,580,492,0,299,7
6019,012,560,443,784340,5861,0
6020,%28B009%29+Buena+Partida,582,490,222751,542,7
6021,Pueblo+de+b%C3%A1rbaros,552,436,0,333,0
6022,Noble,525,580,1887375,1001,4
6023,015,529,421,1556649,4376,4
6024,015,575,536,2028057,7563,0
6025,Pueblo+de+b%C3%A1rbaros,419,520,0,353,0
6026,04+-+El+Exilio,507,584,2181217,4763,8
6027,Pueblo+de+bonificaci%C3%B3n,579,522,0,279,9
6028,epa+I,582,511,2088089,9023,0
6029,Pueblo+de+b%C3%A1rbaros,418,492,1390210,582,0
6030,039.+ABUS,483,582,1678679,1703,2
6031,027+F,520,420,2090745,4345,3
6033,Pueblo+de+ElJama+16,429,457,2121326,1186,0
6034,epa+VI,583,511,2088089,1360,5
6035,Pueblo+de+bonificaci%C3%B3n,510,581,0,431,5
6036,Pueblo+de+b%C3%A1rbaros,418,505,0,132,0
6037,Pueblo+de+b%C3%A1rbaros,420,479,0,272,0
6038,%5BA%5D+023+El+favorito+de+tu+novia,456,569,1833730,4376,3
6039,006,499,579,2021767,7975,0
6040,%7C003%7C+MoaBDiV,550,436,1627158,2010,4
6041,0004,564,552,741002,7522,0
6042,Pueblo+de+b%C3%A1rbaros,510,417,0,430,0
6043,017,470,576,1344786,4741,9
6044,024,569,543,2028057,2015,3
6045,Pueblo+de+b%C3%A1rbaros,475,578,0,316,0
6046,019+ferbaromXXXXX,465,572,3904,2583,0
6047,008,491,580,2021767,6141,4
6048,006,424,466,2142222,8049,0
6049,004,574,539,2028057,8717,2
6050,Pueblo+de+ElJama+07,431,458,2121326,8478,0
6051,Pueblo+de+b%C3%A1rbaros,431,546,0,363,0
6052,038,436,554,1810435,5565,8
6053,La+casa+del+Granjero,496,418,1796437,2917,1
6054,pueblo+de+Black+Rnag,581,517,5206,834,0
6055,Pueblo+de+bonificaci%C3%B3n,454,433,0,375,3
6056,Kylan,420,477,2142901,7838,8
6057,pueblo+de+mi+flaca,563,551,612,766,0
6058,Pueblo+de+b%C3%A1rbaros,431,541,0,352,0
6059,Sim%C3%B3n,575,463,2101178,266,9
6060,%28A012%29+Cuartel+Militar+Davidx,573,460,222751,9411,0
6061,Pueblo+de+b%C3%A1rbaros,442,560,0,374,0
6062,La+casa+del+Granjero,499,419,1796437,2591,3
6063,Kylan,422,482,2142901,3675,5
6065,%2A%2A%2ANedharmel_016%2A%2A%2A,583,502,2118644,474,0
6066,MGSEAN+II,534,574,2183634,1462,4
6068,N+030+PIOLIN,478,420,2126523,2070,8
6069,006+FUNEBRERO,489,420,2178811,6764,0
6070,Noble,509,420,1657363,1767,1
6071,%2AVictorias+secret%2A,416,502,1784555,1262,5
6072,007+Kimchi+Coreano+loco,515,418,2090745,9770,0
6073,Pueblo+de+b%C3%A1rbaros,438,557,0,357,0
6074,007+FUNEBRERO,491,416,2178811,3373,4
6076,Pueblo+de+b%C3%A1rbaros,441,556,1833730,889,0
6077,Noble,518,420,1657363,1311,1
6079,009+ferbaromXXX,471,577,3904,2489,0
6080,Kylan,427,458,2142901,563,6
6081,018,526,423,1556649,1457,1
6083,Pueblo+de+b%C3%A1rbaros,429,538,0,349,0
6084,003,573,540,2028057,9111,8
6085,MGSEAN+I,533,574,2183634,6908,0
6086,Pueblo+de+bonificaci%C3%B3n,468,425,0,483,3
6087,008+Harrenhal,543,431,164,7158,0
6088,Pueblo+de+b%C3%A1rbaros,516,579,0,280,0
6089,%28A025%29+Barbaro+Gris,580,476,222751,570,6
6090,pueblo+de+Alricaus,476,579,2054725,135,0
6091,003+pura+labia,460,428,2002238,3211,5
6092,Vocolinchi+y+Vuculinchi+House,581,486,2182125,1303,3
6093,004+ferbarom,464,574,3904,8260,0
6094,Noble,435,447,219369,4888,8
6095,%2A%2A%2ANedharmel_003%2A%2A%2A,580,506,2118644,8618,0
6096,Pueblo+de+bonificaci%C3%B3n,425,531,0,508,6
6097,Pueblo+de+b%C3%A1rbaros,427,541,0,328,0
6098,017,575,538,2028057,1996,0
6099,%5BA%5D+024+El+favorito+de+tu+novia,454,570,1833730,3878,3
6100,Pueblo+de+ElJama+10,435,446,2121326,2411,5
6102,037B,492,582,2021767,1689,0
6103,031,482,579,2102310,2746,4
6104,004+Rial+OrDeN,470,423,1124356,6162,0
6105,Pueblo+de+b%C3%A1rbaros,510,582,0,491,0
6106,011+FUNEBRERO,485,417,2178811,813,9
6107,004+Adiace,538,428,2005788,2444,4
6108,026,474,580,23632,7325,0
6109,Pueblo+de+b%C3%A1rbaros,582,493,0,451,0
6110,Pueblo+de+bonificaci%C3%B3n,575,469,0,239,5
6111,048B,490,582,2021767,1492,0
6112,.000.,418,521,20451,1565,2
6113,%5BA%5D+009+El+favorito+de+tu+novia,453,570,1833730,10452,0
6114,Pueblo+de+b%C3%A1rbaros,533,425,0,467,0
6115,%28B006%29+Activando+La+Birra,583,491,222751,1050,2
6116,Pueblo+de+bonificaci%C3%B3n,579,468,0,472,9
6117,001,583,487,2174163,2154,0
6118,ReNa+%7E+Palabra,497,417,1174348,4099,5
6119,Noble,420,485,1390210,7370,0
6120,Pueblo+de+b%C3%A1rbaros,416,505,0,399,0
6121,Pueblo+de+bonificaci%C3%B3n,430,540,0,381,7
6122,co103,514,419,2064524,2223,0
6123,Pueblo+de+bonificaci%C3%B3n,534,577,0,351,7
6124,030.+McLeod,567,452,2088603,3156,8
6125,Pueblo+de+b%C3%A1rbaros,419,498,0,186,0
6126,Pueblo+de+b%C3%A1rbaros,581,492,0,341,0
6127,012+Catfish,536,427,217192,759,9
6128,Pueblo+de+bonificaci%C3%B3n,552,435,0,330,3
6129,Pueblo+de+b%C3%A1rbaros,529,422,0,235,0
6130,Pueblo+de+bonificaci%C3%B3n,580,515,0,271,3
6131,003+-+Noble,460,447,2179394,10457,0
6132,Pueblo+de+bonificaci%C3%B3n,502,416,0,380,2
6133,029,570,541,2028057,456,0
6134,022,532,425,1556649,918,9
6135,025,526,420,1556649,490,2
6136,0007+Rocagr%C3%ADs,519,581,2064866,4068,0
6137,002+Casterly+Rock,556,440,2184114,3031,9
6138,Pueblo+de+b%C3%A1rbaros,548,566,0,417,0
6139,Pueblo+de+b%C3%A1rbaros,506,415,1740954,381,0
6140,Pueblo+de+bonificaci%C3%B3n,526,580,1248571,1347,1
6141,Pueblo+de+b%C3%A1rbaros,432,450,0,223,0
6142,Noble,453,429,219369,772,9
6143,Pueblo+de+b%C3%A1rbaros,511,418,0,312,0
6144,Pueblo+de+b%C3%A1rbaros,472,420,0,341,0
6145,K55+Noble+007,502,582,934653,3450,5
6146,Noble+Fantasma+017,553,562,1905015,981,4
6147,Pueblo+de+b%C3%A1rbaros,495,582,0,209,0
6148,Pueblo+de+b%C3%A1rbaros,578,527,0,325,0
6149,Pueblo+de+bonificaci%C3%B3n,532,578,0,360,2
6150,LA+LINEA+4,570,548,2101531,3671,2
6151,Pueblo+de+b%C3%A1rbaros,577,527,0,382,0
6152,003,499,416,1947566,4040,5
6153,Pueblo+de+b%C3%A1rbaros,580,523,0,367,0
6154,Pueblo+de+b%C3%A1rbaros,582,497,0,356,0
6155,N+031+PIOLIN,485,419,2126523,1706,1
6156,Pueblo+de+b%C3%A1rbaros,423,505,1980096,1581,0
6157,021,572,544,2028057,1738,2
6158,07+Dfiru,449,565,926570,2826,3
6159,Pueblo+de+b%C3%A1rbaros,423,524,0,185,0
6160,Pueblo+de+bonificaci%C3%B3n,426,465,0,319,1
6161,06+Sr+Stark,420,511,1736828,6683,0
6162,Pueblo+de+b%C3%A1rbaros,551,565,0,330,0
6163,026+GROCC,581,521,2133408,1806,4
6164,010,460,429,2002238,453,0
6165,021.+McLeod,577,474,2088603,6890,8
6166,022.+McLeod,578,473,2088603,484,9
6167,Pueblo+de+b%C3%A1rbaros,422,531,888810,202,0
6168,AGDE,446,434,2116934,908,1
6169,Estrella+Roja,453,566,23046,9958,8
6170,11+paganini,557,561,2119635,1508,0
6171,Pueblo+de+b%C3%A1rbaros,484,582,0,312,0
6172,888011,540,426,11565,5300,4
6174,Pueblo+de+b%C3%A1rbaros,419,478,0,478,0
6175,Noble,442,439,219369,827,6
6176,007.-+Pentos,465,423,1515545,4280,0
6177,Pueblo+de+b%C3%A1rbaros,465,424,0,455,0
6178,010+FUNEBRERO,488,417,2178811,753,7
6179,013+GROCC,581,513,2133408,7265,8
6180,Pueblo+de+b%C3%A1rbaros,436,447,0,172,0
6181,021+almac%C3%A9n,496,584,934653,6672,9
6182,046.+ABUS,486,582,1678679,977,0
6183,Pueblo+de+b%C3%A1rbaros,525,579,0,545,0
6184,%2A%2A%2ANedharmel_015%2A%2A%2A,582,502,2118644,938,9
6185,Pueblo+de+bonificaci%C3%B3n,418,506,1390210,864,7
6186,%28A018%29+Me+Presento%21%21+Soy+Davidx,576,465,222751,10207,0
6187,039,438,554,1810435,1505,1
6188,005,500,416,1947566,3079,5
6189,pueblo+de+Hotweels,577,468,2179627,182,0
6190,Pueblo+de+b%C3%A1rbaros,441,561,0,341,0
6191,1+03,536,577,2083091,4956,8
6192,Alexandros,517,580,1615111,6996,0
6193,Pueblo+de+bonificaci%C3%B3n,483,581,0,421,7
6194,008+Octava+maravilla,519,417,2090745,9761,0
6195,Pueblo+de+b%C3%A1rbaros,510,584,0,381,0
6196,%5BA%5D+025+El+favorito+de+tu+novia,455,572,1833730,3620,5
6197,016+ferbarom,468,576,3904,2650,1
6198,Pueblo+de+b%C3%A1rbaros,558,560,0,256,0
6199,cabiator,538,574,1148395,3416,8
6200,013+M0d0+DeFF+0N,449,567,1041417,209,0
6201,Pueblo+de+b%C3%A1rbaros,523,582,0,291,0
6202,Pueblo+de+bonificaci%C3%B3n,549,567,0,358,9
6203,03+Aguas+Bravas,516,426,1993578,4255,0
6204,0115+CATERPILLAR,581,476,301920,636,9
6205,Maik018,417,486,2084332,4659,8
6206,Cubo+de+Nuggets+Vegetal,458,471,2184324,9013,0
6207,Pueblo+de+bonificaci%C3%B3n,578,530,0,384,6
6208,pueblo+de+sisiphus2,433,550,2116252,3650,0
6209,Pueblo+de+bonificaci%C3%B3n,567,448,0,331,1
6210,023+Lanza+del+Sol,541,434,164,1258,0
6211,Tebas,571,541,789512,1376,9
6212,021,532,424,1556649,1194,1
6213,Pueblo+de+b%C3%A1rbaros,520,417,0,452,0
6214,Pue002,562,441,743605,3107,8
6215,Pueblo+de+b%C3%A1rbaros,524,538,2183491,366,0
6216,Pueblo+de+bonificaci%C3%B3n,558,561,0,358,6
6217,Pueblo+de+bonificaci%C3%B3n,570,458,0,347,7
6218,007,421,473,2127679,5822,0
6219,Pueblo+de+bonificaci%C3%B3n,584,515,0,270,1
6220,%5B009%5D,583,504,2184203,1034,0
6221,Pueblo+de+bonificaci%C3%B3n,574,463,2101178,202,2
6222,%2ADiablo%2A,423,527,1784555,9422,0
6223,Noble,455,429,219369,807,6
6224,Pueblo+de+b%C3%A1rbaros,555,563,0,237,0
6225,020+Aguas+Dulces,544,431,164,766,2
6226,07+-+Tikka+Masala,441,439,2129228,1077,2
6227,100+Platanoski,527,420,1247466,6478,0
6228,Maik015,419,483,2084332,6296,8
6229,Noble,547,430,2171938,9658,0
6230,Pueblo+de+bonificaci%C3%B3n,546,572,0,323,9
6231,Pueblo+de+bonificaci%C3%B3n,580,484,0,282,7
6232,pueblo+de+ASC94,418,511,2140286,986,0
6233,Pueblo+de+b%C3%A1rbaros,416,509,0,689,0
6234,Fantasma,567,547,891173,3769,1
6235,Pueblo+de+bonificaci%C3%B3n,474,419,0,328,2
6236,007+Rial+OrDeN,472,421,1124356,5233,0
6237,012_Naranja,562,446,1715991,3017,4
6238,Pueblo+de+b%C3%A1rbaros,580,521,0,243,0
6239,028,575,540,2028057,850,0
6240,Pueblo+de+bonificaci%C3%B3n,550,564,0,450,7
6241,009,498,583,934653,8331,8
6242,003,575,462,2122184,6391,0
6243,N+044+PIOLIN,479,418,2126523,1708,0
6244,Pueblo+de+bonificaci%C3%B3n,511,581,0,398,4
6245,Noble,508,419,1657363,1768,3
6246,Lagash,561,543,789512,7384,0
6247,Pueblo+de+b%C3%A1rbaros,566,549,0,342,0
6248,009,421,518,2177554,802,7
6249,N+037+PIOLIN,482,418,2126523,2624,0
6250,%5BA%5D+026+El+favorito+de+tu+novia,452,570,1833730,6313,4
6251,pueblo+de+Uthred,478,421,2178123,1207,0
6252,Pueblo+de+bonificaci%C3%B3n,568,548,0,358,5
6253,Pueblo+de+bonificaci%C3%B3n,582,523,0,420,7
6254,Pueblo+de+b%C3%A1rbaros,448,563,0,233,0
6255,040,435,550,1810435,1131,6
6256,%5B003%5D,582,505,2184203,3304,8
6257,N+006+PIOLIN,486,418,2126523,10495,0
6258,Pueblo+de+bonificaci%C3%B3n,417,517,0,330,2
6259,001+No+es+ninguno,518,424,2090745,9959,0
6260,N002+El+Cid,558,441,2085697,4754,6
6261,025,570,544,2028057,4715,0
6262,008+Neuchatel,570,455,1629978,3006,8
6263,%5B007%5D,585,504,2184203,1360,4
6264,000,490,578,2021767,10049,0
6265,016,493,582,2021767,5366,9
6266,Pueblo+de+b%C3%A1rbaros,581,515,0,352,0
6267,013+ferbaromXXXXX,464,576,3904,2340,3
6268,006,503,416,1947566,2958,3
6269,pueblo+para+KanO,470,440,118153,1544,0
6270,009+Basel,570,454,1629978,1896,5
6271,pueblo+para+KanO,474,432,256280,1570,0
6272,Pueblo+de+bonificaci%C3%B3n,580,469,0,401,9
6273,001,459,427,2002238,7739,2
6278,0.5+-+Senbonzakura+Kageyoshi,505,418,1734443,8819,0
6279,Pueblo+de+bonificaci%C3%B3n,527,580,0,314,2
6280,037.+ABUS,486,584,1678679,1967,3
6282,Pueblo+de+bonificaci%C3%B3n,421,523,888810,498,5
6283,pueblo+de+zuruto,424,483,2178140,6803,0
6284,042.+ABUS,485,582,1678679,1703,0
6285,B_007,424,539,1752476,3324,2
6286,pueblo+de+Demoperro,425,476,2176921,3749,0
6287,024.+McLeod,578,472,2088603,2259,1
6288,Noble,436,443,219369,1065,3
6289,pueblo+de+Atletico,427,466,2176950,3739,0
6290,Pueblo+de+bonificaci%C3%B3n,536,573,0,399,3
6291,003,475,565,1344786,7607,0
6292,013,420,470,2142222,4003,8
6293,Pueblo+de+bonificaci%C3%B3n,552,567,0,312,2
6294,pueblo+de+legendaryEsp,432,510,2048141,441,0
6295,Pueblo+de+bonificaci%C3%B3n,510,585,0,332,3
6296,wena004,422,473,2124191,499,5
6297,Pueblo+de+b%C3%A1rbaros,440,442,0,681,0
6298,Pueblo+de+b%C3%A1rbaros,581,483,0,278,0
6299,001,574,542,2028057,8774,1
6300,Pueblo+de+bonificaci%C3%B3n,516,418,0,299,2
6302,Pueblo+de+b%C3%A1rbaros,452,568,0,299,0
6303,005,494,418,2142802,4724,1
6304,Poni+03,438,556,804111,7188,8
6305,Pueblo+de+b%C3%A1rbaros,417,503,0,306,0
6306,021.1+baba,497,583,934653,2525,0
6307,012,474,581,2466,751,1
6308,023,580,529,2028057,1541,8
6309,008_%7EGasteiz%7E,512,584,2176673,3833,0
6310,Noble,548,430,2171938,3652,0
6311,Pueblo+de+bonificaci%C3%B3n,473,421,0,284,1
6312,041,436,552,1810435,1225,5
6313,Noble,438,446,219369,7079,0
6314,005+Segarro,427,457,2060287,5714,9
6315,Pueblo+de+bonificaci%C3%B3n,415,510,0,320,9
6316,Noble,438,450,219369,7195,0
6317,Pueblo+de+bonificaci%C3%B3n,504,585,0,357,7
6319,Pueblo+de+b%C3%A1rbaros,437,442,0,408,0
6320,Pueblo+de+bonificaci%C3%B3n,430,544,0,427,6
6321,006+Segarro,428,457,2060287,5631,3
6322,CONDOR+DE+LOS+ANDES,519,418,1702675,267,0
6323,Noble,546,428,2171938,1678,0
6324,%2ATorres+y+mazmorras%2A,416,512,1784555,1345,4
6325,Pueblo+de+b%C3%A1rbaros,441,559,0,324,0
6326,Pueblo+de+b%C3%A1rbaros,490,418,0,317,0
6327,Maik014,418,483,2084332,6449,8
6329,Pueblo+de+b%C3%A1rbaros,538,576,0,345,0
6330,Noble,417,489,1390210,4397,9
6331,SKM006,545,429,10764,879,3
6332,pueblo+de+patosov,515,583,1629938,572,0
6333,Pueblo+de+b%C3%A1rbaros,418,477,0,297,0
6334,003.-+Invernalia,466,423,1515545,5083,8
6335,B_006,423,538,1752476,5119,0
6336,Pueblo+de+bonificaci%C3%B3n,580,530,0,461,6
6337,024+GROCC,585,501,2133408,2059,4
6338,Kobe+%2324,486,517,1342035,8484,0
6339,wena005,420,474,2124191,274,2
6340,Pueblo+de+b%C3%A1rbaros,552,433,0,503,0
6341,Pueblo+de+b%C3%A1rbaros,582,522,0,357,0
6342,Pueblo+de+bonificaci%C3%B3n,429,543,0,433,3
6343,Pueblo+de+bonificaci%C3%B3n,576,535,819429,1912,1
6344,VILLA+DEVOTO,522,578,20146,4923,0
6345,Pueblo+de+b%C3%A1rbaros,430,455,0,289,0
6346,021+Embutido+Granjero,422,528,888810,5050,6
6347,Noble,434,447,219369,4668,8
6348,0009+Torremagna,518,579,2064866,9993,0
6349,Pueblo+de+bonificaci%C3%B3n,420,472,0,395,3
6350,06+Daniela,457,573,80335,4896,4
6351,003-Probando,447,451,1317137,10019,0
6352,0009,568,552,741002,2431,9
6353,000-Djfonty,523,573,2183314,7570,0
6354,011+NOBLE,582,475,2177144,2644,1
6355,bigua3,539,575,2184207,836,4
6356,Pedro+ktp,554,562,2184168,308,0
6357,Pueblo+de+bonificaci%C3%B3n,417,493,1945137,1109,5
6358,002,457,427,2002238,9712,8
6359,Pueblo+de+b%C3%A1rbaros,418,518,0,173,0
6360,Pueblo+de+bonificaci%C3%B3n,493,416,0,426,7
6361,K%C3%A4Lm,445,563,23046,3763,0
6362,%7C004%7C+MoaBDiV,551,433,1627158,1969,6
6363,Heidy+021+001+Malabo,568,452,2023202,10160,0
6364,Pueblo+de+b%C3%A1rbaros,571,544,0,317,0
6365,Pueblo+de+bonificaci%C3%B3n,578,465,0,373,1
6366,1-+Granjero,520,573,1702291,9533,0
6367,Pueblo+de+b%C3%A1rbaros,482,581,0,370,0
6368,0003.+Rocanegra,518,583,2064866,9949,8
6369,Pueblo+de+b%C3%A1rbaros,454,431,0,283,0
6370,Pueblo+de+b%C3%A1rbaros,416,490,1390210,749,0
6371,Pueblo+de+bonificaci%C3%B3n,561,559,0,346,2
6372,012.+McLeod,580,482,2088603,712,8
6373,001+Exclama,518,572,1137797,7217,0
6374,N+055+PIOLIN,484,415,2126523,1581,7
6375,012,421,466,2142222,3548,2
6376,Pueblo+de+b%C3%A1rbaros,539,423,0,302,0
6377,012,474,418,2134563,468,2
6378,Pueblo+de+bonificaci%C3%B3n,416,485,1390210,1601,1
6379,%7C002%7C+MoaBDiV,553,435,1627158,5295,0
6380,Tower+016,458,425,2082469,5544,4
6381,Pueblo+de+b%C3%A1rbaros,582,483,0,215,0
6382,07+vivaldi,560,557,2119635,2374,5
6383,Pueblo+de+bonificaci%C3%B3n,440,562,0,282,7
6384,%7E+CeMeNTeRiO+ZuPiO+%7E,428,464,1945722,1958,0
6385,Pueblo+de+bonificaci%C3%B3n,572,543,0,269,4
6386,Pueblo+de+b%C3%A1rbaros,516,419,0,329,0
6387,Pueblo+de+b%C3%A1rbaros,545,570,0,250,0
6388,ReNa+%7E+To+the+top,500,414,1174348,8508,8
6389,HoRdAs,567,449,2014236,8351,0
6390,Pueblo+de+b%C3%A1rbaros,414,493,0,472,0
6391,Pueblo+de+bonificaci%C3%B3n,577,540,0,224,7
6392,%2AVladivostok%2A,414,505,1784555,1539,8
6393,007+M0d0+DeFF+0N,445,566,1041417,764,0
6394,Pueblo+de+b%C3%A1rbaros,491,417,0,351,0
6395,Pueblo+de+bonificaci%C3%B3n,518,584,0,377,2
6396,003+-+Dirdam,437,444,216871,1246,7
6397,C45+O01+Cobhelo,574,484,1075536,9331,0
6398,LA+LINEA+5,571,548,2101531,1007,0
6399,Amanecer+Zulu%2A,421,528,1784555,559,5
6400,000+tomatela,459,428,2002238,10559,0
6401,Pueblo+de+b%C3%A1rbaros,436,446,0,379,0
6402,La+cola+del+escorpion%2A,420,528,1784555,530,8
6403,009+FUNEBRERO,487,416,2178811,2402,8
6404,Pueblo+de+b%C3%A1rbaros,478,582,0,307,0
6405,wena003,422,470,2124191,2615,8
6406,Pueblo+de+ElJama+08,434,450,2121326,2457,5
6407,sal,579,524,2184172,424,0
6408,042,439,556,1810435,1250,3
6409,Pueblo+de+bonificaci%C3%B3n,583,481,0,231,9
6410,Pueblo+de+b%C3%A1rbaros,562,445,0,248,0
6411,Pueblo+de+b%C3%A1rbaros,435,443,0,403,0
6412,Pueblo+de+bonificaci%C3%B3n,415,492,1833730,751,2
6413,Pasando+la+noche,586,497,1510598,912,5
6415,Pueblo+de+b%C3%A1rbaros,424,541,0,367,0
6416,Pueblo+de+bonificaci%C3%B3n,414,495,1833730,892,6
6418,Pueblo+de+b%C3%A1rbaros,456,430,0,304,0
6419,Pueblo+de+bonificaci%C3%B3n,551,567,2184205,397,9
6420,004,432,453,2113999,6723,8
6421,pueblo+de+alfredo11,570,513,2126394,6148,0
6422,Noble,445,437,219369,789,6
6423,005,574,544,2028057,7154,0
6424,16+tresenuno,417,514,1736828,466,8
6425,13+forja,418,513,1736828,800,3
6426,Pueblo+de+b%C3%A1rbaros,426,539,0,314,0
6427,Pueblo+de+b%C3%A1rbaros,556,436,0,471,0
6428,Pueblo+de+bonificaci%C3%B3n,419,530,0,312,9
6429,Pueblo+de+b%C3%A1rbaros,428,547,0,155,0
6430,015,490,583,2021767,5368,5
6431,N+038+PIOLIN,482,419,2126523,1857,0
6432,Pueblo+de+b%C3%A1rbaros,579,526,0,434,0
6433,%5B005%5D,584,505,2184203,2152,5
6434,Pueblo+de+b%C3%A1rbaros,571,451,0,209,0
6435,Tower+023,461,424,2082469,4628,0
6436,0007,566,550,741002,2487,5
6437,019,533,420,1556649,1351,8
6438,Pueblo+de+b%C3%A1rbaros,432,447,0,256,0
6439,%28A021%29+Limpiezas+Davidx+S.L.,575,461,222751,4119,4
6440,004+-+Smallville,577,541,2177858,6202,0
6441,Pueblo+de+b%C3%A1rbaros,416,514,0,481,0
6442,031+ferbarom,470,579,3904,1504,7
6443,009+Elorrixo+H,453,573,1845090,1713,3
6444,888015,540,425,11565,6083,0
6445,RIO+2,448,432,2117545,967,1
6446,Pue001,564,442,743605,4954,0
6447,026,431,448,2113999,1817,1
6448,0112+TIR,581,473,301920,1404,2
6449,Pueblo+de+b%C3%A1rbaros,505,583,0,295,0
6450,Pueblo+de+bonificaci%C3%B3n,415,493,1833730,770,5
6451,Bonete,448,436,2059472,5979,0
6452,Pueblo+de+b%C3%A1rbaros,427,544,0,437,0
6453,010,421,465,2142222,3338,8
6454,043,436,556,1810435,5606,2
6455,Pueblo+de+b%C3%A1rbaros,440,559,0,194,0
6456,Pueblo+de+bonificaci%C3%B3n,574,543,0,283,9
6457,Pueblo+de+bonificaci%C3%B3n,574,460,2184187,403,9
6458,%2AAnimales+de+compa%C3%B1ia%2A,422,529,1784555,9810,0
6459,032+ferbarom,470,581,3904,865,0
6460,008+Rhapshody,573,457,2085697,1955,6
6461,%28A027%29+Fuego+y+Ceniza,580,478,222751,291,0
6462,000,417,523,20451,5834,8
6463,0008+Torrefuerte,521,581,2064866,4170,0
6464,Pueblo+de+b%C3%A1rbaros,413,503,0,372,0
6465,Maik025,419,481,2084332,3305,9
6466,018,576,538,2028057,1959,4
6467,%5B%2ACH%2A%5D+012,458,518,2094332,5833,0
6468,Pueblo+de+bonificaci%C3%B3n,563,557,0,365,2
6469,Pueblo+de+bonificaci%C3%B3n,551,566,0,253,2
6470,Pueblo+de+b%C3%A1rbaros,572,452,0,194,0
6471,055,500,583,1344786,1037,6
6472,015+GROCC,583,517,2133408,6262,4
6473,%5B001%5D+-+Pueblo+de+King75,456,572,2180401,597,0
6474,Pueblo+de+bonificaci%C3%B3n,428,546,0,342,6
6475,006+-+Honor+a+Don+Alkimia,457,571,286637,5916,0
6476,Pueblo+de+b%C3%A1rbaros,414,503,0,322,0
6477,Noble,454,428,219369,728,2
6478,Noble+Fantasma+018,561,556,1905015,1507,2
6480,004+LRN,420,475,2184204,3298,8
6481,Pueblo+de+b%C3%A1rbaros,439,557,0,320,0
6482,Pueblo+de+b%C3%A1rbaros,585,491,0,341,0
6483,Pueblo+de+bonificaci%C3%B3n,561,557,0,290,9
6484,Noble+008,553,566,2124934,1703,4
6485,Pueblo+de+b%C3%A1rbaros,421,535,0,278,0
6486,Pueblo+de+b%C3%A1rbaros,422,530,888810,306,0
6487,Maik013,415,484,2084332,6141,6
6488,N+039+PIOLIN,479,417,2126523,2092,3
6489,01+JOSPI,514,586,1130513,3671,0
6490,Pueblo+de+b%C3%A1rbaros,582,528,0,324,0
6491,0011,442,563,1344475,4071,1
6492,Maik019,417,482,2084332,6401,5
6493,XxXxX+002,546,506,2057638,5532,0
6494,Pueblo+de+b%C3%A1rbaros,441,562,0,286,0
6495,017,433,445,2113999,2271,3
6496,002,582,489,2174163,1914,0
6497,010,573,541,2028057,6759,4
6498,023,535,423,1556649,908,6
6499,003+JAM,583,526,1825930,9612,0
6500,Pueblo+de+b%C3%A1rbaros,534,420,0,328,0
6501,0113+ARANCELES+VARIOS,584,480,301920,1782,6
6502,009+Pyke,547,429,164,6522,8
6503,005,573,459,2122184,4193,0
6504,Pueblo+de+b%C3%A1rbaros,579,536,0,403,0
6505,028+Pinocho,521,416,2090745,4229,1
6506,Pueblo+de+bonificaci%C3%B3n,423,470,2121007,1543,6
6507,Pueblo+de+b%C3%A1rbaros,576,463,0,494,0
6508,Pueblo+de+b%C3%A1rbaros,416,510,0,229,0
6509,010+El+muro,549,430,164,4074,4
6510,006+Journey,572,456,2085697,6181,0
6511,5+-+Danko11,586,510,2184210,792,0
6512,038.+ABUS,490,586,1678679,2213,1
6513,%5B002%5D,586,507,2184203,5722,0
6514,N+052+PIOLIN,481,416,2126523,1623,0
6515,024,525,420,1556649,971,8
6516,pueblo+de+Ka%C3%ADn,542,574,294623,2546,0
6517,002+centro,506,584,2181523,4742,8
6518,Pueblo+de+bonificaci%C3%B3n,515,585,0,428,7
6519,pueblo+de+Victorgm,584,493,202091,1366,0
6520,011,418,471,2127679,1197,5
6521,%2AEl+ultimo+vals%2A,415,521,1784555,9541,0
6522,021+ferbaromXXX,461,578,3904,2528,3
6523,Pueblo+de+bonificaci%C3%B3n,555,564,1905015,908,5
6524,SKM005,546,427,10764,2776,0
6525,Noble,438,440,219369,760,4
6526,.......,416,519,20451,1234,6
6527,004+GROCC,585,518,2133408,8481,0
6528,004,502,414,1947566,3326,4
6529,003+LRN,419,473,2184204,4507,0
6530,Pueblo+de+bonificaci%C3%B3n,435,442,0,381,7
6531,pasado+el+d%C3%ADa,586,499,1510598,3328,0
6532,Pueblo+de+b%C3%A1rbaros,530,419,0,257,0
6533,Pueblo+de+bonificaci%C3%B3n,546,574,0,476,3
6534,Pueblo+de+bonificaci%C3%B3n,567,445,0,294,3
6535,Pueblo+de+b%C3%A1rbaros,580,524,0,324,0
6536,....,416,518,20451,516,0
6537,SPAID%3A+Guerreros+Killers+XIV,529,580,486339,326,4
6538,Pueblo+de+b%C3%A1rbaros,537,425,0,326,0
6539,Pueblo+de+bonificaci%C3%B3n,549,433,0,298,6
6540,007+Seven,422,540,1233516,4679,8
6541,pueblo+de+sotillano,460,424,2034229,1362,0
6542,008+Barryl,553,567,1024499,720,3
6543,Pueblo+de+bonificaci%C3%B3n,540,574,102641,302,6
6544,Pueblo+de+b%C3%A1rbaros,548,569,0,208,0
6545,008+Elorrixo+B,455,571,1845090,1972,2
6546,Tower+015,464,420,2082469,6324,6
6547,Pueblo+de+b%C3%A1rbaros,431,447,0,519,0
6548,Pueblo+de+b%C3%A1rbaros,426,544,0,273,0
6549,033+Mineros,522,417,2090745,3267,9
6550,008,474,579,23632,5255,0
6551,Pueblo+de+bonificaci%C3%B3n,432,445,0,254,9
6552,0114+DELLTA,584,479,301920,1442,6
6553,%28A019%29+Apocalipsis,580,473,222751,10301,0
6554,%5B008%5D,584,504,2184203,1133,0
6555,Strokom,565,555,1941136,3127,4
6556,Hobbiton,471,421,2184189,909,0
6557,Pueblo+de+b%C3%A1rbaros,511,413,0,327,0
6558,0005.+Valdelobo,519,583,2064866,9619,6
6559,006,577,537,2028057,8340,0
6560,.000000.,416,520,20451,1305,8
6561,Pueblo+de+bonificaci%C3%B3n,415,505,0,360,1
6562,Pueblo+de+b%C3%A1rbaros,587,500,0,327,0
6563,Pueblo+de+b%C3%A1rbaros,506,416,0,400,0
6564,004,471,580,2466,2289,4
6565,Noble+Fantasma+004,564,556,1905015,9805,8
6567,018+ferbaromXXXXX,463,577,3904,2561,7
6568,022+GROCC,585,519,2133408,2450,9
6569,Pueblo+de+b%C3%A1rbaros,497,413,0,183,0
6570,012+M0d0+DeFF+0N,442,564,1041417,390,0
6571,007+Segarro,425,457,2060287,5531,2
6572,Pueblo+de+bonificaci%C3%B3n,518,585,0,372,2
6573,Pueblo+de+b%C3%A1rbaros,419,531,0,681,0
6574,Pueblo+de+b%C3%A1rbaros,431,449,0,362,0
6575,007+LRN,416,476,2184204,665,7
6576,villa+A,533,579,2184193,184,0
6577,Pueblo+de+b%C3%A1rbaros,420,469,0,417,0
6578,030+Treintona,522,419,2090745,4000,5
6579,Noble,447,431,219369,615,7
6580,Pueblo+de+b%C3%A1rbaros,440,440,0,208,0
6581,008+Segarro,426,458,2060287,5795,2
6582,Pueblo+de+b%C3%A1rbaros,571,547,0,254,0
6583,K55+Noble+015,503,587,934653,3650,1
6584,001,460,565,2172838,7483,0
6585,Pueblo+de+b%C3%A1rbaros,435,444,0,293,0
6586,Noble+Fantasma+009,559,561,1905015,4935,8
6587,%5BA%5D+032+El+favorito+de+tu+novia,453,572,1833730,10452,0
6588,032,576,539,2028057,297,0
6589,00000000,417,525,20451,4897,1
6590,Pueblo+de+bonificaci%C3%B3n,578,467,0,518,2
6592,Maik041,417,483,2084332,772,0
6593,%28B011%29+La+Sarten+Al+Cazo,584,485,222751,604,3
6594,Voyager+I,569,552,1907385,4438,0
6595,Pueblo+de+bonificaci%C3%B3n,585,483,0,415,1
6596,Maik017,418,480,2084332,9324,0
6597,Pueblo+de+b%C3%A1rbaros,489,585,0,321,0
6598,Pueblo+de+bonificaci%C3%B3n,415,494,1833730,884,4
6599,002,575,541,2028057,8924,3
6600,Pueblo+de+b%C3%A1rbaros,537,578,0,139,0
6601,Pueblo+de+b%C3%A1rbaros,513,586,0,378,0
6602,Maik011,416,483,2084332,7746,3
6603,La+casa+del+Granjero,496,421,1796437,4701,0
6604,Pueblo+de+b%C3%A1rbaros,438,561,0,319,0
6605,Noble,451,428,219369,1022,9
6606,006,418,473,2127679,7872,0
6607,Pueblo+de+bonificaci%C3%B3n,442,437,0,300,9
6608,Pueblo+de+b%C3%A1rbaros,414,507,0,186,0
6609,Pueblo+de+b%C3%A1rbaros,540,424,0,360,0
6610,014,419,468,2142222,3664,2
6611,Gondor,507,415,1740954,2336,0
6612,Pueblo+de+bonificaci%C3%B3n,493,415,0,292,5
6613,N+034+PIOLIN,480,418,2126523,1651,9
6614,101+Salemsio,526,419,1247466,5501,0
6615,Pueblo+de+b%C3%A1rbaros,513,415,0,278,0
6616,Vecino+de+Diegolapac+01,534,421,2088720,552,2
6617,0006,566,552,741002,5434,8
6618,N+059+PIOLIN,485,415,2126523,1416,0
6619,016,575,537,2028057,1985,0
6620,046+cuartel,496,588,934653,2451,5
6621,Pueblo+de+bonificaci%C3%B3n,505,588,0,307,6
6622,N+005+PIOLIN,481,417,2126523,10495,0
6623,D_011,437,560,1752476,2693,2
6624,Pueblo+de+bonificaci%C3%B3n,567,446,0,319,8
6625,Pueblo+de+b%C3%A1rbaros,413,511,0,183,0
6626,Pueblo+de+b%C3%A1rbaros,424,543,0,321,0
6627,Pueblo+de+bonificaci%C3%B3n,427,459,0,417,1
6628,Maik016,415,482,2084332,9782,0
6629,Pueblo+de+bonificaci%C3%B3n,422,462,2121007,469,6
6630,04+-+Mati,443,436,2129228,2433,8
6631,SPAID%3A+Guerreros+Killers+X,534,580,486339,851,0
6632,017,486,586,2021767,5664,2
6637,Legi%C3%B3n+de+Ragnar%C3%B6k+%7C+003,414,483,2116596,2643,0
6638,RIO+3,448,433,2117545,738,3
6642,%28B002%29+El+Juego+De+La+Mente,584,490,222751,9567,0
6643,Noble+Fantasma+019,563,555,1905015,1230,1
6644,Pueblo+de+b%C3%A1rbaros,580,470,0,238,0
6645,Pueblo+de+bonificaci%C3%B3n,416,506,0,208,2
6646,N+007+PIOLIN,486,417,2126523,10495,0
6647,Pueblo+de+b%C3%A1rbaros,580,468,0,332,0
6648,012+Pentos,543,424,164,4191,8
6649,Pueblo+de+bonificaci%C3%B3n,515,584,0,309,7
6650,N+009+PIOLIN,483,419,2126523,10495,0
6651,Pueblo+de+bonificaci%C3%B3n,534,422,0,235,7
6652,N+008+PIOLIN,476,417,2126523,10495,0
6653,027+GROCC,585,502,2133408,1783,4
6654,011,578,535,2028057,6114,6
6655,Pueblo+de+b%C3%A1rbaros,541,508,0,361,0
6656,045+Isla+del+Oso,541,425,164,321,0
6657,Pueblo+de+bonificaci%C3%B3n,472,418,2134563,303,9
6658,Pueblo+de+bonificaci%C3%B3n,415,503,0,322,9
6659,N+003+PIOLIN,481,423,2126523,10495,0
6660,041+GROCC,585,516,2133408,1797,3
6661,N+004+PIOLIN,484,420,2126523,10495,0
6662,%5BA%5D+027+El+favorito+de+tu+novia,439,558,1833730,3967,4
6663,Pueblo+de+bonificaci%C3%B3n,429,549,2116252,434,7
6664,Pueblo+de+b%C3%A1rbaros,586,492,0,125,0
6665,Pueblo+de+b%C3%A1rbaros,414,499,0,308,0
6666,Pueblo+de+bonificaci%C3%B3n,452,573,1833730,622,7
6667,Pueblo+de+bonificaci%C3%B3n,420,465,0,429,7
6668,Bubudinchi+y+Dudinchi+House,579,487,2182125,7058,0
6669,Pueblo+de+b%C3%A1rbaros,574,452,0,397,0
6670,005,434,449,2113999,7089,8
6671,033+GROCC,587,498,2133408,1783,4
6672,058,464,580,1344786,205,0
6673,Pueblo+de+b%C3%A1rbaros,420,537,0,317,0
6674,028.+McLeod,583,475,2088603,5938,8
6675,B_004,426,540,1752476,3099,3
6676,%5B001%5D,585,507,2184203,8829,0
6677,041+baba,499,587,934653,2777,0
6678,%5B02%5D+Caraxes,413,490,1105744,293,8
6679,N+001+PIOLIN,479,427,2126523,10495,0
6680,Pueblo+de+bonificaci%C3%B3n,552,568,2184205,649,5
6681,SPAID%3A+Guerreros+Killers+XV,530,580,486339,305,9
6682,Pueblo+de+b%C3%A1rbaros,417,474,0,146,0
6683,Pueblo+de+bonificaci%C3%B3n,587,513,2133408,314,9
6684,Pueblo+de+bonificaci%C3%B3n,587,492,0,279,9
6685,Pueblo+de+b%C3%A1rbaros,436,439,0,372,0
6686,.000,415,522,20451,1809,0
6687,Noble,552,429,2171938,1404,1
6688,025,504,584,1344786,1656,5
6689,El+Reino,570,452,2173921,2686,0
6690,Pueblo+de+bonificaci%C3%B3n,538,423,0,357,1
6691,004+-+Tach,437,443,216871,292,1
6692,001+LRN,415,476,2184204,10495,0
6693,Pueblo+de+b%C3%A1rbaros,452,431,0,271,0
6694,001,420,464,2130145,3099,1
6695,Pueblo+de+bonificaci%C3%B3n,579,469,0,305,1
6696,Pueblo+de+b%C3%A1rbaros,416,475,0,237,0
6697,Pueblo+de+b%C3%A1rbaros,491,585,0,280,0
6698,Pueblo+de+bonificaci%C3%B3n,558,437,0,490,6
6699,009+M0d0+DeFF+0N,447,566,1041417,689,7
6700,pueblo+de+iop69,485,416,2140537,2056,0
6701,012+House+of+the+Rising+Sun,492,414,1993222,2857,2
6702,Kylan,417,475,2142901,3964,4
6703,Pueblo+de+b%C3%A1rbaros,432,446,0,250,0
6704,Pueblo+de+bonificaci%C3%B3n,458,576,0,366,6
6705,pueblo+de+jroberto,550,568,2184205,4870,0
6706,Pueblo+de+b%C3%A1rbaros,555,436,0,308,0
6707,102+Monitpayton,531,418,1247466,3087,5
6708,Pueblo+de+bonificaci%C3%B3n,504,414,0,298,2
6709,0025+K44+Cegarro%3F%3F,458,466,2132828,3482,0
6710,Pueblo+de+b%C3%A1rbaros,479,583,0,322,0
6711,Pueblo+de+bonificaci%C3%B3n,587,506,0,254,7
6712,Berl%C3%ADn,444,435,2184215,1755,8
6713,Pueblo+de+b%C3%A1rbaros,528,418,0,220,0
6714,Pueblo+de+bonificaci%C3%B3n,560,436,0,381,2
6715,Noble,452,427,219369,782,2
6716,Pueblo+de+b%C3%A1rbaros,453,575,0,443,0
6717,06+Dfiru,446,565,926570,3426,4
6718,009,420,468,2127679,1873,8
6719,ThC,573,453,2014236,8629,0
6720,Noble,446,431,219369,1058,5
6721,%28B005%29+Conquistando+Un+Barbaro,586,488,222751,890,3
6722,Arnor,508,415,1740954,4633,0
6723,012,473,584,2102310,6921,8
6724,Pueblo+de+bonificaci%C3%B3n,560,438,0,326,5
6725,yanyA%21%21,538,575,1173630,5684,0
6726,Pueblo+de+bonificaci%C3%B3n,528,419,0,383,7
6727,Pueblo+de+bonificaci%C3%B3n,549,569,0,558,7
6728,Pueblo+de+b%C3%A1rbaros,515,415,0,492,0
6729,Pueblo+de+bonificaci%C3%B3n,417,468,2121007,434,3
6730,024,483,586,2102310,5055,8
6731,Pueblo+de+Alma+%282%29,588,489,2182386,1746,0
6732,12+-+Muxo+rasista,425,546,2183448,1429,3
6733,025+ABUS%21,485,517,1271321,4091,0
6734,031+Minutos,521,418,2090745,3870,1
6735,Pueblo+de+b%C3%A1rbaros,567,464,2101846,1676,0
6736,036+Fuerte+Terror,545,428,164,653,0
6737,Pueblo+de+bonificaci%C3%B3n,569,549,0,312,7
6738,%5BA%5D+028+El+favorito+de+tu+novia,452,569,1833730,4113,6
6739,103.0,526,575,1553074,6297,0
6740,Pueblo+de+b%C3%A1rbaros,565,559,0,318,0
6741,Pueblo+de+bonificaci%C3%B3n,571,552,0,350,6
6742,0+-+Danko11,588,510,2184210,8009,0
6743,....,418,528,20451,687,5
6744,Pueblo+de+b%C3%A1rbaros,457,574,0,170,0
6745,K55+Noble+011,502,587,934653,2471,0
6746,Pueblo+de+bonificaci%C3%B3n,494,412,0,340,6
6747,Pueblo+de+bonificaci%C3%B3n,580,535,0,234,7
6748,Nazar%C3%A9+004,455,459,2184251,5629,0
6749,Pueblo+de+bonificaci%C3%B3n,564,559,0,302,9
6750,Pueblo+de+bonificaci%C3%B3n,541,577,0,292,9
6751,Pueblo+de+b%C3%A1rbaros,553,434,0,216,0
6752,Tower+006,459,422,2082469,10232,6
6753,zZzZzZ+2,538,507,2129677,9436,0
6754,Pueblo+de+b%C3%A1rbaros,585,508,0,250,0
6755,Pueblo+de+bonificaci%C3%B3n,496,413,0,476,4
6756,Pueblo+de+bonificaci%C3%B3n,581,526,0,341,3
6757,pueblo+de+metal+mania,416,522,1385426,2240,0
6758,Pueblo+de+bonificaci%C3%B3n,545,576,0,304,6
6759,Pueblo+de+bonificaci%C3%B3n,516,586,0,292,7
6760,%5BB%5D+002+El+favorito+de+tu+novia,412,493,1833730,7537,0
6761,Pueblo+de+b%C3%A1rbaros,553,433,0,394,0
6762,Pueblo+de+bonificaci%C3%B3n,507,412,0,330,6
6763,05+Darmstadt,477,464,2137298,3334,0
6764,0012,441,563,1344475,4211,5
6766,Pueblo+de+b%C3%A1rbaros,414,500,0,403,0
6767,Pueblo+de+bonificaci%C3%B3n,528,583,0,291,9
6768,-0001,588,507,2009293,8431,0
6769,Kylan,415,474,2142901,3667,4
6770,Clak+00,583,518,2180626,4194,0
6771,Pueblo+de+b%C3%A1rbaros,510,586,0,371,0
6772,-X06-+%2ADiclofenaco%2A,468,582,862456,5583,9
6773,Daisy+01,441,438,2184215,9403,0
6774,Pueblo+de+bonificaci%C3%B3n,415,481,1390210,1575,3
6775,D_010,438,560,1752476,3184,1
6776,01+-+Kokanio,442,448,2129228,6279,0
6777,024+Vente+en+4,522,414,2090745,4524,5
6779,Pueblo+de+bonificaci%C3%B3n,415,506,0,271,3
6780,C.004.00,585,523,2182227,1399,4
6781,Pue,562,437,743605,8221,0
6782,SPAID%3A+Guerreros+Killers+XII,528,582,486339,425,3
6783,003+M0d0+DeFF+0N,446,567,1041417,2803,1
6784,B_005,424,542,1752476,4588,0
6785,Pueblo+de+b%C3%A1rbaros,503,586,0,262,0
6786,11+-+Tuto+okupa,426,546,2183448,1695,7
6787,Pueblo+de+b%C3%A1rbaros,420,462,0,511,0
6788,Pueblo+de+b%C3%A1rbaros,413,515,0,379,0
6789,Noble+009,552,571,2124934,1453,2
6790,pueblo+de+kingwargene,574,545,3638,1248,0
6791,Pueblo+de+b%C3%A1rbaros,420,466,0,208,0
6792,K55+Noble+010,506,588,934653,3126,9
6793,Pueblo+de+bonificaci%C3%B3n,577,544,2123609,358,6
6794,Pueblo+de+b%C3%A1rbaros,572,551,0,100,0
6795,Pueblo+de+bonificaci%C3%B3n,588,504,0,330,3
6796,005+barryl,560,563,1024499,2231,1
6797,0010+Uff....,517,577,2064866,8430,0
6798,Pueblo+de+b%C3%A1rbaros,580,472,0,335,0
6799,009,578,540,2028057,6111,2
6800,Demoni+016,438,468,2067012,6170,0
6801,010+Miles,582,531,1825930,2525,1
6802,pueblo+de+Javivu24,509,589,2181847,425,0
6803,N+042+PIOLIN,482,417,2126523,2059,0
6804,N+032+PIOLIN,483,416,2126523,1706,2
6805,Pueblo+de+bonificaci%C3%B3n,414,481,2116596,1386,8
6806,007,486,587,2021767,7946,0
6807,Pueblo+de+b%C3%A1rbaros,517,587,0,338,0
6808,N+054+PIOLIN,482,415,2126523,1605,4
6809,Pueblo+de+bonificaci%C3%B3n,539,421,0,231,5
6810,Pueblo+de+b%C3%A1rbaros,529,417,0,139,0
6811,Pueblo+de+b%C3%A1rbaros,436,558,0,273,0
6812,023+GROCC,586,518,2133408,2241,1
6813,Pueblo+de+b%C3%A1rbaros,417,470,0,185,0
6814,Pueblo+de+b%C3%A1rbaros,519,584,0,349,0
6815,019,579,533,2028057,1851,1
6816,Pueblo+de+b%C3%A1rbaros,510,588,0,192,0
6817,Pueblo+de+b%C3%A1rbaros,533,578,0,286,0
6818,002+M0d0+DeFF+0N,445,570,1041417,2873,1
6819,Pueblo+de+b%C3%A1rbaros,539,422,0,143,0
6820,Pueblo+de+bonificaci%C3%B3n,414,488,1390210,1105,8
6821,Pueblo+de+bonificaci%C3%B3n,433,447,0,319,7
6822,014,426,451,2121007,6763,0
6823,009+Segarro,423,457,2060287,5633,8
6824,011+Lys,541,422,164,5046,8
6825,Pueblo+de+b%C3%A1rbaros,495,586,0,238,0
6826,Pueblo+de+b%C3%A1rbaros,508,588,0,247,1
6827,Pueblo+de+bonificaci%C3%B3n,415,491,1833730,2247,4
6828,Nosferaru00,567,447,2143264,1454,0
6829,Pueblo+de+b%C3%A1rbaros,585,517,0,319,0
6830,Pueblo+de+bonificaci%C3%B3n,568,448,0,319,3
6831,Tower+018,455,424,2082469,4124,4
6832,Noble,448,429,219369,6424,0
6833,Pueblo+de+bonificaci%C3%B3n,411,500,2093353,382,4
6834,Fornholt,567,555,1941136,3208,8
6835,03+-+XXpoleas,440,437,2129228,6650,0
6836,010+Segarro,424,455,2060287,5794,8
6837,Pueblo+de+bonificaci%C3%B3n,414,511,0,333,6
6838,Pueblo+de+b%C3%A1rbaros,424,457,0,333,0
6839,Pueblo+de+b%C3%A1rbaros,559,434,0,354,0
6840,Pueblo+de+bonificaci%C3%B3n,524,583,0,339,9
6841,pueblo+de+Se%C3%B1or+malarqui,568,447,1964855,345,0
6842,002,420,467,2130145,2480,8
6843,Pueblo+de+b%C3%A1rbaros,425,543,0,185,0
6844,Pueblo+de+b%C3%A1rbaros,523,583,0,274,0
6845,Pueblo+de+bonificaci%C3%B3n,496,415,0,225,7
6846,.0000.,415,527,20451,1632,5
6847,CARCASONE,442,435,2116934,6280,0
6848,Pueblo+de+bonificaci%C3%B3n,571,447,0,247,9
6849,Pueblo+de+b%C3%A1rbaros,526,581,0,147,0
6850,Pueblo+de+b%C3%A1rbaros,456,574,0,283,0
6851,003+Cuadra,550,426,1610816,3120,5
6852,Pueblo+de+b%C3%A1rbaros,569,445,0,360,0
6853,Pueblo+de+b%C3%A1rbaros,570,445,0,324,0
6854,0108+CIF+ESTAMBUL,584,477,301920,2794,1
6855,003,479,584,2466,8748,0
6856,Pueblo+de+b%C3%A1rbaros,576,547,0,300,0
6857,%7C006%7C+MoaBDiV,554,433,1627158,1090,5
6858,047+baba,495,587,934653,2090,0
6859,013,425,453,2121007,6266,8
6860,Pueblo+de+bonificaci%C3%B3n,585,482,0,420,7
6861,Pueblo+de+b%C3%A1rbaros,413,501,0,246,0
6862,Noble+Fantasma+020,563,558,1905015,1703,9
6863,009,470,584,23632,5131,0
6864,Pueblo+de+bonificaci%C3%B3n,565,439,0,300,3
6865,Pueblo+de+b%C3%A1rbaros,415,511,0,911,0
6866,4+-+Danko11,588,511,2184210,1063,0
6867,Pueblo+de+bonificaci%C3%B3n,556,435,0,239,2
6868,Pueblo+de+b%C3%A1rbaros,558,434,0,198,0
6869,Vorenhold,567,554,1941136,1867,1
6870,TOURS,446,432,2116934,831,3
6871,Pueblo+de+b%C3%A1rbaros,568,551,0,160,0
6872,Pueblo+de+b%C3%A1rbaros,413,495,0,275,0
6873,%28B014%29+Barbarito+Destructor,586,487,222751,343,6
6874,0107+FOB+BARCELONA,583,477,301920,4905,2
6875,ZERO,415,502,1326344,2175,0
6876,Pueblo+de+b%C3%A1rbaros,522,585,0,290,0
6877,Pueblo+de+bonificaci%C3%B3n,419,535,0,311,6
6878,046+baba,496,586,934653,2518,0
6879,Pueblo+de+b%C3%A1rbaros,581,468,0,257,0
6880,Noble+202,498,411,1617970,3431,2
6881,008+Noble,585,487,1666646,3666,8
6882,Pueblo+de+b%C3%A1rbaros,571,445,0,184,0
6883,043+baba,497,586,934653,2692,0
6884,Lothlorien,507,414,1740954,645,9
6885,Pueblo+de+b%C3%A1rbaros,456,465,0,223,0
6886,SPAID%3A+Guerreros+Killers+IX,530,584,486339,581,0
6887,Pueblo+de+bonificaci%C3%B3n,563,437,0,268,4
6888,040+cuartel,497,589,934653,3229,5
6889,Pueblo+de+b%C3%A1rbaros,474,585,0,162,0
6890,PERPIGNAN,440,435,2116934,1004,0
6891,Pueblo+de+bonificaci%C3%B3n,469,419,0,294,1
6892,pueblo+de+jubebur,442,438,1635695,283,0
6893,K55+Noble+016,502,589,934653,3536,4
6894,Pueblo+de+bonificaci%C3%B3n,574,458,2184187,820,9
6895,Club+tigre+02,484,434,554260,4738,0
6896,018,485,586,2021767,5579,9
6897,N008,578,542,2123609,8966,0
6898,005+LRN,416,477,2184204,3142,9
6899,01+-+Slapy,559,437,2179170,5789,0
6900,Pueblo+de+b%C3%A1rbaros,569,551,0,293,0
6901,-X04-+%2ANaproxeno%2A,469,583,862456,6393,8
6903,041,483,587,1344786,1605,0
6904,%2ASierra+Leona%2A,415,509,1784555,1280,5
6905,08+Dfiru,450,572,926570,1234,1
6906,Pueblo+de+b%C3%A1rbaros,533,581,0,252,0
6907,Pueblo+de+b%C3%A1rbaros,471,581,0,303,0
6908,N+046+PIOLIN,482,416,2126523,1797,7
6909,044+cuadra,493,588,934653,2658,6
6910,Noble+201,499,411,1617970,5635,0
6911,0000,416,523,20451,5932,3
6912,005+Punto+de+venta,424,546,1233516,5914,0
6913,Pueblo+de+b%C3%A1rbaros,586,503,0,281,0
6914,Noble,551,429,2171938,1370,5
6915,Pueblo+de+bonificaci%C3%B3n,587,480,0,240,6
6916,Pueblo+de+b%C3%A1rbaros,420,532,0,247,0
6917,011+Dilar,473,415,2134563,2550,0
6918,Pueblo+de+bonificaci%C3%B3n,523,417,0,407,7
6919,006+LRN,417,478,2184204,4779,0
6920,Pueblo+de+b%C3%A1rbaros,515,414,0,348,0
6921,010.6+mercado,499,590,934653,3603,9
6922,Catarroja+001,569,447,1696634,5760,0
6923,Pueblo+de+b%C3%A1rbaros,470,419,0,380,0
6924,Pueblo+de+bonificaci%C3%B3n,542,576,0,404,4
6925,Maik021,414,484,2084332,7962,0
6926,Pueblo+de+b%C3%A1rbaros,581,464,0,365,0
6927,002+Noble,572,552,2183491,3637,4
6928,.JOSPI,513,585,1130513,4544,0
6929,Pueblo+de+b%C3%A1rbaros,521,586,0,310,0
6930,Pueblo+de+bonificaci%C3%B3n,505,412,0,482,3
6931,Pueblo+de+b%C3%A1rbaros,451,570,0,285,0
6932,002,566,439,2087044,460,3
6933,Pueblo+de+bonificaci%C3%B3n,451,572,1833730,1088,6
6934,Pueblo+de+b%C3%A1rbaros,475,585,0,188,0
6935,SPAID%3A+Guerreros+Killers+II,532,584,486339,1571,4
6936,027,462,577,1344786,1467,4
6937,%5BA%5D+031+El+favorito+de+tu+novia,450,554,1833730,10452,0
6938,Pueblo+de+b%C3%A1rbaros,584,483,0,200,0
6939,Pueblo+de+bonificaci%C3%B3n,512,415,0,305,2
6940,pueblo+de+Psycho+White.,583,479,1912664,250,0
6941,D_012,438,562,1752476,1786,2
6942,002.-+Rocadrag%C3%B3n,469,420,1515545,7666,0
6943,026.+McLeod,582,473,2088603,4651,8
6945,Pueblo+de+bonificaci%C3%B3n,561,561,0,256,7
6946,14.+Minastirith,464,581,1793379,3807,8
6947,006,540,539,2181708,3389,0
6948,05+-+Buenos+Aires,438,438,2129228,1414,3
6949,046+GROCC,587,520,2133408,1879,2
6950,Pueblo+de+b%C3%A1rbaros,544,578,0,207,0
6951,Pueblo+de+bonificaci%C3%B3n,582,470,0,350,5
6952,Pueblo+de+b%C3%A1rbaros,417,532,0,124,0
6953,Pueblo+de+bonificaci%C3%B3n,423,458,2121007,431,5
6954,Gondolin,507,413,1740954,1429,2
6955,Despertaferro,452,557,231570,8066,0
6956,0000000000,414,523,20451,3582,0
6957,Pueblo+de+bonificaci%C3%B3n,570,446,0,349,6
6958,Pueblo+de+bonificaci%C3%B3n,577,459,0,197,2
6960,010+Elorrixo+B,455,573,1845090,878,2
6961,002+ferbarom,469,576,3904,8335,0
6962,07+-+Robar+haram,421,540,2183448,4018,2
6963,Pueblo+de+bonificaci%C3%B3n,471,418,0,266,6
6964,Pueblo+de+b%C3%A1rbaros,473,582,0,130,0
6965,Pueblo+de+b%C3%A1rbaros,417,534,0,370,0
6966,Pueblo+de+bonificaci%C3%B3n,414,516,0,242,1
6967,Pueblo+de+bonificaci%C3%B3n,411,507,0,287,3
6968,Pueblo+de+b%C3%A1rbaros,567,559,0,130,0
6969,Pueblo+de+bonificaci%C3%B3n,418,535,0,300,6
6970,008,577,542,2028057,6413,3
6972,Abhorrence,553,568,1566793,2888,2
6973,001,518,442,2184213,7171,0
6974,Tower+026,466,417,2082469,2200,5
6975,CORDOBA,490,412,1806199,1499,0
6976,008+LRN,414,475,2184204,563,3
6977,007,421,464,2142222,4832,4
6978,013,576,546,2028057,9756,0
6979,K55+Noble+018,501,588,934653,3531,9
6980,pueblo+de+zecarlo2,485,499,1216380,1155,0
6981,Pueblo+de+bonificaci%C3%B3n,561,563,0,321,7
6982,Pueblo+de+b%C3%A1rbaros,412,492,0,201,0
6983,Pueblo+de+b%C3%A1rbaros,518,414,0,390,0
6984,A+%7C+004,577,455,948,1526,5
6986,020,579,535,2028057,1756,3
6987,-0005,587,501,2009293,3768,0
6988,003.,575,451,1723176,3778,3
6989,-X02-+%2AAtorvastatina%2A,468,580,862456,6446,0
6990,Maik036,412,484,2084332,944,3
6991,013,473,418,2134563,418,1
6993,08+-+Cuscus+%3AD,422,543,2183448,3791,1
6994,N+058+PIOLIN,486,414,2126523,1485,9
6995,ARPIA,427,447,6445,1104,0
6996,Pueblo+de+b%C3%A1rbaros,521,415,0,482,0
6997,003+Barryl,562,565,1024499,4527,3
6998,02+JOSPI,515,586,1130513,2879,0
6999,011+M0d0+DeFF+0N,445,571,1041417,409,0
7000,....,413,519,20451,1274,3
7001,Pueblo+de+b%C3%A1rbaros,565,558,0,148,0
7002,Pueblo+de+b%C3%A1rbaros,413,498,0,411,0
7003,Pueblo+de+bonificaci%C3%B3n,568,444,0,355,9
7004,Pueblo+de+b%C3%A1rbaros,433,439,0,187,0
7005,Pueblo+de+b%C3%A1rbaros,524,416,0,319,0
7006,036,481,587,1344786,1741,7
7007,%28A020%29+Fabrica+De+La+Suerte,579,465,222751,6561,0
7008,Pueblo+de+bonificaci%C3%B3n,501,410,0,320,6
7009,Noro-este,489,412,2142802,4265,0
7010,Pueblo+de+b%C3%A1rbaros,438,437,0,284,0
7011,C.003.01,584,524,2182227,5283,5
7012,TU+PESADILLA+2,543,579,2144281,5726,0
7013,Pueblo+de+bonificaci%C3%B3n,573,450,0,269,3
7014,Pueblo+de+bonificaci%C3%B3n,481,413,0,256,9
7015,008+M0d0+DeFF+0N,447,568,1041417,541,0
7016,Pueblo+de+bonificaci%C3%B3n,584,522,0,243,2
7017,Noble,554,428,2171938,1262,3
7018,%5B0001%5D+Fantasmas,582,536,1935738,5132,0
7019,Pueblo+de+b%C3%A1rbaros,547,573,0,287,0
7020,NORMANDIA,444,434,2116934,600,6
7021,pueblo+de+Radenn,452,426,2128231,522,0
7022,Pueblo+de+b%C3%A1rbaros,572,453,0,280,0
7023,Pueblo+de+bonificaci%C3%B3n,450,575,1833730,630,6
7024,.0000000.,418,527,20451,1276,2
7025,001+LordDuvor,552,427,1610816,8716,0
7026,Pueblo+de+b%C3%A1rbaros,574,547,0,211,0
7027,014+GROCC,587,514,2133408,6374,5
7028,pueblo+de+NottimGan,416,471,2086775,48,0
7029,Pueblo+de+b%C3%A1rbaros,586,474,0,375,0
7030,Tower+027,466,416,2082469,2188,8
7031,peperina,555,571,2073946,2852,7
7032,A+%7C+002,575,450,948,8787,0
7033,Pueblo+de+b%C3%A1rbaros,569,554,0,236,0
7034,SPAID%3A+Guerreros+Killers+VII,530,582,486339,1108,6
7037,pueblo+de+Chiru9,545,423,2184245,507,0
7038,Pueblo+de+b%C3%A1rbaros,431,442,0,300,0
7039,054,457,577,1344786,941,5
7041,Pueblo+de+b%C3%A1rbaros,449,427,0,332,0
7042,%28B010%29+Sera+Bonito+Nuestro+Amor,586,486,222751,434,1
7043,Tower+014,466,420,2082469,10365,0
7044,Pueblo+de+bonificaci%C3%B3n,459,580,1382360,757,4
7045,A006_PuEbLo,586,495,2133408,9865,0
7046,Mate,557,569,2073946,608,0
7047,TOULOUSE,440,433,2116934,1188,4
7048,000000,415,525,20451,5499,8
7049,Ciudad+Esmeralda,437,436,2184247,2288,0
7050,Pueblo+de+bonificaci%C3%B3n,589,514,0,239,3
7051,021,429,446,2113999,2126,4
7054,010+Modulator,537,428,217192,4821,0
7055,Pueblo+de+b%C3%A1rbaros,519,586,0,259,0
7056,Pueblo+de+bonificaci%C3%B3n,541,419,0,429,2
7057,002+Paco+de+Luc%C3%ADa,553,427,1610816,7114,0
7058,004,431,445,862424,3310,6
7059,Pueblo+de+bonificaci%C3%B3n,522,586,0,222,1
7060,007+wacosta,584,532,1825930,3141,0
7061,Pueblo+de+ElJama+13,428,449,2121326,2067,5
7062,Pueblo+de+b%C3%A1rbaros,454,445,0,878,0
7063,Pueblo+de+b%C3%A1rbaros,416,474,0,316,0
7064,Pueblo+de+bonificaci%C3%B3n,411,501,0,335,2
7065,SPAID%3A+Guerreros+Killers+III,529,585,486339,1195,3
7067,Pueblo+de+b%C3%A1rbaros,420,463,0,284,0
7068,0111+DDR+LISBOA,585,479,301920,2517,8
7069,Pueblo+de+b%C3%A1rbaros,483,413,0,131,0
7070,D_013,436,562,1752476,1406,8
7071,0110+DDU+TABARCA,583,476,301920,2548,4
7072,015_Rosa,589,482,1715991,7588,0
7073,034.+ABUS,490,587,1678679,2536,9
7074,010.4+hierro,499,589,934653,3451,3
7075,Pueblo+de+b%C3%A1rbaros,563,436,0,128,0
7076,Pueblo+de+b%C3%A1rbaros,419,542,0,269,0
7077,Pueblo+de+bonificaci%C3%B3n,572,448,0,298,6
7078,023+-+Noble,464,445,2179394,6282,0
7079,042+Bastion+Kar,543,425,164,379,0
7080,Pueblo+de+bonificaci%C3%B3n,476,415,0,306,5
7081,Pueblo+de+b%C3%A1rbaros,579,463,0,494,0
7082,Pueblo+de+bonificaci%C3%B3n,413,492,1833730,871,7
7083,Pueblo+de+bonificaci%C3%B3n,425,450,2121007,1368,7
7084,Maik045,413,482,2084332,609,0
7085,SPAID%3A+Guerreros+Killers+V,531,584,486339,1135,4
7086,005+M0d0+DeFF+0N,444,570,1041417,1253,1
7087,pueblo+de+JOSH,412,489,2056203,26,0
7088,Pueblo+de+bonificaci%C3%B3n,416,530,0,296,7
7089,Pueblo+de+b%C3%A1rbaros,561,562,0,70,0
7090,007,421,456,2121007,5538,4
7091,pueblo+de+nukimura,500,461,200555,2047,0
7092,031,467,583,1344786,1556,6
7093,Mnaser,463,529,2172838,5539,0
7094,Noble,549,425,2171938,1617,2
7095,Pueblo+de+bonificaci%C3%B3n,431,559,0,300,6
7096,-X01-+%2ADipiridamol%2A,470,582,862456,6951,0
7097,Pueblo+de+b%C3%A1rbaros,587,508,0,201,0
7098,04+-+Jam%C3%B3n+haram,423,541,2183448,8937,8
7099,005,476,584,2466,5331,0
7100,Pueblo+de+b%C3%A1rbaros,584,525,0,244,0
7101,Pueblo+de+bonificaci%C3%B3n,435,557,0,311,6
7102,Pueblo+de+bonificaci%C3%B3n,450,574,1833730,998,5
7103,Nazar%C3%A9,458,464,2184251,5659,0
7104,Pueblo+de+bonificaci%C3%B3n,580,460,0,369,3
7105,Pueblo+de+b%C3%A1rbaros,545,579,0,347,0
7106,K55+baba,500,591,934653,2124,0
7107,Maik030,416,478,2084332,5619,4
7108,Pueblo+de+b%C3%A1rbaros,415,529,0,168,0
7109,Pueblo+de+b%C3%A1rbaros,564,561,0,306,0
7110,que+pasa+tilba+te+mata+la+moral,579,539,1398254,601,4
7111,022+rrss,495,590,934653,7094,8
7113,Pueblo+de+b%C3%A1rbaros,417,535,0,262,0
7114,026.+ABUS,484,589,1678679,2211,3
7115,Pueblo+de+b%C3%A1rbaros,557,567,0,166,0
7116,Noble,433,444,219369,524,2
7117,Tower+019,458,422,2082469,5723,0
7118,050,484,586,1344786,1430,0
7119,001+M0d0+DeFF+0N,444,571,1041417,3663,8
7120,%2AEstacion+del+sue%C3%B1o%2A,413,500,1784555,8504,0
7121,006+M0d0+DeFF+0N,445,572,1041417,1168,2
7122,Pueblo+de+bonificaci%C3%B3n,467,416,2082469,1318,9
7123,Poni+04,443,569,804111,4924,0
7124,Pueblo+de+bonificaci%C3%B3n,413,497,1833730,296,3
7125,Pueblo+de+b%C3%A1rbaros,431,446,0,249,0
7126,Pueblo+de+b%C3%A1rbaros,471,583,0,289,0
7127,Noble+205,497,411,1617970,1545,2
7128,Pueblo+de+bonificaci%C3%B3n,531,581,0,302,1
7129,034+Campoestrella,548,427,164,428,0
7130,Pueblo+de+bonificaci%C3%B3n,495,413,0,264,5
7131,Casa+Lannister,494,498,2180662,2801,0
7132,Pueblo+de+bonificaci%C3%B3n,508,591,0,314,5
7133,Pueblo+de+bonificaci%C3%B3n,486,413,0,251,9
7135,044,497,590,934653,2487,0
7136,Pueblo+de+bonificaci%C3%B3n,435,560,0,225,6
7137,pueblo+de+pituca,482,589,1566017,353,0
7138,Lisbeth,435,440,2136696,766,8
7139,Pueblo+de+bonificaci%C3%B3n,485,414,0,249,1
7140,Maik032,414,486,2084332,1352,0
7141,003+Washed+Up+Player,418,536,2177554,3787,8
7142,Pueblo+de+bonificaci%C3%B3n,452,576,1833730,617,7
7143,Pueblo+de+b%C3%A1rbaros,468,581,0,233,0
7144,Pueblo+de+bonificaci%C3%B3n,557,434,0,269,1
7146,Pueblo+de+bonificaci%C3%B3n,586,479,0,320,9
7147,Maik012,416,484,2084332,10217,0
7148,Pueblo+de+b%C3%A1rbaros,460,580,0,295,0
7149,Pueblo+de+bonificaci%C3%B3n,588,483,0,363,6
7150,Pueblo+de+bonificaci%C3%B3n,412,503,0,305,7
7151,pueblo+de+Julieta0898,457,553,2184257,239,0
7152,Pueblo+de+b%C3%A1rbaros,576,550,0,372,0
7153,Pueblo+de+bonificaci%C3%B3n,540,579,0,272,6
7154,Pueblo+de+b%C3%A1rbaros,410,498,0,348,0
7155,Pueblo+de+b%C3%A1rbaros,511,588,0,345,0
7156,Pueblo+de+bonificaci%C3%B3n,417,533,0,270,2
7157,Pueblo+de+b%C3%A1rbaros,468,417,0,227,0
7158,004+barryl,561,567,1024499,2893,5
7159,Tower+017,453,425,2082469,6285,8
7160,Maik044,412,486,2084332,524,0
7161,Pueblo+de+b%C3%A1rbaros,474,584,0,208,0
7162,Noble,435,441,219369,1122,9
7163,010_%7ELos+300%7E,509,587,2176673,3392,0
7164,Pueblo+de+bonificaci%C3%B3n,476,413,0,266,3
7165,009+se+rindio,583,530,1825930,2378,0
7166,Pueblo+de+bonificaci%C3%B3n,470,415,0,279,4
7167,Pueblo+de+bonificaci%C3%B3n,519,411,0,358,9
7169,Pueblo+de+b%C3%A1rbaros,438,434,0,296,0
7170,Pueblo+de+bonificaci%C3%B3n,542,578,0,325,9
7171,Pueblo+de+bonificaci%C3%B3n,585,472,0,234,9
7172,Pueblo+de+b%C3%A1rbaros,587,481,0,151,0
7173,Pueblo+de+b%C3%A1rbaros,415,475,0,272,0
7174,Maik039,413,491,2084332,841,2
7175,Pueblo+de+bonificaci%C3%B3n,409,503,0,340,9
7176,014+pueblo+de+berci,495,588,934653,8643,0
7177,Pueblo+de+bonificaci%C3%B3n,557,566,0,308,3
7178,N+056+PIOLIN,481,415,2126523,1567,8
7179,Pueblo+de+b%C3%A1rbaros,544,577,0,136,0
7180,Pueblo+de+b%C3%A1rbaros,415,473,0,321,0
7181,Pueblo+de+bonificaci%C3%B3n,468,416,0,300,7
7182,0004.+Torrebrava,520,585,2064866,9545,4
7183,Otra+estampada,533,416,1879611,4262,0
7184,Pueblo+de+b%C3%A1rbaros,478,413,0,344,0
7185,Pueblo+de+bonificaci%C3%B3n,587,486,0,383,6
7186,village+02,573,550,2184237,202,1
7187,008+-+Noble,466,444,2179394,7026,0
7188,Pueblo+de+b%C3%A1rbaros,525,413,0,260,0
7189,Pueblo+de+bonificaci%C3%B3n,574,552,0,273,1
7190,Pueblo+de+bonificaci%C3%B3n,577,547,0,324,7
7191,SUPERFORTES,502,590,2087047,1751,0
7192,Pueblo+de+b%C3%A1rbaros,491,588,0,251,0
7193,K55+Noble+014,501,589,934653,3875,1
7194,pueblo+15.19,477,413,1051979,3244,0
7195,Pueblo+de+b%C3%A1rbaros,454,577,0,289,0
7196,Pueblo+de+bonificaci%C3%B3n,418,533,0,311,1
7197,Pueblo+de+b%C3%A1rbaros,426,550,2122907,2987,0
7198,Pueblo+de+bonificaci%C3%B3n,540,578,0,303,3
7199,pueblo+de+Viking-Tyr,516,446,1434418,1634,0
7200,paula+00,567,440,144527,565,0
7201,Pueblo+de+bonificaci%C3%B3n,524,412,0,338,9
7202,6+-+Danko11,590,512,2184210,583,1
7203,Noble+002,472,583,1667968,2924,0
7204,Pueblo+de+b%C3%A1rbaros,567,560,0,310,0
7205,Tower+013,463,417,2082469,7516,1
7206,Pueblo+de+bonificaci%C3%B3n,589,478,0,263,2
7207,Noble+Fantasma+005+ELGRANPEPE2,551,552,1905015,9474,0
7208,021+Noble,532,581,2183491,4419,8
7209,Pueblo+de+bonificaci%C3%B3n,417,466,2121007,479,3
7210,culata,446,574,1084230,1715,0
7211,002.Elwyn,446,426,2183970,1773,1
7212,Pueblo+de+b%C3%A1rbaros,575,547,0,197,0
7213,Pueblo+de+b%C3%A1rbaros,515,412,0,299,0
7214,Pueblo+de+bonificaci%C3%B3n,546,421,0,209,3
7215,Pueblo+de+bonificaci%C3%B3n,516,588,0,287,3
7216,13.+Rey+Crakuort,462,582,1793379,6169,0
7217,Pueblo+de+b%C3%A1rbaros,420,541,0,370,0
7218,C45+L11,587,472,1075536,1458,5
7219,035+hierro,494,591,934653,3669,3
7220,MEAN+MACHINE,454,578,2025035,1887,0
7221,Pueblo+de+bonificaci%C3%B3n,413,481,2116596,1019,8
7222,Tower+040,472,416,2082469,5827,2
7224,Pueblo+de+bonificaci%C3%B3n,467,419,2082469,1009,5
7225,Pueblo+de+b%C3%A1rbaros,587,521,0,172,0
7226,Pueblo+de+b%C3%A1rbaros,544,423,0,304,0
7227,D_014,435,562,1752476,870,1
7228,pueblo+de+uchihanear,475,413,2179191,1070,0
7229,Pueblo+de+bonificaci%C3%B3n,571,444,0,341,2
7230,032+Dientes,525,415,2090745,3148,8
7231,010,465,583,1344786,7873,0
7232,Pueblo+de+bonificaci%C3%B3n,520,586,0,301,3
7233,Agronom%C3%ADa,550,577,2184285,2028,1
7234,pueblo+de+SADA.SUR,583,532,635280,947,0
7235,Pueblo+de+b%C3%A1rbaros,583,538,0,338,0
7236,002.,577,457,1723176,2259,3
7237,029+GROCC,587,515,2133408,1838,6
7238,Pueblo+de+b%C3%A1rbaros,536,580,0,267,0
7239,Pueblo+de+b%C3%A1rbaros,436,559,0,219,0
7240,019,417,464,2142222,2083,1
7241,-X05-+%2AFluoxetina%2A,470,583,862456,5991,6
7242,Pueblo+de+b%C3%A1rbaros,572,450,0,163,0
7243,00000000000,416,525,20451,3395,0
7244,Pueblo+de+bonificaci%C3%B3n,492,411,0,288,2
7245,Tower+020,456,421,2082469,2174,6
7246,006.-+Meereen,466,415,1515545,5512,0
7247,SPAID%3A+Guerreros+Killers,531,583,486339,4975,8
7248,002+-Barryl-,558,567,1024499,4824,8
7249,Pueblo+de+b%C3%A1rbaros,416,468,0,142,0
7250,ccc,427,549,1731373,2043,5
7251,Pueblo+de+bonificaci%C3%B3n,587,477,0,243,9
7252,Pueblo+de+b%C3%A1rbaros,574,447,0,226,0
7253,%5B0008%5D+Fantasmas,579,543,1935738,690,0
7254,13+-+Al-%C3%81ndalus,423,546,2183448,1040,6
7255,Pueblo+de+b%C3%A1rbaros,516,546,0,168,0
7256,Pueblo+de+b%C3%A1rbaros,450,426,0,304,0
7257,Noble,447,426,219369,1099,8
7258,Pueblo+de+bonificaci%C3%B3n,564,436,0,212,6
7259,pueblo+de+ilyasova,568,439,1772681,10011,0
7260,Pueblo+de+b%C3%A1rbaros,425,454,0,367,0
7261,004+M0d0+DeFF+0N,444,568,1041417,2909,9
7262,K55+Noble+003,500,590,934653,7924,0
7263,Pueblo+de+bonificaci%C3%B3n,519,588,2091224,5133,5
7264,004,422,453,2121007,6891,8
7265,BORDE+03,432,440,2183481,6332,0
7266,Pueblo+de+bonificaci%C3%B3n,583,470,0,292,1
7271,Pueblo+de+b%C3%A1rbaros,579,459,0,203,0
7272,Pueblo+de+b%C3%A1rbaros,413,516,0,281,0
7273,Tower+024,466,419,2082469,3634,3
7274,Pueblo+de+bonificaci%C3%B3n,518,588,0,213,2
7275,Pueblo+de+b%C3%A1rbaros,411,496,0,256,0
7276,SPAID%3A+Guerreros+Killers+XI,533,585,486339,465,0
7277,002+LRN,413,476,2184204,7580,8
7278,002,433,443,862424,6321,5
7279,-X03-+%2AWarfarina%2A,468,584,862456,5690,0
7280,00000,415,523,20451,5722,0
7281,550,524,588,1871,616,9
7282,001+Segarro,426,453,2060287,8945,0
7283,006+GROCC,589,502,2133408,8557,8
7284,034+madera,492,589,934653,3662,1
7286,Pueblo+de+b%C3%A1rbaros,527,587,0,272,0
7287,Kylan,414,470,2142901,3447,9
7288,ex1,489,591,2137541,6693,0
7289,003.Dados,443,430,2183970,1161,7
7290,008+-+Smallville,581,535,2177858,2159,0
7291,Pueblo+de+bonificaci%C3%B3n,428,550,0,256,6
7292,Pueblo+de+bonificaci%C3%B3n,564,560,0,321,7
7293,013_%7EVoidHammer%7E,510,589,2176673,6595,0
7294,.....,414,527,20451,1220,1
7295,Pueblo+de+bonificaci%C3%B3n,432,562,0,239,7
7296,pueblo+de+Deadmouse,586,480,2182386,1989,0
7297,Pueblo+de+b%C3%A1rbaros,568,445,0,317,0
7298,Maik031,412,483,2084332,828,3
7299,Pueblo+de+bonificaci%C3%B3n,430,444,0,281,9
7300,044,435,554,1810435,6957,0
7301,Pueblo+de+b%C3%A1rbaros,586,478,301920,307,0
7302,A+%7C+005,576,451,948,2346,4
7303,009+barryl,563,567,1024499,463,7
7304,pueblo+de+Pointnull,427,552,2182063,9914,0
7305,Pueblo+de+b%C3%A1rbaros,426,553,0,257,0
7306,Pueblo+de+bonificaci%C3%B3n,591,505,0,259,9
7307,017+Casi+legal,520,413,2090745,4818,5
7308,Z.11,570,557,2142538,7791,0
7309,103+williamson,532,418,1247466,1995,5
7310,Pueblo+de+bonificaci%C3%B3n,412,517,0,270,3
7311,Tower+002,459,419,2082469,10104,0
7312,Pueblo+de+b%C3%A1rbaros,512,410,0,317,0
7313,Pueblo+de+bonificaci%C3%B3n,416,473,0,301,2
7314,pueblo+de+Koke10,547,423,2183998,3871,0
7315,Pueblo+de+bonificaci%C3%B3n,434,436,2136696,603,5
7316,039+madera,491,589,934653,2733,1
7317,Pueblo+de+b%C3%A1rbaros,410,495,0,343,0
7318,ccc,431,555,1731373,2022,9
7319,Pueblo+de+bonificaci%C3%B3n,517,414,0,359,1
7320,011+-+Noble,463,445,2179394,8124,0
7321,Pueblo+de+b%C3%A1rbaros,565,565,0,258,0
7322,0000000,413,523,20451,5126,5
7323,Pueblo+de+bonificaci%C3%B3n,412,498,1833730,493,9
7324,07+AMERICA,451,573,80335,3656,0
7325,Pueblo+de+bonificaci%C3%B3n,439,563,0,365,5
7326,Pueblo+de+b%C3%A1rbaros,445,574,0,247,0
7327,Pueblo+de+b%C3%A1rbaros,424,449,0,225,0
7328,Pueblo+de+bonificaci%C3%B3n,425,452,2121007,1580,6
7329,Pueblo+de+b%C3%A1rbaros,584,472,0,280,0
7330,Pueblo+de+b%C3%A1rbaros,484,412,0,270,0
7331,Pueblo+de+bonificaci%C3%B3n,512,412,0,243,6
7332,Pueblo+de+bonificaci%C3%B3n,566,438,0,279,3
7333,002,469,416,2137048,748,0
7334,Pueblo+de+b%C3%A1rbaros,421,544,0,285,0
7335,011.+McLeod,587,484,2088603,517,8
7339,Pueblo+de+b%C3%A1rbaros,485,410,0,120,0
7340,Pueblo+de+bonificaci%C3%B3n,590,490,0,367,9
7341,Pueblo+de+bonificaci%C3%B3n,588,527,0,217,2
7342,NIKEF,514,590,2091224,7130,0
7343,Pueblo+de+bonificaci%C3%B3n,499,409,0,205,2
7344,022+Vengan+las+2,523,414,2090745,4499,4
7345,Itaca,591,487,2182386,4190,0
7346,022,427,448,2113999,2056,3
7347,pueblo+de+HugoPK,586,473,2176116,606,0
7348,ccc,425,552,1731373,5260,4
7349,Pueblo+de+b%C3%A1rbaros,570,555,0,159,0
7350,Pueblo+de+b%C3%A1rbaros,481,411,0,247,0
7351,Miau+16,545,578,1714244,4252,8
7352,C45+L02,585,466,1075536,1739,2
7354,Pueblo+de+b%C3%A1rbaros,442,429,0,302,0
7355,018.+ABUS,485,589,1678679,2582,3
7356,013,458,433,2002238,678,0
7357,%28B012%29+Bosque+Encantado,587,490,222751,463,3
7358,Silvestre+el+Empalador03,476,495,1651308,6896,0
7359,K55+Noble+012,502,592,934653,2605,6
7360,Noble+203,499,410,1617970,1225,4
7362,019+GROCC,590,514,2133408,5164,5
7363,Mah,411,475,1326344,352,5
7364,001,430,443,862424,8320,0
7365,Pueblo+de+b%C3%A1rbaros,573,444,0,311,0
7366,Maik037,410,487,2084332,881,2
7367,Pueblo+de+b%C3%A1rbaros,456,470,2184324,1184,0
7368,Pueblo+de+bonificaci%C3%B3n,545,420,0,376,2
7369,015,463,581,1344786,5386,3
7370,Pueblo+de+b%C3%A1rbaros,428,551,0,207,0
7371,037+GROCC,589,522,2133408,1833,6
7372,CapitaRoger,589,498,2179095,4171,0
7373,Pueblo+de+b%C3%A1rbaros,467,418,2082469,950,0
7374,Pueblo+de+bonificaci%C3%B3n,553,572,0,339,7
7375,Pueblo+de+bonificaci%C3%B3n,585,532,0,318,6
7376,remus45,521,588,2091224,8726,0
7377,Pueblo+de+b%C3%A1rbaros,408,497,0,258,0
7378,Pueblo+de+bonificaci%C3%B3n,588,474,0,241,6
7379,Pueblo+de+bonificaci%C3%B3n,591,491,0,314,7
7381,Pueblo+de+b%C3%A1rbaros,453,577,0,320,0
7382,003-+El+Empecinado,556,430,13583,1921,9
7384,Pueblo+de+b%C3%A1rbaros,431,557,0,212,0
7385,Pueblo+de+bonificaci%C3%B3n,536,581,0,276,2
7386,Maik033,412,485,2084332,851,3
7387,Pueblo+de+b%C3%A1rbaros,413,474,0,35,0
7388,Noble,554,426,2171938,1148,6
7389,Maga+la+maga,565,560,480392,488,5
7390,C.001.00,587,524,2182227,9490,0
7391,%5BA%5D+033+El+favorito+de+tu+novia,455,580,1833730,4176,4
7392,Pueblo+de+b%C3%A1rbaros,408,507,0,164,0
7393,Pueblo+de+b%C3%A1rbaros,444,430,0,287,0
7394,Pueblo+de+bonificaci%C3%B3n,415,465,2121007,1431,6
7395,006+Noble,585,463,1666646,4755,8
7396,pueblo+de+superpoyo,584,465,14536,3307,0
7397,CapitaRoger2,591,494,2179095,483,6
7398,ccc,425,554,1731373,5588,3
7399,cesjis,411,498,1613919,215,0
7400,14+-+Tajine+D%3A,420,546,2183448,788,1
7401,001,589,486,2096015,805,0
7402,Pueblo+de+bonificaci%C3%B3n,548,577,0,286,5
7403,000000000,413,522,20451,4911,5
7404,010+Monachil,472,415,2134563,8295,0
7405,Pueblo+de+b%C3%A1rbaros,424,548,0,218,0
7406,Pueblo+de+bonificaci%C3%B3n,416,535,0,290,9
7407,004+-+Morri%C3%B1a,576,452,2140980,1022,6
7408,%2ALas+trompetas+del+diablo%2A,411,513,1784555,7645,0
7409,Pueblo+de+b%C3%A1rbaros,568,438,0,352,0
7410,Pueblo+de+bonificaci%C3%B3n,414,480,2116596,344,6
7411,pueblo+de+horge2407,588,479,2136090,2841,0
7412,025+GROCC,590,502,2133408,2155,1
7413,09+Dfiru,441,571,926570,931,2
7414,bombilla69,418,538,292351,3678,0
7415,Pueblo+de+b%C3%A1rbaros,438,435,0,390,0
7416,K55+Noble+019,503,590,934653,3541,3
7417,Capital+003,412,479,2184155,1087,6
7418,Pueblo+de+b%C3%A1rbaros,572,449,0,324,0
7419,Pueblo+de+bonificaci%C3%B3n,449,575,0,320,3
7420,010+M0d0+DeFF+0N,446,572,1041417,497,7
7421,103-002msc,416,536,2172761,10068,0
7422,Pueblo+de+b%C3%A1rbaros,538,582,0,301,0
7423,K55+Noble+022,502,591,934653,1996,6
7424,Pueblo+de+bonificaci%C3%B3n,573,443,0,356,8
7425,Noble,497,407,1657363,3523,0
7426,Pueblo+de+b%C3%A1rbaros,449,425,0,393,0
7427,Pueblo+de+carem23,580,458,31891,1980,4
7428,Pueblo+de+bonificaci%C3%B3n,472,586,0,300,7
7429,Tower+001,459,420,2082469,10401,0
7430,%5BA%5D+029+El+favorito+de+tu+novia,455,579,1833730,4493,4
7431,pueblo+de+BennyBirra,593,500,2171013,348,0
7432,Pueblo+de+b%C3%A1rbaros,573,557,0,281,0
7433,Pueblo+de+bonificaci%C3%B3n,425,451,2121007,1612,6
7434,owencillo,578,450,1663439,234,0
7435,Pueblo+de+b%C3%A1rbaros,589,516,0,207,0
7436,ccc,427,554,1731373,3437,3
7437,Pueblo+de+bonificaci%C3%B3n,572,557,0,355,1
7438,pueblo+de+coe81,412,529,252330,265,0
7439,Pueblo+de+b%C3%A1rbaros,591,489,0,325,0
7440,Pueblo+de+bonificaci%C3%B3n,590,507,0,266,9
7441,SG1,438,569,231570,4388,0
7442,Pueblo+de+bonificaci%C3%B3n,562,436,0,383,6
7443,B007_PuEbLo,556,505,1905015,6344,0
7444,Pueblo+de+b%C3%A1rbaros,493,408,0,233,0
7445,Tower+029,456,422,2082469,2252,3
7446,%2APlata+o+plomo%2A,411,514,1784555,3766,0
7447,Pueblo+de+b%C3%A1rbaros,549,577,0,276,0
7448,550,524,589,1871,615,2
7449,Pueblo+de+bonificaci%C3%B3n,418,458,1348773,1050,9
7450,pueblo+de+lisbeth+salander,432,441,2136696,4031,0
7451,Pueblo+de+bonificaci%C3%B3n,415,533,0,247,1
7452,007.+ABUS,486,590,1678679,7349,4
7453,Pueblo+de+b%C3%A1rbaros,572,558,0,205,0
7454,Pueblo+de+bonificaci%C3%B3n,547,576,0,222,2
7455,mio,436,563,2175660,4307,0
7456,Pueblo+de+bonificaci%C3%B3n,494,410,2142802,444,3
7457,05%29-+Las+islas+de+fuego,516,412,1036162,1452,6
7458,009.-+Qarth,455,420,1515545,5245,0
7459,Pueblo+de+bonificaci%C3%B3n,575,553,0,299,1
7460,ccc,430,560,1731373,2701,1
7461,%5BB%5D+001+El+favorito+de+tu+novia,412,491,1833730,5556,0
7462,033,483,589,1344786,1633,7
7464,Manzanilla,555,570,2073946,2969,5
7466,Pueblo+de+bonificaci%C3%B3n,421,548,0,199,3
7467,Pueblo+de+bonificaci%C3%B3n,561,435,0,215,6
7468,009+GROCC,590,523,2133408,7867,0
7469,045,497,592,934653,2616,6
7470,Pueblo+de+bonificaci%C3%B3n,574,553,0,316,9
7471,Pueblo+de+b%C3%A1rbaros,408,504,0,163,0
7472,Pueblo+de+bonificaci%C3%B3n,573,449,0,228,7
7473,03.-+LA+VIGA,509,409,817959,2861,3
7474,BORDE+01,427,445,2183481,8548,0
7475,Pueblo+de+bonificaci%C3%B3n,413,472,2121007,354,3
7476,Pueblo+de+bonificaci%C3%B3n,526,415,0,270,2
7477,001.Nueva+Sof%C3%ADa,442,431,2183970,4916,0
7478,C001+Noble,587,533,1598893,1219,4
7479,pueblo+de+Alma+guerrera,586,489,2182386,3535,0
7480,Pueblo+de+b%C3%A1rbaros,589,503,0,249,0
7481,017,425,449,2121007,2261,4
7482,CEUTA,557,544,1007629,4038,0
7483,Pueblo+de+b%C3%A1rbaros,451,577,0,311,0
7484,Noble+Fantasma+010,563,569,1905015,3813,8
7485,B001+VITO,581,539,1472448,3855,4
7487,K55+bababa,501,592,934653,2339,0
7488,Pueblo+de+bonificaci%C3%B3n,565,566,0,335,2
7489,001,420,452,2121007,9726,0
7490,No+hay+segarro+amego,419,539,292351,430,2
7491,001-+El+Empecinado,557,430,13583,6116,0
7492,Pueblo+de+bonificaci%C3%B3n,543,419,0,278,9
7493,550,523,589,1871,6844,0
7494,Pueblo+de+b%C3%A1rbaros,448,423,0,262,0
7495,043+GROCC,587,523,2133408,2161,9
7496,%5B0000%5D+Fantasmas,580,545,1935738,8311,0
7497,Noble+204,500,410,1617970,1576,0
7498,Pueblo+de+bonificaci%C3%B3n,547,575,0,293,6
7499,Pueblo+de+bonificaci%C3%B3n,407,508,0,257,1
7500,Pueblo+de+b%C3%A1rbaros,570,558,0,109,0
7501,Super,585,465,14536,317,0
7502,Campamento+Mina+Veladero,525,585,2091224,2743,8
7504,Pueblo+de+bonificaci%C3%B3n,408,511,0,265,2
7505,Pueblo+de+bonificaci%C3%B3n,527,588,0,268,1
7506,Babilonia,551,576,2184285,4740,0
7507,Pueblo+de+b%C3%A1rbaros,560,432,0,292,0
7508,Maik038,407,496,2084332,756,8
7509,023,484,588,1344786,4690,2
7510,BORDE+05,438,436,2183481,6681,0
7511,2+-+Danko11,589,505,2184210,1564,3
7512,008+wacosta,583,531,1825930,4620,0
7513,Pueblo+de+b%C3%A1rbaros,590,515,0,395,0
7514,Pueblo+de+bonificaci%C3%B3n,408,496,0,263,7
7515,OrDeNaNdO,534,414,1879611,646,0
7516,Pueblo+de+b%C3%A1rbaros,490,592,0,227,0
7517,Tower+009,462,419,2082469,9692,5
7518,Pueblo+de+b%C3%A1rbaros,417,461,1348773,289,0
7519,Pueblo+de+b%C3%A1rbaros,417,460,1348773,603,0
7520,044,475,589,1344786,1535,5
7521,Pueblo+de+bonificaci%C3%B3n,516,411,0,261,1
7522,006+Six,417,540,1233516,6362,0
7523,Pueblo+de+b%C3%A1rbaros,593,503,0,226,0
7524,Pueblo+de+bonificaci%C3%B3n,515,411,0,179,9
7525,Urtugrul+1,478,505,1613388,4073,0
7526,Pueblo+de+b%C3%A1rbaros,568,442,0,239,0
7527,ccc,433,563,1731373,2193,1
7528,Pueblo+de+b%C3%A1rbaros,588,480,0,157,0
7529,Pueblo+de+bonificaci%C3%B3n,447,577,0,291,9
7530,Pueblo+de+bonificaci%C3%B3n,416,529,0,231,7
7531,Centro+-+01+Shit,464,526,1989499,6193,0
7532,Pueblo+de+b%C3%A1rbaros,552,573,0,490,0
7533,Pueblo+de+bonificaci%C3%B3n,409,496,1833730,301,7
7534,SPAID%3A+Guerreros+Killers+XIII,536,584,486339,441,1
7535,pueblo+de+Santinoruggia,565,458,2058491,1400,0
7536,Pueblo+de+bonificaci%C3%B3n,471,413,0,201,4
7537,048.+ABUS,494,593,1678679,959,6
7538,SPQR,463,416,409584,185,0
7539,Pueblo+de+b%C3%A1rbaros,564,432,0,283,0
7540,Tower+005,458,419,2082469,10104,9
7541,Pueblo+de+b%C3%A1rbaros,413,530,0,166,0
7542,Pueblo+de+b%C3%A1rbaros,561,433,0,269,0
7543,C.005.00,587,526,2182227,847,1
7544,SPAID%3A+Guerreros+Killers+IV,533,586,486339,1238,3
7545,pueblo+de+El+Pestes,536,486,2129568,1672,0
7546,024+barrito,496,591,934653,7484,2
7548,ccc,424,552,1731373,4841,4
7549,002-Asth,531,585,2183314,3977,0
7550,007,492,410,2142802,402,1
7551,Pueblo+de+b%C3%A1rbaros,490,591,0,260,0
7552,014+M0d0+DeFF+0N,445,573,1041417,226,0
7553,Tower+012,457,419,2082469,7099,7
7554,550,522,591,1871,399,9
7555,Pueblo+de+b%C3%A1rbaros,433,565,0,152,0
7556,%5B0006%5D+Fantasmas,581,546,1935738,2054,1
7557,001+barryl,560,566,1024499,7265,0
7558,Pueblo+de+bonificaci%C3%B3n,455,581,0,316,7
7559,Pueblo+de+bonificaci%C3%B3n,569,560,0,329,5
7560,BORDE+04,436,436,2183481,3683,0
7561,Pueblo+de+b%C3%A1rbaros,568,561,0,305,0
7562,Pueblo+de+bonificaci%C3%B3n,531,413,0,251,6
7563,Pueblo+de+romeito,409,489,2178451,724,2
7564,BORDE+07,440,428,2183481,8405,0
7565,Pueblo+de+b%C3%A1rbaros,590,521,0,294,0
7566,Pueblo+de+bonificaci%C3%B3n,418,543,0,326,7
7567,ccc,431,556,1731373,1893,9
7568,005.-+Volantis,461,416,1515545,6172,0
7569,BORDE+02,427,446,2183481,4253,8
7570,pueblo+de+ADHD,456,578,2178061,26,0
7571,Pueblo+de+bonificaci%C3%B3n,591,517,0,232,1
7572,Pueblo+de+bonificaci%C3%B3n,414,467,0,232,7
7573,Pueblo+de+b%C3%A1rbaros,480,588,0,203,0
7574,ccc,423,550,1731373,3104,3
7575,Pueblo+de+bonificaci%C3%B3n,485,408,0,284,3
7576,wohoj%C3%B3+01,553,521,2180626,2298,0
7577,Pueblo+de+bonificaci%C3%B3n,420,456,2121007,543,1
7578,002+-+Smallville,583,543,2177858,3641,4
7579,Pueblo+de+b%C3%A1rbaros,562,567,0,143,0
7580,Fostes+cu+crl,496,407,2142802,1111,8
7581,12+Ulises,407,498,1736828,4623,0
7582,Pueblo+de+b%C3%A1rbaros,549,423,0,200,0
7583,SPAID%3A+Guerreros+Killers+VIII,532,587,486339,869,5
7584,009+Blind+Guardian,574,456,2085697,6720,0
7585,Pueblo+de+bonificaci%C3%B3n,589,526,0,326,1
7586,.00000.,413,525,20451,1407,7
7587,epa+III,580,511,2088089,4812,0
7588,Pueblo+de+b%C3%A1rbaros,449,424,0,254,0
7589,Pueblo+de+bonificaci%C3%B3n,590,491,0,295,5
7590,Pueblo+de+bonificaci%C3%B3n,538,417,0,253,3
7591,Pueblo+de+b%C3%A1rbaros,573,496,0,637,0
7592,Pueblo+de+b%C3%A1rbaros,441,431,0,328,0
7593,Tower+038,455,421,2082469,2026,7
7594,ReNa+Frontera+Norte,531,414,2176997,5841,8
7595,Salish,525,536,1259861,2593,0
7596,049.+ABUS,492,592,1678679,740,0
7597,Pueblo+de+bonificaci%C3%B3n,408,514,0,380,7
7598,02+betopolis,410,522,2184174,1516,0
7599,Pueblo+de+b%C3%A1rbaros,495,410,0,236,0
7600,Pueblo+de+bonificaci%C3%B3n,417,536,0,289,1
7602,Pueblo+de+b%C3%A1rbaros,516,592,0,320,0
7603,-0004,592,503,2009293,4650,4
7604,pueblo+de+%2A%2ADarkness%2A%2A,587,529,2178560,466,0
7605,Pueblo+de+bonificaci%C3%B3n,409,506,0,202,2
7606,Kylan,415,472,2142901,3772,5
7607,C45+L13,582,457,1075536,4890,0
7608,Pueblo+de+b%C3%A1rbaros,451,425,0,236,0
7609,Catarroja+002,574,446,1696634,3298,8
7610,Pueblo+de+b%C3%A1rbaros,478,589,0,58,0
7611,Pueblo+de+b%C3%A1rbaros,485,411,0,326,0
7612,Maik034,411,486,2084332,894,1
7613,Pueblo+de+bonificaci%C3%B3n,451,578,2092837,195,1
7614,Pueblo+de+b%C3%A1rbaros,590,474,0,143,0
7615,Pueblo+de+bonificaci%C3%B3n,467,414,0,234,1
7616,TU+PESADILLA+3,534,584,2144281,4417,0
7617,Jazmin,560,572,2073946,637,0
7618,Rohan,466,587,1564217,4837,8
7619,pueblo+de+Elultimopeon,547,421,2182065,3012,0
7620,007+LVE+-+Daishinkan,482,590,1999464,1455,1
7621,Pueblo+de+bonificaci%C3%B3n,421,550,0,241,6
7622,003+GROCC,590,517,2133408,8547,0
7623,Pueblo+de+bonificaci%C3%B3n,426,552,0,216,6
7624,TU+PESADILLA+6,544,581,2144281,3169,0
7625,021,463,586,1344786,5519,1
7626,C003+Noble,586,532,1598893,1011,0
7627,C002+Noble,586,535,1598893,845,8
7628,Pueblo+de+b%C3%A1rbaros,452,420,0,261,0
7629,Pueblo+de+bonificaci%C3%B3n,565,435,0,238,5
7630,018,423,448,2113999,2127,4
7631,W103+-+006+Embutido+fermentado,555,572,2140502,5858,0
7632,Pueblo+de+b%C3%A1rbaros,479,409,0,237,0
7633,Pueblo+de+bonificaci%C3%B3n,576,552,0,301,5
7634,K55+Noble+004,500,592,934653,7900,0
7635,003-+D-L,531,588,2183314,993,6
7636,003,432,438,862424,4548,8
7637,022+%3AO,486,483,1682674,7790,0
7638,017+GROCC,593,515,2133408,5215,5
7639,Pueblo+de+bonificaci%C3%B3n,471,411,0,224,5
7640,004+Segarro,426,461,2060287,10013,0
7641,Pueblo+de+bonificaci%C3%B3n,584,470,0,295,9
7642,Pueblo+de+bonificaci%C3%B3n,590,520,0,277,3
7643,009+-+Noble,466,443,2179394,7618,0
7644,Pueblo+de+b%C3%A1rbaros,589,474,0,231,0
7645,Pueblo+de+bonificaci%C3%B3n,416,540,0,270,3
7646,Pueblo+de+bonificaci%C3%B3n,454,581,0,250,5
7647,007+-+Smallville,583,540,2177858,2142,0
7648,Pueblo+de+b%C3%A1rbaros,591,480,0,324,0
7649,C.006.01,589,524,2182227,676,5
7651,Pueblo+de+b%C3%A1rbaros,429,445,0,199,0
7652,03+Noble,515,589,1615111,1547,4
7653,01+Said153,569,562,2181768,369,1
7654,007+GROCC,590,519,2133408,8294,0
7655,Pueblo+de+b%C3%A1rbaros,548,578,0,276,0
7656,Pueblo+de+bonificaci%C3%B3n,409,491,1833730,768,3
7657,%2AFleur+de+Lys%2A,412,499,1784555,5177,0
7658,ReNa+Frontera+Norte+002,529,413,2176997,2281,8
7659,Pueblo+de+b%C3%A1rbaros,517,408,0,90,0
7660,Pueblo+de+bonificaci%C3%B3n,439,567,0,180,6
7661,Pueblo+de+bonificaci%C3%B3n,413,536,0,410,7
7662,pueblo+de+Mvdp,583,544,1992450,103,0
7663,Pueblo+de+b%C3%A1rbaros,436,565,0,189,0
7664,002,452,419,2184280,2198,8
7666,039,474,590,2102310,1092,6
7667,A+%7C+006,580,455,948,730,9
7669,Pueblo+de+b%C3%A1rbaros,564,564,0,273,0
7670,Noble+010,555,576,2124934,255,9
7671,pueblo+para+PIOLIN+NO+ATACAR,474,433,2172107,815,0
7672,Pueblo+de+b%C3%A1rbaros,422,548,0,405,0
7673,Tower+022,463,415,2082469,3574,5
7674,pueblo+de+Karim+10,505,591,2050175,1575,0
7675,Pueblo+de+b%C3%A1rbaros,406,501,0,216,0
7676,A+pico+y+pala,533,414,1879611,1171,1
7677,Pueblo+de+bonificaci%C3%B3n,578,549,0,313,6
7679,Pueblo+de+b%C3%A1rbaros,503,410,0,185,0
7680,044+GROCC,591,526,2133408,1686,5
7681,Pueblo+de+b%C3%A1rbaros,542,584,0,125,0
7682,Pueblo+de+b%C3%A1rbaros,556,427,0,284,0
7683,Pueblo+de+bonificaci%C3%B3n,409,505,0,268,1
7684,047,460,582,1344786,1541,3
7685,Miau+12,547,580,1714244,7070,0
7686,Miau+14,539,584,1714244,953,2
7687,Invernalia+Mar+01+Col,443,570,2184386,1182,0
7688,Pueblo+de+b%C3%A1rbaros,554,572,0,277,0
7689,Pueblo+de+bonificaci%C3%B3n,438,566,0,338,7
7690,Pueblo+de+b%C3%A1rbaros,435,435,0,836,0
7691,Pueblo+de+bonificaci%C3%B3n,592,491,0,285,6
7692,Pueblo+de+bonificaci%C3%B3n,481,592,1999464,546,2
7693,550,525,590,1871,220,0
7694,Pueblo+de+bonificaci%C3%B3n,418,460,1348773,694,7
7695,Pueblo+de+b%C3%A1rbaros,411,528,20451,188,0
7696,Pueblo+de+b%C3%A1rbaros,586,528,0,303,0
7697,Miau+10,554,576,1714244,4412,2
7698,%2AJaula+de+castigo%2A,414,509,1784555,5420,0
7699,Pueblo+de+b%C3%A1rbaros,582,460,0,296,0
7700,Pueblo+de+bonificaci%C3%B3n,445,424,0,327,6
7701,Tower+025,456,418,2082469,2169,0
7702,008+LVE+-+Daishinkan,483,591,1999464,1481,3
7703,003,415,463,2130145,1407,6
7704,05.+Tortosa,573,553,1683698,4807,0
7705,Pueblo+de+bonificaci%C3%B3n,585,531,0,247,3
7706,002+Afrodita,407,499,2181972,853,8
7707,009+Adiace,541,417,2005788,4359,0
7708,Krulghast,592,483,2014236,376,4
7709,Pueblo+de+bonificaci%C3%B3n,468,411,0,268,9
7710,Pueblo+para+el+chotasfc+NO+COMER,422,452,1139497,2128,0
7711,De+la+propia+madr,556,572,1566793,1899,3
7712,Pueblo+de+b%C3%A1rbaros,588,477,301920,1371,0
7713,K55+Noble+017,505,590,934653,3473,8
7714,pueblo+de+Legolas07,423,452,2054038,1359,0
7715,Pueblo+de+b%C3%A1rbaros,572,555,0,241,0
7716,Pueblo+de+bonificaci%C3%B3n,572,440,0,259,8
7717,pueblo+de+aitor1122,466,457,1498879,3371,0
7718,Pueblo+de+bonificaci%C3%B3n,594,504,0,295,3
7719,SACANDO+PPS,583,461,2175542,645,0
7720,Pueblo+de+b%C3%A1rbaros,542,583,0,361,0
7721,Pueblo+de+bonificaci%C3%B3n,581,459,0,228,1
7722,Maik026,407,493,2084332,1463,4
7723,Pueblo+de+b%C3%A1rbaros,412,472,2121007,334,0
7724,1+-+Danko11,593,508,2184210,4693,8
7725,Grau+Vell,503,406,2124157,512,2
7726,Pueblo+de+b%C3%A1rbaros,420,545,0,178,0
7727,%5B0003%5D+Fantasmas,579,546,1935738,2652,6
7728,Pueblo+de+bonificaci%C3%B3n,469,411,0,261,7
7729,Mineria+Tyr+I,415,464,2142923,3877,0
7730,Pueblo+de+b%C3%A1rbaros,407,483,0,276,0
7731,Pueblo+de+bonificaci%C3%B3n,528,413,0,287,1
7732,Pueblo+de+bonificaci%C3%B3n,517,411,0,277,2
7733,Pueblo+de+b%C3%A1rbaros,429,501,0,240,0
7734,Pueblo+de+b%C3%A1rbaros,530,586,0,290,0
7735,ccc,422,551,1731373,3617,3
7736,Miau+09,553,577,1714244,9647,8
7737,JUANCRI+TOWN,459,416,2140228,301,0
7738,Pueblo+de+b%C3%A1rbaros,409,504,0,256,0
7739,Pueblo+de+bonificaci%C3%B3n,585,535,0,265,6
7740,Pueblo+de+bonificaci%C3%B3n,480,411,0,219,3
7741,011+Segarro,419,469,2060287,9581,0
7742,Pueblo+de+b%C3%A1rbaros,458,582,0,245,0
7743,018+GROCC,592,516,2133408,4953,4
7745,Tower+035,465,414,2082469,2195,1
7746,000,413,463,2130145,3543,8
7747,PPS,562,566,1820634,648,0
7748,Pueblo+de+b%C3%A1rbaros,557,428,0,273,0
7749,K55+Noble+008,500,595,934653,3476,4
7750,Pueblo+de+bonificaci%C3%B3n,585,541,0,342,6
7751,Pueblo+de+b%C3%A1rbaros,506,593,0,265,0
7752,Pueblo+de+b%C3%A1rbaros,498,593,0,209,0
7753,Novelda,569,563,1600033,1187,6
7754,Pueblo+de+bonificaci%C3%B3n,526,413,0,273,6
7755,pueblo+de+forlando,581,456,1182358,4681,0
7756,006,427,441,862424,822,5
7757,012+Rey+Midas,416,542,1233516,3461,8
7758,002+Segarro,426,459,2060287,9883,0
7759,Pueblo+de+bonificaci%C3%B3n,592,508,0,288,7
7760,Pueblo+de+bonificaci%C3%B3n,577,555,0,319,7
7761,Pueblo+de+b%C3%A1rbaros,466,414,0,129,0
7762,Pueblo+de+b%C3%A1rbaros,591,518,0,207,0
7763,Pueblo+de+bonificaci%C3%B3n,574,444,0,250,4
7764,pueblo+de+ardala+22,476,545,28243,9052,0
7765,Pueblo+de+b%C3%A1rbaros,589,528,0,301,0
7766,Pueblo+de+bonificaci%C3%B3n,417,458,1348773,2264,9
7767,pueblo+de+LeoPePsi,422,468,2130615,1541,0
7768,Pueblo+de+b%C3%A1rbaros,417,543,0,206,0
7769,Pueblo+de+bonificaci%C3%B3n,516,591,0,264,7
7770,Aspirina,557,571,2073946,8287,0
7771,Pueblo+de+b%C3%A1rbaros,430,438,0,253,0
7772,Pueblo+de+bonificaci%C3%B3n,572,560,0,335,3
7773,Tower+004,461,418,2082469,10365,4
7774,brbrj+0000,456,420,1685021,2364,0
7775,Pueblo+de+b%C3%A1rbaros,453,418,0,293,0
7776,%5BA%5D+030+El+favorito+de+tu+novia,456,579,1833730,4462,4
7777,pueblo+de+ZODIAK+73,579,451,2140980,3583,0
7778,057,462,587,1344786,669,6
7779,002-+El+Empecinado,560,430,13583,5248,0
7780,Pueblo+de+b%C3%A1rbaros,407,484,0,200,0
7781,Pueblo+de+bonificaci%C3%B3n,563,433,0,275,2
7782,006,423,459,2121007,9098,0
7783,Pueblo+de+b%C3%A1rbaros,436,430,0,179,0
7784,Pueblo+de+bonificaci%C3%B3n,488,409,0,246,7
7785,Pueblo+de+b%C3%A1rbaros,536,413,0,179,0
7786,Pueblo+de+b%C3%A1rbaros,555,427,2171938,448,0
7787,Pueblo+de+bonificaci%C3%B3n,445,577,0,314,7
7789,030,472,587,1344786,1543,8
7790,032+madera,496,594,934653,3474,1
7791,Pueblo+de+b%C3%A1rbaros,447,422,0,414,0
7792,ccc,423,554,1731373,7350,8
7793,A+%7C+003,577,450,948,5717,0
7794,Pueblo+de+b%C3%A1rbaros,478,592,0,304,0
7795,034,470,587,1344786,1491,4
7796,Pueblo+de+bonificaci%C3%B3n,535,587,0,289,7
7798,%2ARoller+Ball%2A,409,513,1784555,1562,3
7799,Pueblo+de+bonificaci%C3%B3n,518,589,0,225,1
7800,%2ACueva+de+los+desaparecidos%2A,409,519,1784555,9609,0
7801,07.-+AMPLIACI%C3%93N,509,405,817959,677,0
7802,005,428,442,862424,2197,5
7803,Pueblo+de+b%C3%A1rbaros,554,575,0,522,0
7804,Pueblo+de+b%C3%A1rbaros,441,426,0,244,0
7805,023,423,446,2113999,1960,3
7806,Pueblo+de+bonificaci%C3%B3n,593,486,0,174,1
7808,Pueblo+de+b%C3%A1rbaros,527,413,0,145,0
7809,550,524,590,1871,524,6
7810,Poni+07,432,565,804111,5667,0
7811,Pueblo+de+bonificaci%C3%B3n,454,580,0,257,2
7812,Pueblo+de+b%C3%A1rbaros,439,573,0,309,0
7813,Pueblo+de+b%C3%A1rbaros,408,505,0,234,0
7814,049,457,583,1344786,1597,9
7815,056+Noble,454,420,2127978,3861,9
7816,012+-+Noble,463,444,2179394,7153,0
7817,Pueblo+de+b%C3%A1rbaros,490,407,0,148,0
7818,C45+L03,588,470,1075536,1747,2
7819,005,421,460,2121007,9743,0
7820,02.-+JAUJA,510,408,817959,5669,8
7822,Pueblo+de+bonificaci%C3%B3n,523,410,0,356,9
7823,Noble,551,420,2171938,982,2
7824,Pueblo+de+b%C3%A1rbaros,445,428,0,453,0
7825,Pueblo+de+bonificaci%C3%B3n,412,467,0,215,7
7826,Pueblo+de+b%C3%A1rbaros,566,565,0,354,0
7827,Pueblo+de+b%C3%A1rbaros,591,513,0,286,0
7828,031,586,537,2028057,330,8
7829,030+GROCC,592,502,2133408,2076,4
7830,000+M0d0+DeFF+0N,445,568,1041417,7835,0
7831,Pueblo+de+b%C3%A1rbaros,407,511,0,261,0
7832,Pueblo+de+bonificaci%C3%B3n,578,555,0,245,9
7834,Pueblo+de+bonificaci%C3%B3n,555,423,0,289,7
7835,pueblo+de+Miauzer,416,504,2183239,2141,0
7836,Pueblo+de+bonificaci%C3%B3n,571,443,0,219,1
7837,Pueblo+de+bonificaci%C3%B3n,432,436,0,286,2
7838,pueblo+de+Peones,591,503,2131930,1512,0
7839,Pueblo+de+bonificaci%C3%B3n,530,590,0,197,7
7840,pueblo+de+We+smoke.,524,587,2049997,157,0
7841,Pueblo+de+b%C3%A1rbaros,437,570,0,268,0
7842,Pueblo+de+bonificaci%C3%B3n,591,508,0,236,1
7843,Pueblo+de+bonificaci%C3%B3n,406,505,0,317,1
7845,Pueblo+de+bonificaci%C3%B3n,417,459,1348773,1942,5
7846,Pueblo+de+bonificaci%C3%B3n,537,585,0,215,1
7847,pueblo+de+November+Rain,413,470,1922589,7413,0
7848,Pueblo+de+b%C3%A1rbaros,411,476,0,283,0
7849,Pueblo+de+bonificaci%C3%B3n,477,410,0,223,2
7850,Pueblo+de+bonificaci%C3%B3n,489,407,0,255,5
7851,paula+00,568,440,1772681,6875,0
7852,Pueblo+de+b%C3%A1rbaros,572,561,0,353,0
7853,010,471,412,2112530,1276,8
7854,001+-+Smallville,582,544,2177858,7900,0
7855,Pueblo+de+b%C3%A1rbaros,497,405,0,282,0
7856,ccc,429,557,1731373,3570,4
7857,pueblo+de+kinraki,430,561,786,649,0
7858,004-+El+Empecinado,556,428,13583,1449,6
7859,022,463,587,1344786,5249,3
7860,Noble+005+pepe,534,569,2124934,9883,0
7861,Pueblo+de+bonificaci%C3%B3n,406,498,0,186,7
7862,Maik043,406,497,2084332,594,5
7863,pueblo+de+ROMEO249,408,489,2178451,3018,0
7864,Pueblo+de+bonificaci%C3%B3n,591,473,1091882,1164,2
7865,06.-+MEGAL%C3%93POLIS,511,408,817959,786,4
7866,Acnamalas,418,459,1348773,8303,0
7867,Pueblo+de+b%C3%A1rbaros,589,467,0,333,0
7868,Pueblo+de+bonificaci%C3%B3n,407,520,0,291,2
7870,Tower+007,459,417,2082469,10114,5
7871,pueblo+de+narlord,570,559,1552780,5071,0
7872,Pueblo+de+b%C3%A1rbaros,550,423,0,278,0
7873,004+-+ReyCactus,578,448,912249,1878,9
7874,C45+L14,584,456,1075536,8353,0
7875,Pueblo+de+b%C3%A1rbaros,594,503,0,251,0
7876,024,467,586,1344786,1744,6
7877,G%C3%B3jar,472,413,1955107,2248,1
7878,%2AOp+dragon%2A,407,514,1784555,7852,0
7879,Pueblo+de+bonificaci%C3%B3n,592,484,0,240,8
7880,CapitaRoger1,593,494,2179095,1106,5
7881,pueblo+de+Minijuegos,478,409,2180093,3996,0
7882,Pueblo+de+bonificaci%C3%B3n,434,435,0,247,1
7883,pueblo+de+FRmaximus,541,414,2180096,3072,0
7884,Miau+15,540,584,1714244,781,1
7885,Pueblo+de+bonificaci%C3%B3n,593,490,0,269,2
7886,Pueblo+de+b%C3%A1rbaros,414,466,0,125,0
7887,Pueblo+de+bonificaci%C3%B3n,536,412,0,195,2
7888,Pueblo+de+bonificaci%C3%B3n,435,565,0,205,6
7890,Pueblo+de+b%C3%A1rbaros,518,410,0,267,0
7891,Pueblo+de+bonificaci%C3%B3n,536,585,0,220,7
7892,Pueblo+de+b%C3%A1rbaros,496,405,0,233,0
7893,Pueblo+de+b%C3%A1rbaros,441,427,0,129,0
7894,Pueblo+de+bonificaci%C3%B3n,574,556,0,319,9
7895,Pueblo+de+bonificaci%C3%B3n,542,417,0,275,3
7896,Poni+06,434,565,804111,6534,0
7897,Pueblo+de+ilyasova+02,569,440,1772681,4939,4
7898,032,477,589,1344786,1660,5
7899,%7C001%7C+MoaBDiV+132.513+PP.,552,437,1627158,7633,0
7900,Pueblo+de+b%C3%A1rbaros,560,573,0,240,0
7901,C07+YA+ES+AVALON%21%21%21,568,567,2184378,1830,1
7902,008,420,455,2121007,5714,9
7904,Pueblo+de+b%C3%A1rbaros,558,430,0,246,0
7905,015+T%C3%BA+peor+pesadilla,419,546,1233516,2616,4
7906,Pueblo+de+bonificaci%C3%B3n,567,566,0,236,9
7907,Pueblo+de+b%C3%A1rbaros,424,444,0,127,0
7908,SSS,563,566,741002,1640,6
7909,TU+PESADILLA+4,531,590,2144281,4123,0
7910,Pueblo+de+bonificaci%C3%B3n,427,438,0,508,3
7911,Pueblo+de+D,554,579,2134962,596,7
7912,Pueblo+de+b%C3%A1rbaros,571,562,0,157,0
7913,Pueblo+de+bonificaci%C3%B3n,551,421,0,230,7
7914,0001,573,560,202854,2557,8
7915,pueblo+de+rubenmas2001,543,416,250,1238,0
7916,Pueblo+de+b%C3%A1rbaros,405,496,0,351,0
7917,%5B0004%5D+Fantasmas,581,545,1935738,4240,1
7918,Pueblo+de+b%C3%A1rbaros,592,481,0,114,0
7919,550,520,590,1871,304,4
7920,Pueblo+de+bonificaci%C3%B3n,538,414,0,234,1
7921,Capital+001,411,479,2184155,4903,0
7922,Pueblo+de+bonificaci%C3%B3n,586,468,0,459,7
7923,MeH,409,474,1326344,267,9
7924,Maik020,432,484,2084332,10490,0
7925,Pueblo+de+bonificaci%C3%B3n,580,552,0,312,7
7926,Pueblo+de+bonificaci%C3%B3n,445,578,2092837,2333,9
7927,Noxus,587,465,2112353,7117,0
7928,%7ETRUFER%7E,563,570,572504,242,0
7929,B_008,419,544,1752476,3011,1
7930,Pueblo+de+Kipus1501,587,460,2097174,1678,1
7931,Pueblo+de+b%C3%A1rbaros,583,457,0,112,0
7932,Maik029,409,487,2084332,1254,8
7933,A010+%7E+Zeus,594,488,1783178,1699,6
7934,Naruto,516,590,2091224,5305,0
7935,Pueblo+de+bonificaci%C3%B3n,591,528,0,275,5
7936,Pueblo+de+bonificaci%C3%B3n,505,406,0,299,9
7937,Pueblo+de+b%C3%A1rbaros,445,425,0,260,0
7938,Pueblo+de+b%C3%A1rbaros,416,455,0,280,0
7939,MIRA+CHECHIN+COMO+SE+LA+PUSE,526,409,2184343,999,4
7940,033.+ABUS,487,592,1678679,2461,2
7941,C45+L12,585,464,1075536,5395,0
7942,040,465,585,1344786,1741,0
7943,Pueblo+de+bonificaci%C3%B3n,406,507,0,263,3
7945,%5B0005%5D+Fantasmas,583,545,1935738,1370,2
7946,Tower+003,460,418,2082469,10247,8
7947,pueblo+de+S+E+N+P+A+I,589,470,2154755,26,0
7948,020.+ABUS,486,591,1678679,2366,6
7949,Pueblo+de+bonificaci%C3%B3n,499,406,0,229,9
7950,Pueblo+de+b%C3%A1rbaros,479,408,0,627,0
7951,Fenix,409,478,1326344,4086,8
7952,Pueblo+de+bonificaci%C3%B3n,449,580,0,300,6
7953,pueblo+de+3henry,574,464,2114502,3378,0
7954,036+GROCC,594,513,2133408,1707,1
7955,Vgg.,580,553,2184316,832,0
7956,Pueblo+de+bonificaci%C3%B3n,422,449,2121007,1318,6
7957,002+-+Gr%C3%BCn,579,447,912249,2594,6
7958,Pueblo+de+b%C3%A1rbaros,409,517,0,191,0
7959,Pueblo+de+b%C3%A1rbaros,481,406,0,157,0
7960,018+Fifty,418,548,1233516,2505,9
7961,Pueblo+de+b%C3%A1rbaros,526,411,0,360,0
7962,3+-+Danko11,592,505,2184210,2124,2
7964,Pueblo+de+bonificaci%C3%B3n,411,472,2121007,1516,1
7965,pueblo+de+ga%C3%B1anes,486,525,689953,130,0
7966,055+Noble,455,416,2127978,8718,8
7967,008,469,413,2112530,2319,6
7968,Pueblo+de+b%C3%A1rbaros,419,549,0,130,0
7969,Pueblo+de+b%C3%A1rbaros,567,562,0,284,0
7970,Pueblo+de+ilyasov+01,569,439,1772681,5206,5
7971,Pueblo+de+b%C3%A1rbaros,475,410,0,152,0
7972,Pueblo+de+bonificaci%C3%B3n,585,540,0,322,3
7973,Pueblo+de+bonificaci%C3%B3n,495,405,0,245,5
7974,Pueblo+de+b%C3%A1rbaros,474,412,0,152,0
7975,Pueblo+de+bonificaci%C3%B3n,591,477,0,335,8
7976,Pueblo+de+bonificaci%C3%B3n,497,408,0,379,1
7977,Pueblo+de+b%C3%A1rbaros,581,527,0,568,0
7978,550,525,592,1871,302,1
7979,Pueblo+de+b%C3%A1rbaros,566,435,0,219,0
7980,Pueblo+de+b%C3%A1rbaros,592,511,0,284,0
7981,Moh,408,477,1326344,259,1
7982,Pueblo+de+bonificaci%C3%B3n,447,421,0,227,3
7983,Pueblo+de+b%C3%A1rbaros,553,424,2171938,253,0
7984,Pueblo+de+b%C3%A1rbaros,481,590,0,324,0
7985,ccc,425,558,1731373,3226,5
7986,-0003,594,499,2009293,5302,0
7987,Miau+17,543,584,1714244,651,5
7988,105+Rayitoo+cocorilo,532,410,1247466,4033,0
7989,Pueblo+de+bonificaci%C3%B3n,571,442,0,279,1
7991,Pueblo+de+b%C3%A1rbaros,516,594,0,231,0
7992,C45+L06,587,463,1075536,1742,5
7993,014,474,411,2112530,390,1
7994,001.-+Desembarco+del+Rey,465,425,1515545,7186,0
7995,Pueblo+de+b%C3%A1rbaros,513,409,0,276,0
7996,Maik040,404,496,2084332,790,5
7997,Pueblo+de+bonificaci%C3%B3n,431,566,0,285,7
7999,C.007.00,590,525,2182227,741,3
8000,009,428,450,2121007,10162,0
8001,Pueblo+de+bonificaci%C3%B3n,595,491,0,282,7
8002,Pueblo+de+bonificaci%C3%B3n,584,462,0,206,1
8003,pueblo+de+condeplebeyo,594,515,912799,987,0
8004,Pueblo+de+b%C3%A1rbaros,567,563,0,257,0
8005,Pueblo+de+bonificaci%C3%B3n,459,582,0,272,7
8006,A+%7C+001,579,455,948,9795,0
8007,Pueblo+de+b%C3%A1rbaros,405,486,0,215,0
8008,Pueblo+de+bonificaci%C3%B3n,555,575,0,170,1
8009,S004-zarrabitria,520,594,19450,3760,0
8010,Pueblo+de+b%C3%A1rbaros,406,504,0,363,0
8011,008,476,588,2102310,7250,8
8012,TU+PESADILLA+5,542,582,2144281,4644,0
8013,Pueblo+de+b%C3%A1rbaros,415,458,0,243,0
8014,Pueblo+de+bonificaci%C3%B3n,413,535,0,305,2
8015,07+Masturix,408,508,1736828,5730,0
8016,Pueblo+de+bonificaci%C3%B3n,412,469,1922589,1872,3
8017,Tower+021,464,415,2082469,5164,9
8018,Brinca+na+Areia,454,470,2184324,8977,0
8019,Pueblo+de+b%C3%A1rbaros,435,430,0,240,0
8020,Pueblo+de+bonificaci%C3%B3n,586,543,0,225,1
8021,Gurb2.0,575,447,1696634,5648,0
8022,Pueblo+de+bonificaci%C3%B3n,512,408,0,254,7
8024,Pueblo+de+bonificaci%C3%B3n,547,419,0,280,3
8026,Pueblo+de+b%C3%A1rbaros,456,415,2082469,1105,0
8027,0116+INVOICE,588,473,301920,1427,2
8028,Pueblo+de+bonificaci%C3%B3n,593,493,0,213,2
8029,Pueblo+de+b%C3%A1rbaros,491,405,0,245,0
8030,Pueblo+de+b%C3%A1rbaros,426,556,0,196,0
8031,Maik042,409,483,2084332,813,2
8032,Pueblo+de+bonificaci%C3%B3n,587,540,0,304,3
8033,003+Segarro,425,465,2060287,8341,0
8034,SPAID%3A+Guerreros+Killers+VI,530,588,486339,1160,3
8035,ccc,425,555,1731373,675,7
8036,Galia,453,583,572794,3372,0
8037,Pueblo+de+bonificaci%C3%B3n,534,587,0,252,6
8038,Poni+08,426,562,804111,5104,0
8039,wanalulu+009,577,552,2184237,683,3
8040,Pueblo+de+bonificaci%C3%B3n,415,536,0,210,2
8042,Pueblo+de+b%C3%A1rbaros,407,519,0,201,0
8043,Pueblo+de+bonificaci%C3%B3n,586,463,0,208,6
8044,Pueblo+de+bonificaci%C3%B3n,435,568,0,207,5
8046,Pueblo+de+b%C3%A1rbaros,526,592,0,187,0
8047,A002+VITO,595,511,1472448,3566,4
8048,uno,413,538,2184289,2932,0
8049,Pueblo+de+bonificaci%C3%B3n,405,512,0,244,6
8050,Pueblo+de+bonificaci%C3%B3n,447,578,2092837,1188,3
8051,Poli2728,410,524,2181647,1240,0
8052,Pueblo+de+b%C3%A1rbaros,555,425,0,168,0
8053,Pueblo+de+bonificaci%C3%B3n,465,411,0,270,5
8054,Pueblo+de+b%C3%A1rbaros,589,477,0,107,0
8055,Pueblo+de+bonificaci%C3%B3n,541,416,0,309,9
8056,01+betopolis,407,527,2184174,3530,0
8057,Pueblo+de+b%C3%A1rbaros,408,518,0,208,4
8058,Pueblo+de+b%C3%A1rbaros,479,593,0,83,0
8059,Pueblo+de+bonificaci%C3%B3n,406,496,0,299,2
8060,..........,409,526,20451,1001,7
8061,Pueblo+de+b%C3%A1rbaros,420,451,0,259,0
8062,......,410,527,20451,393,0
8063,007,468,412,2112530,3912,5
8064,001+Chullachaqui,463,463,2182275,3401,0
8065,Pueblo+de+b%C3%A1rbaros,592,507,0,245,0
8066,A05+SIEMPRE+AVALON%21%21%21,562,568,2184378,1191,1
8067,Pueblo+de+bonificaci%C3%B3n,531,411,0,258,4
8068,Pueblo+de+b%C3%A1rbaros,460,588,0,230,0
8069,Pueblo+de+bonificaci%C3%B3n,435,431,0,235,6
8070,004+rikuvv,550,417,1610816,3800,0
8071,Pueblo+de+b%C3%A1rbaros,580,549,0,241,0
8072,016+GROCC,590,522,2133408,5819,8
8074,Pueblo+de+b%C3%A1rbaros,592,525,0,245,0
8075,Pueblo+de+bonificaci%C3%B3n,449,577,1833730,544,5
8076,051,459,583,1344786,1364,1
8077,estoy,432,434,2426,4154,0
8078,Macedonia,551,578,2184285,3582,8
8079,Pueblo+de+bonificaci%C3%B3n,556,423,0,261,9
8080,Pueblo+de+b%C3%A1rbaros,587,537,0,348,0
8081,Pueblo+de+bonificaci%C3%B3n,504,596,2137541,1370,3
8082,Pueblo+de+bonificaci%C3%B3n,414,541,0,387,6
8083,SPAID%3A+Guerrero+de+los+Lamentos,553,539,486339,4208,0
8084,Pueblo+de+bonificaci%C3%B3n,527,589,0,273,9
8085,MSC+%28messi%2C+suarez%2C+carbajal%29,414,534,292351,2483,0
8086,Mineria+Tyr+II,414,464,2142923,365,0
8087,Demacia,587,462,2112353,2468,8
8088,Noble+302,500,406,1617970,703,9
8089,Toronto,576,464,1659003,2337,0
8090,Pueblo+de+b%C3%A1rbaros,580,551,0,353,0
8091,Pueblo+de+bonificaci%C3%B3n,437,428,0,255,4
8092,02+-+Slapy,562,426,2179170,550,4
8093,Miau+11,545,582,1714244,5186,0
8094,Pueblo+de+bonificaci%C3%B3n,532,589,486339,270,4
8095,028,478,591,1344786,1565,4
8096,Pueblo+de+b%C3%A1rbaros,534,590,0,90,0
8097,Pueblo+de+b%C3%A1rbaros,431,564,0,307,0
8098,Maik035,405,482,2084332,1000,4
8100,Pueblo+de+b%C3%A1rbaros,465,413,0,239,0
8101,Pueblo+de+bonificaci%C3%B3n,560,426,0,243,9
8102,pueblo+de+Rodrigou,574,443,2177769,3227,0
8103,Pueblo+de+b%C3%A1rbaros,407,506,0,275,0
8104,Pueblo+de+bonificaci%C3%B3n,593,524,0,237,3
8105,C.002.01,590,524,2182227,6208,0
8106,007+barryl,570,565,1024499,723,1
8107,Pueblo+de+bonificaci%C3%B3n,532,409,0,297,4
8108,001+Albbruck,544,477,1629978,9487,0
8109,Pueblo+de+bonificaci%C3%B3n,569,432,2093981,1568,4
8110,Noble,405,508,1390210,8825,0
8111,037+HIERRO,497,593,934653,3397,3
8113,032+GROCC,589,532,2133408,1901,8
8114,013+Noble,522,542,2183491,6023,0
8115,Pueblo+de+b%C3%A1rbaros,510,593,0,274,0
8116,03+-+Slapy,561,427,2179170,883,4
8117,Jonia,587,464,2112353,1514,6
8118,Pueblo+de+b%C3%A1rbaros,557,423,0,126,0
8119,061+Noble,454,417,2127978,3583,0
8120,013,466,586,1344786,4844,5
8121,Pueblo+de+bonificaci%C3%B3n,411,466,1922589,546,5
8122,Pueblo+de+b%C3%A1rbaros,496,406,0,127,0
8123,A+las+barricadas%2A,405,513,1784555,584,8
8124,Pueblo+de+b%C3%A1rbaros,494,594,0,72,0
8125,Pueblo+de+bonificaci%C3%B3n,463,411,0,222,9
8126,Pueblo+de+bonificaci%C3%B3n,566,569,0,195,9
8127,pueblo+de+malo81,569,433,2093981,5171,0
8128,Pueblo+de+bonificaci%C3%B3n,588,537,0,253,3
8129,006+Buddhas+Family,459,542,2062192,6840,0
8130,Pueblo+de+b%C3%A1rbaros,436,571,0,262,0
8131,002,418,449,2121007,8954,4
8132,009_%7EEl+abuelo+cebolletas%7E,502,596,2176673,4331,0
8133,Pueblo+de+bonificaci%C3%B3n,451,579,0,261,7
8134,Pueblo+de+bonificaci%C3%B3n,512,406,0,236,7
8135,032,484,592,23632,5154,0
8136,Pueblo+de+b%C3%A1rbaros,409,468,0,230,0
8137,019,465,588,1344786,5520,9
8138,0001+Soy+Thanos+para+t%C3%AD,428,484,83966,3963,0
8139,Pueblo+de+b%C3%A1rbaros,518,405,0,219,0
8140,Pueblo+de+bonificaci%C3%B3n,533,591,0,224,9
8141,%28A022%29+Barbaro+de+la+Seduccion,579,466,222751,7016,0
8142,Pueblo+de+b%C3%A1rbaros,439,569,0,215,0
8143,Pueblo+de+bonificaci%C3%B3n,447,579,2092837,558,2
8144,%7ETRUFER%7E,563,571,572504,502,6
8145,Pueblo+de+b%C3%A1rbaros,420,553,0,120,0
8146,Pueblo+de+bonificaci%C3%B3n,595,497,0,284,7
8147,Pueblo+de+b%C3%A1rbaros,458,584,0,951,0
8148,Pueblo+de+b%C3%A1rbaros,507,594,0,230,0
8149,Pueblo+de+bonificaci%C3%B3n,523,406,0,215,7
8150,033+rrss,491,594,934653,3429,8
8151,005+GROCC,594,514,2133408,8104,0
8152,Pueblo+de+bonificaci%C3%B3n,555,421,0,282,3
8153,Pueblo+de+bonificaci%C3%B3n,531,591,0,270,9
8154,Pueblo+de+b%C3%A1rbaros,581,549,0,142,0
8155,Pueblo+de+bonificaci%C3%B3n,440,575,0,180,4
8156,01.-+LEGULEYO,509,407,817959,8739,0
8157,Pueblo+de+b%C3%A1rbaros,436,433,0,272,0
8158,Pueblo+de+bonificaci%C3%B3n,466,409,0,313,4
8160,Pueblo+de+b%C3%A1rbaros,478,593,0,230,0
8161,Pueblo+de+bonificaci%C3%B3n,521,593,0,267,5
8162,006-+El+Empecinado,558,428,13583,1673,0
8163,Pueblo+de+b%C3%A1rbaros,428,440,0,203,0
8164,002,585,455,2177122,1354,9
8165,Pueblo+de+bonificaci%C3%B3n,408,470,0,233,7
8166,Pueblo+de+b%C3%A1rbaros,587,541,0,368,0
8167,Pueblo+de+bonificaci%C3%B3n,408,520,0,263,6
8168,Pueblo+de+bonificaci%C3%B3n,591,481,0,245,9
8169,pueblo+de+Boss+MORIBUNDO,476,546,1577430,1584,0
8170,035,474,592,2102310,1584,8
8171,Pueblo+de+bonificaci%C3%B3n,415,537,0,323,6
8172,me+llaman+T..y+M.....a,420,548,2184338,26,0
8173,Pueblo+de+b%C3%A1rbaros,422,556,0,267,0
8174,Pueblo+de+bonificaci%C3%B3n,517,592,0,330,9
8175,Bewegungskrieg,417,453,2184275,505,0
8176,Pueblo+de+b%C3%A1rbaros,409,473,0,210,0
8177,K55+Noble+009,501,595,934653,3511,9
8178,Fantasma,572,559,891173,5200,0
8179,Pueblo+de+b%C3%A1rbaros,451,581,0,202,0
8180,065+Noble,453,415,2127978,3276,6
8181,Pueblo+de+b%C3%A1rbaros,404,486,0,161,0
8182,Pueblo+de+b%C3%A1rbaros,425,438,0,207,0
8183,Pueblo+de+bonificaci%C3%B3n,435,569,0,253,6
8184,A002+%7E+Room,596,488,1783178,8804,0
8185,015,413,469,2142222,3349,4
8186,004+Julito-San,474,436,1875804,5965,0
8187,Pueblo+de+bonificaci%C3%B3n,593,505,0,359,2
8188,pueblo+de+iKniTes,478,438,1938559,1899,0
8189,Pueblo+de+b%C3%A1rbaros,536,414,0,254,0
8190,W103+-+007+Mateorb12,548,581,2140502,2261,4
8191,Pueblo+de+b%C3%A1rbaros,583,471,301920,1017,0
8192,Pueblo+de+bonificaci%C3%B3n,511,593,2137541,5631,8
8193,Pueblo+de+b%C3%A1rbaros,406,525,0,245,0
8194,Pueblo+de+bonificaci%C3%B3n,592,527,0,334,7
8195,007,412,465,2130145,850,0
8196,Tower+037,458,414,2082469,2169,0
8197,ccc,428,563,1731373,2477,2
8198,Pueblo+de+bonificaci%C3%B3n,543,587,0,275,1
8199,Pueblo+de+b%C3%A1rbaros,520,595,0,45,0
8200,Pueblo+de+b%C3%A1rbaros,433,431,0,346,0
8201,Pueblo+de+bonificaci%C3%B3n,406,506,0,261,3
8202,Tower+008,457,414,2082469,10365,0
8203,Pueblo+de+b%C3%A1rbaros,574,560,0,319,0
8204,Pueblo+de+bonificaci%C3%B3n,593,523,0,219,1
8205,Pueblo+de+bonificaci%C3%B3n,593,492,0,257,6
8206,de+igual+a+igual,560,576,2184150,5409,0
8207,Pueblo+de+b%C3%A1rbaros,517,591,0,301,0
8208,013,473,407,2112530,494,6
8209,Pueblo+de+bonificaci%C3%B3n,439,428,0,210,4
8210,Dagobah,526,590,2184341,503,0
8211,006,410,466,2130145,1039,3
8212,pueblos,406,480,2183486,1011,0
8213,Pueblo+de+b%C3%A1rbaros,406,476,0,232,0
8214,Pueblo+de+bonificaci%C3%B3n,556,422,0,214,1
8215,005-+El+Empecinado,562,428,13583,2028,0
8216,Pueblo+de+b%C3%A1rbaros,546,418,0,310,0
8217,Pueblo+de+bonificaci%C3%B3n,406,510,0,220,3
8218,Fantasma,570,563,891173,5622,0
8219,....,406,522,20451,593,5
8220,106+Shibota+bota,527,412,1247466,3797,0
8221,Pueblo+de+b%C3%A1rbaros,537,588,0,197,0
8222,045,467,589,1344786,1633,2
8223,ccc,424,555,1731373,7216,4
8224,013.+Rena,536,411,1983197,3152,0
8225,011,466,413,2112530,1435,5
8226,Pueblo+de+bonificaci%C3%B3n,518,595,0,310,3
8228,Pueblo+de+b%C3%A1rbaros,594,478,0,263,0
8229,Pueblo+de+bonificaci%C3%B3n,410,470,2121007,493,4
8230,pueblo+de+Zab%C3%B3jca,458,413,2180062,76,0
8231,Pueblo+de+b%C3%A1rbaros,585,542,0,260,0
8232,057+Noble,452,416,2127978,3793,9
8233,Pueblo+de+b%C3%A1rbaros,500,482,0,910,0
8234,Pueblo+de+bonificaci%C3%B3n,591,476,0,256,5
8235,018,417,449,2121007,2239,2
8236,012+Segarro,421,470,2060287,8753,0
8237,Pueblo+de+b%C3%A1rbaros,561,429,0,298,0
8238,Pueblo+de+bonificaci%C3%B3n,590,536,0,301,6
8239,046,474,591,1344786,1529,4
8240,014,509,476,1684263,2435,0
8241,Pueblo+de+b%C3%A1rbaros,576,553,0,308,0
8242,Pueblo+de+bonificaci%C3%B3n,572,565,0,281,9
8244,Pueblo+de+b%C3%A1rbaros,593,510,0,249,0
8245,001,585,457,2177122,2649,8
8246,SG5,438,573,231570,1053,4
8247,Pueblo+de+b%C3%A1rbaros,553,422,2171938,635,0
8248,Pueblo+de+b%C3%A1rbaros,582,547,0,269,0
8249,Pueblo+de+bonificaci%C3%B3n,594,524,0,212,2
8250,Pueblo+de+b%C3%A1rbaros,566,567,0,118,0
8251,Pueblo+de+b%C3%A1rbaros,452,418,0,376,0
8252,028+GROCC,593,529,2133408,1736,6
8253,Pueblo+de+bonificaci%C3%B3n,449,420,0,148,9
8254,001+%7EAbuelos+Espartanos,461,500,1747712,8046,0
8255,003,421,449,2121007,7723,9
8256,A004+%7E+4MPUT4T3,595,487,1783178,5873,6
8257,Pueblo+de+b%C3%A1rbaros,582,549,0,171,0
8258,005,549,417,1610816,384,0
8259,Pueblo+de+bonificaci%C3%B3n,460,412,0,253,6
8260,ReNa+%7E+Lealtad,497,404,1174348,5426,5
8261,EcA+04,594,506,2126990,2245,0
8262,003+-+Smallville,584,543,2177858,2687,4
8263,Pueblo+de+bonificaci%C3%B3n,461,411,0,217,3
8264,pueblo+de+ME+VES+Y+TIEMBLAS,537,590,2144281,8392,0
8265,S005-zarra,519,595,19450,292,3
8266,C01+-+This+is+S+P+A+R+T+A%21,478,594,1745999,3948,4
8267,pueblo+de+caminando,591,525,2126355,4968,0
8268,Pueblo+de+bonificaci%C3%B3n,576,555,0,230,9
8269,Pueblo+de+b%C3%A1rbaros,449,421,0,213,0
8270,%7ETRUFER%7E,562,571,945125,2974,2
8271,Pueblo+de+bonificaci%C3%B3n,588,535,0,292,9
8272,A001+VITO,595,512,1472448,7835,0
8273,Pueblo+de+b%C3%A1rbaros,589,539,0,221,0
8274,Pueblo+de+bonificaci%C3%B3n,534,409,0,197,5
8275,Pueblo+de+bonificaci%C3%B3n,593,499,0,250,3
8276,-0002,595,501,2009293,6363,0
8277,Pueblo+de+bonificaci%C3%B3n,445,422,0,228,1
8278,Pueblo+de+bonificaci%C3%B3n,444,421,0,226,1
8279,Pueblo+de+b%C3%A1rbaros,467,410,0,123,0
8280,038,473,591,2102310,1439,0
8281,MGSEAN+III,540,587,2183634,1448,8
8282,A005+%7E+Tact,595,486,1783178,5628,6
8283,001+GROCC,592,514,2133408,9876,0
8284,Pueblo+de+b%C3%A1rbaros,442,426,0,208,0
8285,Pueblo+de+bonificaci%C3%B3n,439,575,0,181,1
8286,C45+L01,587,467,1075536,4991,8
8287,pueblo+de+Javivi666,585,459,1773131,2461,0
8288,Pueblo+de+bonificaci%C3%B3n,593,480,0,200,5
8289,febramacity,571,564,1600033,4868,0
8290,Pueblo+de+b%C3%A1rbaros,493,406,0,303,0
8291,008.+ABUS,487,593,1678679,7350,4
8292,Miau+08,553,576,1714244,8714,8
8293,001,556,575,1564945,6953,0
8294,Pueblo+de+bonificaci%C3%B3n,594,521,0,212,3
8295,%5B0002%5D+Fantasmas,586,544,1935738,1478,8
8296,pueblo+de+Barbalitros,575,441,2056849,885,0
8297,Pueblo+de+b%C3%A1rbaros,594,520,0,224,0
8298,017.+ABUS,486,593,1678679,2411,5
8299,550,523,591,1871,459,9
8300,pueblo+de+Barreiro,431,443,2178130,26,0
8301,Pueblo+de+b%C3%A1rbaros,481,593,0,287,0
8302,Pueblo+de+bonificaci%C3%B3n,520,593,0,201,5
8303,015,510,479,1684263,3312,0
8304,Pueblo+de+b%C3%A1rbaros,450,580,0,229,0
8305,Pueblo+de+bonificaci%C3%B3n,406,479,0,201,3
8306,022,470,593,2102310,2557,9
8307,011-Geronnt,507,481,2087974,3535,0
8308,Pueblo+de+bonificaci%C3%B3n,406,513,0,239,6
8309,Pueblo+de+bonificaci%C3%B3n,469,409,0,258,2
8310,001+-+Junst,579,446,912249,5406,0
8311,Pueblo+de+b%C3%A1rbaros,407,472,0,266,0
8312,037,458,585,1344786,1563,4
8313,020+Tueni,415,541,1233516,1962,6
8315,Pueblo+de+b%C3%A1rbaros,582,455,1182358,434,0
8316,Maik046,404,489,2084332,189,2
8317,pueblo+de+Boticu,584,449,2057827,6844,0
8318,Pueblo+de+b%C3%A1rbaros,539,586,0,270,0
8319,038+almac%C3%A9n,498,594,934653,3257,9
8320,pueblo+de+menwer,422,558,492721,26,0
8321,Pueblo+de+b%C3%A1rbaros,564,426,0,290,0
8322,014+Tyrosh,548,420,164,3583,4
8323,1.-+Castillo+de+Praga,545,416,2091752,2006,0
8324,Pueblo+de+b%C3%A1rbaros,406,508,0,164,0
8325,Pueblo+de+bonificaci%C3%B3n,535,589,0,271,6
8326,004,409,467,2130145,1067,2
8327,pueblo+de+examiga,414,454,1922194,3023,0
8328,Pueblo+de+b%C3%A1rbaros,413,537,0,221,0
8329,005+-+Smallville,584,546,2177858,1195,4
8330,059+Noble,454,416,2127978,3645,0
8331,Pueblo+de+b%C3%A1rbaros,451,418,0,218,0
8332,020+GROCC,595,518,2133408,4490,9
8333,Pueblo+de+b%C3%A1rbaros,538,412,0,114,0
8334,C45+L05,589,466,1075536,1565,3
8335,Pueblo+de+bonificaci%C3%B3n,467,412,0,229,4
8336,OAE,578,443,1696634,2628,0
8337,......,408,525,20451,1092,5
8338,ReNa+%7E+Tradici%C3%B3n,496,404,1174348,6037,8
8339,Chupa+Cabras,407,477,2184350,4212,0
8340,....,409,529,20451,502,9
8341,Pueblo+de+b%C3%A1rbaros,418,448,0,78,0
8342,Pueblo+de+b%C3%A1rbaros,595,521,0,207,0
8343,Pueblo+de+bonificaci%C3%B3n,441,578,2098997,3941,5
8344,Punisher,592,471,2124706,2865,0
8345,Pueblo+de+b%C3%A1rbaros,518,407,0,277,0
8346,Pueblo+de+bonificaci%C3%B3n,564,574,0,223,7
8348,Pueblo+de+b%C3%A1rbaros,416,457,0,272,0
8349,Pueblo+de+bonificaci%C3%B3n,532,590,0,219,7
8351,Pueblo+de+bonificaci%C3%B3n,450,584,0,175,1
8352,pueblo+de+Anonymus,444,577,2092837,7570,0
8353,Pueblo+de+bonificaci%C3%B3n,413,457,2179243,1041,3
8354,009,410,463,2130145,314,0
8355,07.+Lleida,581,552,1683698,2398,8
8356,Pueblo+de+b%C3%A1rbaros,513,404,0,90,0
8357,Pueblo+de+b%C3%A1rbaros,593,474,0,246,0
8358,Pueblo+de+bonificaci%C3%B3n,404,495,0,211,7
8359,019,422,445,2113999,2108,8
8361,Pueblo+de+b%C3%A1rbaros,594,508,0,213,0
8362,Pueblo+de+bonificaci%C3%B3n,480,405,0,198,4
8366,Inmemoriable,436,485,1989749,4736,0
8367,008.+Luks,594,475,537507,2709,4
8368,Pueblo+de+b%C3%A1rbaros,516,595,0,105,0
8369,Pueblo+de+bonificaci%C3%B3n,455,587,0,251,7
8370,Pueblo+de+bonificaci%C3%B3n,596,496,0,342,2
8371,Pueblo+de+b%C3%A1rbaros,439,425,0,124,0
8372,Pueblo+de+b%C3%A1rbaros,542,586,0,402,0
8373,015,476,408,2112530,269,6
8374,Pueblo+de+b%C3%A1rbaros,434,572,0,369,0
8375,Pueblo+de+b%C3%A1rbaros,586,454,0,215,0
8376,ccc,421,556,1731373,3759,3
8377,SPORTING,439,443,2117739,2748,0
8378,Pueblo+de+b%C3%A1rbaros,596,497,0,183,0
8379,Pueblo+de+bonificaci%C3%B3n,560,578,0,153,7
8380,Pueblo+de+bonificaci%C3%B3n,433,430,0,245,6
8381,016,418,447,2121007,6156,0
8382,Pueblo+de+b%C3%A1rbaros,456,414,2082469,1099,0
8383,%2AZona+vip%2A,403,509,1784555,4888,4
8384,TURIA,450,432,2117545,5982,0
8385,Wehrmacht,415,454,1301199,1539,8
8387,Pueblo+de+b%C3%A1rbaros,595,525,0,192,0
8388,...,409,527,20451,1150,1
8389,CENTRAL,564,549,2142538,9955,0
8390,Pueblo+de+b%C3%A1rbaros,590,537,0,240,0
8391,Pueblo+de+bonificaci%C3%B3n,438,574,0,187,7
8392,Pueblo+de+bonificaci%C3%B3n,477,409,0,250,7
8393,002.+Luks,596,479,537507,6988,0
8394,Pueblo+de+bonificaci%C3%B3n,440,574,0,200,6
8395,pato+aprendiz,439,444,2078984,816,0
8396,Pueblo+de+b%C3%A1rbaros,501,406,0,293,0
8397,Pueblo+de+bonificaci%C3%B3n,597,493,0,238,1
8398,002+Otra+dimensi%C3%B3n,572,438,2179037,2069,0
8399,Pueblo+de+b%C3%A1rbaros,505,405,0,279,0
8400,Ciudadela+Oscura,492,406,2134283,1002,4
8401,Pueblo+de+b%C3%A1rbaros,487,435,0,163,0
8402,Pueblo+de+bonificaci%C3%B3n,529,410,0,237,1
8403,To%C3%B1in,593,469,2124706,4533,0
8404,Pueblo+de+b%C3%A1rbaros,572,566,0,237,0
8405,Pueblo+de+bonificaci%C3%B3n,549,583,0,240,1
8406,pueblo+de+gcornide1031,482,596,2179493,3572,0
8407,Pueblo+de+b%C3%A1rbaros,466,412,0,167,0
8408,Pueblo+de+bonificaci%C3%B3n,465,412,0,199,5
8409,027.+ABUS,498,597,1678679,2081,5
8410,Pueblo+de+b%C3%A1rbaros,430,565,945659,957,0
8411,Pueblo+de+b%C3%A1rbaros,441,575,0,234,0
8412,Pueblo+de+bonificaci%C3%B3n,527,406,0,245,2
8413,Pueblo+de+bonificaci%C3%B3n,418,547,0,250,6
8414,Pueblo+de+b%C3%A1rbaros,476,591,0,352,0
8415,Pueblo+de+bonificaci%C3%B3n,444,420,1405084,1991,8
8416,Chupa+Cabras+2,408,479,2184350,1405,0
8417,Pueblo+de+bonificaci%C3%B3n,509,596,2137541,1117,5
8418,ppss,557,491,2134461,1033,0
8419,Pueblo+de+b%C3%A1rbaros,569,564,0,242,0
8420,009+Buddhas+Family,471,591,2062192,4228,8
8421,Noble+301,500,405,1617970,4381,0
8422,Pueblo+de+b%C3%A1rbaros,548,414,0,243,0
8423,Pueblo+de+bonificaci%C3%B3n,564,430,0,375,5
8424,Nestor+y+CFK,524,411,2184359,2540,0
8425,Pueblo+de+bonificaci%C3%B3n,407,532,0,229,1
8426,Pueblo+de+b%C3%A1rbaros,481,594,0,52,0
8427,036+rrss,490,597,934653,3620,8
8428,Pueblo+de+bonificaci%C3%B3n,458,587,0,238,7
8429,Pueblo+de+b%C3%A1rbaros,419,446,0,141,0
8430,Pueblo+de+bonificaci%C3%B3n,595,505,0,215,7
8431,Pueblo+de+bonificaci%C3%B3n,421,448,2121007,381,9
8433,Pueblo+de+b%C3%A1rbaros,407,478,0,256,0
8434,Pueblo+de+bonificaci%C3%B3n,593,528,0,259,2
8435,Pueblo+de+b%C3%A1rbaros,426,435,0,97,0
8436,A003+VITO,595,513,1472448,452,0
8437,002+GROCC,594,516,2133408,8666,8
8438,Pueblo+de+bonificaci%C3%B3n,595,479,0,209,9
8439,012,431,452,2121007,9744,0
8440,Pueblo+de+b%C3%A1rbaros,574,561,0,246,0
8441,Pueblo+de+bonificaci%C3%B3n,589,533,0,292,9
8442,011,434,462,2121007,9312,0
8443,Pueblo+de+bonificaci%C3%B3n,580,556,0,213,9
8445,Pueblo+de+b%C3%A1rbaros,467,592,0,211,0
8446,Pueblo+de+bonificaci%C3%B3n,593,491,0,250,2
8447,031rrss,493,594,934653,3422,8
8448,Pueblo+de+b%C3%A1rbaros,590,534,0,93,0
8449,Pueblo+de+bonificaci%C3%B3n,550,583,0,266,2
8450,Pueblo+de+bonificaci%C3%B3n,556,420,0,242,6
8453,Pueblo+de+b%C3%A1rbaros,547,587,0,259,0
8454,Pueblo+de+b%C3%A1rbaros,576,556,0,226,0
8455,Pueblo+de+bonificaci%C3%B3n,404,519,0,214,9
8456,Pueblo+de+b%C3%A1rbaros,417,448,5515,2869,0
8457,Pueblo+de+b%C3%A1rbaros,597,506,0,197,0
8458,Pueblo+de+bonificaci%C3%B3n,543,412,0,157,3
8459,Pueblo+de+bonificaci%C3%B3n,404,522,0,233,4
8460,Hail+Sup,582,448,2181104,3896,0
8461,Pueblo+de+bonificaci%C3%B3n,596,510,0,215,3
8462,Pueblo+de+bonificaci%C3%B3n,476,406,0,237,1
8464,0002,575,560,202854,1216,8
8465,Poni+09,433,572,804111,877,4
8466,Pueblo+de+b%C3%A1rbaros,476,407,0,93,0
8467,Pueblo+de+b%C3%A1rbaros,545,417,0,293,0
8468,Pueblo+de+bonificaci%C3%B3n,454,586,0,254,6
8469,Pueblo+de+bonificaci%C3%B3n,596,509,0,307,1
8470,Pueblo+de+b%C3%A1rbaros,418,467,0,440,0
8471,Pueblo+de+bonificaci%C3%B3n,597,500,0,311,2
8472,BORDE+06,434,429,2183481,8599,0
8473,Pueblo+de+b%C3%A1rbaros,586,456,0,235,0
8474,Tower+011,458,415,2082469,8439,2
8475,Pueblo+de+b%C3%A1rbaros,527,592,0,158,0
8476,Pueblo+de+bonificaci%C3%B3n,416,544,0,116,3
8477,Noble,520,406,1657363,467,3
8478,Desembarco,450,555,231570,4969,0
8479,Pueblo+de+b%C3%A1rbaros,567,570,0,234,0
8480,031+GROCC,592,520,2133408,2001,5
8481,Etxano,547,551,2100821,5258,0
8482,Pueblo+de+bonificaci%C3%B3n,559,424,0,360,2
8483,Pueblo+de+b%C3%A1rbaros,406,515,0,121,0
8484,Pueblo+de+b%C3%A1rbaros,459,586,0,222,0
8485,Pueblo+de+bonificaci%C3%B3n,429,565,0,299,7
8486,Pueblo+de+bonificaci%C3%B3n,542,413,0,259,3
8487,pueblo+de+jose65,441,577,2098997,7672,0
8488,Pueblo+de+bonificaci%C3%B3n,596,523,0,197,7
8489,023.+ABUS,486,596,1678679,717,4
8490,El+Gal%C3%A1pago,417,547,2176951,1870,0
8491,Pueblo+de+bonificaci%C3%B3n,537,587,0,236,6
8492,05.-+%C3%81RBOLES+DE+CARAMELO,511,405,817959,1411,8
8493,pueblo+de+nitr0foska,579,467,2181219,3858,0
8494,Pueblo+de+b%C3%A1rbaros,428,436,0,199,0
8495,Pueblo+de+bonificaci%C3%B3n,405,526,0,256,2
8496,047.+ABUS,490,594,1678679,882,0
8497,Pueblo+de+b%C3%A1rbaros,408,527,0,231,0
8498,Pueblo+de+bonificaci%C3%B3n,575,558,0,190,7
8499,Pueblo+de+b%C3%A1rbaros,483,595,0,157,0
8500,Pueblo+de+bonificaci%C3%B3n,403,507,0,171,3
8502,Pueblo+de+b%C3%A1rbaros,413,454,0,211,0
8503,008+Vanguardia,411,543,1233516,4404,8
8504,Pueblo+de+b%C3%A1rbaros,593,527,0,74,0
8505,Pueblo+de+b%C3%A1rbaros,420,558,0,328,0
8506,Pueblo+de+bonificaci%C3%B3n,537,411,0,226,1
8507,Pueblo+de+bonificaci%C3%B3n,470,594,0,179,3
8508,SpaceJam,592,469,2124706,2616,0
8509,Pueblo+de+b%C3%A1rbaros,406,487,0,227,0
8510,Pueblo+de+bonificaci%C3%B3n,511,594,2137541,770,2
8511,pueblo+de+Warlock,403,482,2179792,1093,0
8512,Pueblo+de+bonificaci%C3%B3n,588,543,0,184,3
8513,pueblo+de+pizzahat,508,596,2137541,5808,0
8514,Pueblo+de+b%C3%A1rbaros,402,502,0,182,0
8515,Maik027,404,492,2084332,1537,4
8516,Pueblo+de+bonificaci%C3%B3n,450,416,0,274,3
8517,011_%7EHonor+a+Giesse%7E,502,598,2176673,3077,0
8518,Pueblo+de+b%C3%A1rbaros,413,461,2179243,423,0
8519,Pueblo+de+bonificaci%C3%B3n,421,445,0,262,6
8520,Rugged+Territory,456,588,1579889,560,0
8521,Poni+10,434,568,804111,630,5
8522,Moebius,454,472,285536,775,0
8523,Pueblo+de+b%C3%A1rbaros,455,584,0,200,0
8524,Pueblo+de+bonificaci%C3%B3n,554,420,0,199,9
8525,ReNa+%7E+Karma,498,404,1174348,4687,4
8526,pueblo+de+canono,446,516,2135995,3253,0
8527,Pueblo+de+b%C3%A1rbaros,525,409,0,254,0
8528,001,493,599,2137541,4124,4
8529,13.rumbo+a+GRAND+LINE%21,438,537,1571842,6864,0
8530,Pueblo+de+bonificaci%C3%B3n,455,412,2082469,476,3
8531,Pueblo+de+b%C3%A1rbaros,406,473,0,285,0
8532,Pueblo+de+b%C3%A1rbaros,598,488,0,300,0
8533,Pueblo+de+bonificaci%C3%B3n,535,410,0,168,2
8534,pueblo+de+RonArehucas,423,555,2118228,3802,0
8535,Pueblo+de+bonificaci%C3%B3n,409,470,1922589,860,5
8536,Suerte+en+el+Casual,470,437,2054225,9292,0
8537,Pueblo+de+b%C3%A1rbaros,567,428,0,270,0
8538,Pueblo+de+bonificaci%C3%B3n,595,503,0,266,1
8539,Monta+Cabras+2,468,497,2175100,2963,0
8540,Pueblo+de+b%C3%A1rbaros,480,593,0,217,0
8541,Pueblo+de+bonificaci%C3%B3n,594,526,0,171,7
8542,007+El+domad.or,465,437,2134563,8944,0
8543,Pueblo+de+b%C3%A1rbaros,425,562,1894432,344,0
8544,020,420,445,2113999,2100,8
8545,Pueblo+de+bonificaci%C3%B3n,403,517,0,243,4
8546,C45+L16,586,460,1075536,5024,0
8547,Pueblo+de+b%C3%A1rbaros,406,489,0,260,0
8548,Pueblo+de+bonificaci%C3%B3n,502,406,0,147,9
8549,pueblo+de+TeoRueda,555,577,2141487,195,0
8550,Pueblo+de+b%C3%A1rbaros,522,595,0,232,0
8551,Pueblo+de+bonificaci%C3%B3n,431,430,0,189,7
8552,Pueblo+de+bonificaci%C3%B3n,438,576,0,205,6
8553,pueblo+de+Rafax06,539,589,1903967,2086,0
8554,Pueblo+de+b%C3%A1rbaros,558,423,0,200,0
8555,032.+ABUS,488,595,1678679,1742,7
8556,Pueblo+de+bonificaci%C3%B3n,423,437,0,132,9
8557,Pueblo+de+b%C3%A1rbaros,427,562,1894432,198,0
8558,ccc,433,567,1731373,2304,4
8559,009+Rial+OrDeN,470,429,1124356,6299,0
8560,SG4,436,575,231570,975,4
8561,Pueblo+de+bonificaci%C3%B3n,411,535,0,231,6
8562,017,438,474,2113964,1727,0
8563,Pueblo+de+bonificaci%C3%B3n,598,504,0,255,1
8564,006+Barryl,570,568,1024499,2357,9
8565,Pueblo+de+b%C3%A1rbaros,529,406,0,103,0
8566,Pueblo+de+bonificaci%C3%B3n,542,588,0,296,7
8567,008+GROCC,594,531,2133408,8335,0
8568,040.+ABUS,492,596,1678679,1792,9
8569,TU+PESADILLA+7,523,596,2144281,4698,0
8570,Pueblo+de+bonificaci%C3%B3n,452,586,0,213,9
8571,Pueblo+de+bonificaci%C3%B3n,597,495,0,238,9
8572,pueblo+de+jotabe,430,464,2184013,206,0
8573,ccc,424,560,1731373,2410,3
8574,004+Darashia,581,445,2181789,1809,1
8575,013+Buddhas+Family,470,499,2062192,2372,0
8576,Pueblo+de+b%C3%A1rbaros,403,518,0,273,0
8577,Pueblo+de+bonificaci%C3%B3n,539,588,0,300,7
8578,pueblo+de+Mealimentodetumiedo,472,490,2179727,6981,0
8579,003+-+Julizan,580,446,912249,2107,0
8580,Pueblo+de+bonificaci%C3%B3n,589,462,0,176,7
8581,039+Lannisport,547,413,164,443,8
8582,Pueblo+de+b%C3%A1rbaros,547,583,0,148,0
8583,Pueblo+de+bonificaci%C3%B3n,569,435,0,284,7
8585,Pueblo+de+bonificaci%C3%B3n,454,583,0,235,7
8586,001+Explosi%C3%B3n+de+Galaxias,571,432,2179037,4850,0
8587,Pueblo+de+bonificaci%C3%B3n,441,576,2098997,1998,8
8588,Vecino+de+RenacerHica+01+%21,501,401,2088720,1926,4
8589,pueblo+de+gian022,403,497,2184368,1790,0
8590,Pueblo+de+b%C3%A1rbaros,582,443,0,253,0
8591,Pueblo+de+ElJama+11,434,431,2121326,2216,8
8592,010,416,454,2121007,5984,5
8594,Pueblo+de+b%C3%A1rbaros,503,597,0,292,0
8595,Pueblo+de+bonificaci%C3%B3n,499,405,0,244,7
8596,El+Grial,544,553,1997833,7238,0
8597,Pueblo+de+b%C3%A1rbaros,515,402,0,246,0
8598,Pueblo+de+bonificaci%C3%B3n,405,510,0,277,1
8599,Pueblo+de+bonificaci%C3%B3n,476,403,0,174,8
8600,000,578,439,2134775,6461,0
8601,Demoni+024,427,434,2067012,3403,9
8602,Pueblo+de+bonificaci%C3%B3n,406,472,0,191,2
8603,Blitzkrieg,415,452,1301199,4980,0
8604,Tower+028,460,414,2082469,2235,5
8605,058+Noble,453,416,2127978,3764,1
8606,Pueblo+de+b%C3%A1rbaros,578,441,0,72,0
8607,Pueblo+de+bonificaci%C3%B3n,576,436,0,218,9
8608,Pueblo+de+b%C3%A1rbaros,585,454,0,77,0
8609,Pueblo+de+b%C3%A1rbaros,596,516,0,156,0
8610,010+Poblao,419,550,1233516,3190,4
8611,REVANCHA,583,448,562305,2295,0
8612,Pueblo+de+b%C3%A1rbaros,421,559,0,286,0
8613,Pueblo+de+bonificaci%C3%B3n,434,430,0,265,6
8614,045.+ABUS,496,597,1678679,1000,1
8615,steven,593,533,2170995,756,0
8616,550,524,592,1871,320,8
8617,Pueblo+de+b%C3%A1rbaros,418,553,0,110,0
8618,Pueblo+de+bonificaci%C3%B3n,524,595,0,235,4
8619,063+Noble,453,414,2127978,3540,0
8620,Pueblo+de+b%C3%A1rbaros,570,433,0,228,0
8621,Pueblo+de+bonificaci%C3%B3n,594,530,0,240,2
8622,000+Protegido+de+rikulino,468,437,2141813,6375,0
8623,Noble,518,404,1657363,838,8
8624,Omega,454,552,2183238,1291,0
8625,Pueblo+de+b%C3%A1rbaros,427,433,0,251,0
8626,ccc,424,563,1731373,2980,5
8627,pueblo+de+bokerone,522,406,2182307,930,0
8628,Pueblo+de+b%C3%A1rbaros,433,433,0,216,0
8629,Pueblo+de+bonificaci%C3%B3n,489,404,0,286,7
8630,Pueblo+de+b%C3%A1rbaros,542,411,0,210,0
8631,Pueblo+de+b%C3%A1rbaros,528,593,0,218,0
8632,Pueblo+de+bonificaci%C3%B3n,401,502,0,279,7
8633,solitary,431,429,554232,2127,0
8634,Pueblo+de+b%C3%A1rbaros,458,588,0,185,0
8635,045+GROCC,588,538,2133408,1706,8
8636,Pueblo+de+bonificaci%C3%B3n,461,410,0,228,7
8638,Pueblo+de+b%C3%A1rbaros,535,411,0,166,0
8639,Pueblo+de+bonificaci%C3%B3n,527,593,0,175,4
8640,Pueblo+de+bonificaci%C3%B3n,585,453,0,242,9
8641,Pueblo+de+b%C3%A1rbaros,495,599,0,85,0
8642,Pueblo+de+b%C3%A1rbaros,559,578,0,221,0
8643,C45+L08,589,464,1075536,1565,3
8644,Pueblo+de+bonificaci%C3%B3n,571,430,0,235,4
8645,028,486,597,2102310,4030,0
8646,Villa+Trunes+2,590,541,2184436,1529,7
8647,Pueblo+de+b%C3%A1rbaros,481,405,0,475,0
8648,Pueblo+de+b%C3%A1rbaros,401,497,0,192,0
8649,C45+L09,590,466,1075536,1831,9
8650,Nazar%C3%A9+003,463,469,2184251,3293,0
8651,Pueblo+de+b%C3%A1rbaros,486,599,0,232,0
8652,ccc,420,557,1731373,3144,2
8653,Pueblo+de+bonificaci%C3%B3n,567,427,0,273,8
8655,Belialuin,498,405,1961501,633,4
8656,020,415,450,2121007,963,4
8657,Pueblo+de+b%C3%A1rbaros,409,463,0,116,0
8658,Pueblo+de+b%C3%A1rbaros,408,471,0,222,0
8659,Pueblo+de+bonificaci%C3%B3n,515,596,0,210,5
8660,pueblo+de+adrikukivk,586,452,1485545,1024,0
8661,Pueblo+de+b%C3%A1rbaros,597,479,0,190,0
8662,Pueblo+de+bonificaci%C3%B3n,404,523,0,216,6
8663,Pueblo+de+bonificaci%C3%B3n,401,511,1546340,334,4
8664,A01+SIEMPRE+AVALON%21%21%21,560,571,2184378,8161,0
8665,038+poblado,494,598,934653,3296,4
8666,Pueblo+de+b%C3%A1rbaros,476,597,0,236,0
8667,Pueblo+de+b%C3%A1rbaros,598,486,0,285,0
8668,%7BSec2%7D+03+%7ECatafractos+%7E,525,404,141108,2810,3
8669,042+GROCC,592,532,2133408,1704,6
8670,Pueblo+de+b%C3%A1rbaros,465,409,0,80,0
8671,016-Probando,438,422,1317137,1999,5
8672,Pueblo+de+bonificaci%C3%B3n,460,590,0,190,7
8673,DTY,560,570,666419,3275,0
8674,Pueblo+de+bonificaci%C3%B3n,448,580,2092837,271,4
8675,Pueblo+de+bonificaci%C3%B3n,412,539,0,164,6
8676,011+B%C3%A1rbaro,411,537,1233516,3789,0
8677,Pueblo+de+bonificaci%C3%B3n,463,412,0,210,3
8678,Pueblo+de+b%C3%A1rbaros,598,516,0,131,0
8679,Pueblo+de+b%C3%A1rbaros,597,503,0,211,0
8680,Pueblo+de+bonificaci%C3%B3n,506,598,0,240,7
8681,Pueblo+de+b%C3%A1rbaros,450,583,0,220,0
8682,Pueblo+de+b%C3%A1rbaros,445,581,0,239,0
8683,Pueblo+de+bonificaci%C3%B3n,406,521,0,217,5
8685,039,480,594,1344786,1769,1
8686,Pueblo+de+bonificaci%C3%B3n,531,405,0,236,9
8687,pueblo+de+QE+ONDA,562,573,945125,8043,0
8688,Pueblo+de+bonificaci%C3%B3n,435,428,0,312,8
8689,Pueblo+de+bonificaci%C3%B3n,471,405,0,285,9
8691,C45+L07,589,465,1075536,1768,3
8692,Pueblo+de+bonificaci%C3%B3n,495,600,2137541,1083,9
8693,pueblo+de+Rimas,595,480,2072629,1447,0
8694,Pueblo+de+b%C3%A1rbaros,592,473,0,190,0
8695,Pueblo+de+bonificaci%C3%B3n,420,446,0,244,3
8696,Pueblo+de+bonificaci%C3%B3n,427,437,0,229,5
8697,pueblo+de+MawaNz,443,419,1405084,5657,0
8698,Pueblo+de+b%C3%A1rbaros,457,413,2082469,1046,0
8699,Pueblo+de+bonificaci%C3%B3n,403,484,0,221,3
8700,Noble,519,403,1657363,8096,0
8701,Pueblo+de+bonificaci%C3%B3n,595,508,2133408,218,9
8702,EcA+01,599,511,2126990,6481,0
8703,Pueblo+de+b%C3%A1rbaros,404,503,0,195,0
8704,043.+ABUS,495,598,1678679,1425,4
8705,Pueblo+de+b%C3%A1rbaros,524,597,0,219,0
8706,Pueblo+de+bonificaci%C3%B3n,450,587,0,280,1
8707,Pueblo+de+b%C3%A1rbaros,466,593,0,282,0
8708,Pueblo+de+bonificaci%C3%B3n,546,588,0,248,3
8709,Pueblo+de+bonificaci%C3%B3n,470,406,0,158,3
8710,Espa%C3%B1a,439,579,2098997,4816,0
8711,Pueblo+de+b%C3%A1rbaros,401,507,0,214,0
8712,Pueblo+de+bonificaci%C3%B3n,595,531,0,172,1
8713,A001+%7E+Gear+1,595,488,1783178,9835,0
8714,Pueblo+de+bonificaci%C3%B3n,533,407,0,193,7
8715,Pueblo+de+bonificaci%C3%B3n,535,593,0,229,2
8716,El+Refugio,444,466,1479932,529,0
8717,017+Meeren,560,421,164,1484,4
8719,Pueblo+de+b%C3%A1rbaros,587,542,0,215,0
8720,Os+002,591,538,2184427,1763,8
8721,049+GROCC,595,528,2133408,1777,5
8722,Pueblo+de+b%C3%A1rbaros,411,536,0,70,0
8723,Pueblo+de+bonificaci%C3%B3n,593,535,0,200,2
8724,Pueblo+de+bonificaci%C3%B3n,549,586,0,245,2
8726,Pueblo+de+bonificaci%C3%B3n,401,489,0,285,2
8727,047,541,441,164,147,0
8728,ccc,425,564,1731373,2268,3
8729,Pueblo+de+bonificaci%C3%B3n,405,472,1922589,1785,8
8730,008,470,586,2466,2859,0
8731,Pueblo+de+bonificaci%C3%B3n,592,540,0,252,1
8732,Pueblo+de+bonificaci%C3%B3n,414,544,0,226,7
8733,La+Fragua,565,569,2184384,3289,0
8734,Pueblo+de+bonificaci%C3%B3n,516,406,0,247,3
8735,Pueblo+de+bonificaci%C3%B3n,480,406,0,198,2
8736,Pueblo+de+b%C3%A1rbaros,408,473,0,82,0
8737,Pueblo+de+b%C3%A1rbaros,533,410,0,168,0
8738,Pueblo+de+bonificaci%C3%B3n,403,505,0,246,3
8739,pueblo+de+Vitrocer%C3%A1mica,503,596,49616,147,0
8740,Pueblo+de+b%C3%A1rbaros,507,402,0,247,0
8741,-+03+Herria+-,571,571,2132867,2425,9
8742,Pueblo+de+bonificaci%C3%B3n,553,584,0,221,4
8743,pueblo+de+HP1989,426,505,2123325,2855,0
8744,Pueblo+de+b%C3%A1rbaros,583,445,0,179,0
8745,Tower+036,459,414,2082469,2235,7
8746,Pueblo+de+b%C3%A1rbaros,443,579,0,74,0
8747,Pueblo+de+b%C3%A1rbaros,484,596,0,222,0
8748,Pueblo+de+bonificaci%C3%B3n,449,586,0,221,6
8749,014,580,539,2028057,8425,0
8750,Pueblo+de+bonificaci%C3%B3n,591,530,0,200,7
8751,Pueblo+de+bonificaci%C3%B3n,429,570,0,209,2
8752,pueblo+de+tumolas,481,404,2180089,2861,0
8753,Pueblo+de+b%C3%A1rbaros,590,533,0,152,0
8754,Pueblo+de+d%C3%A9cimo+2,556,581,2134962,4100,8
8755,Pueblo+de+bonificaci%C3%B3n,420,447,2121007,179,7
8756,pueblo+de+Denis10,557,581,1403781,3675,0
8757,Pueblo+de+b%C3%A1rbaros,436,576,0,299,0
8758,Tower+010,457,415,2082469,9085,4
8760,Pueblo+de+b%C3%A1rbaros,587,549,0,185,0
8761,Pueblo,559,576,945125,3416,8
8762,Pueblo+de+b%C3%A1rbaros,506,403,0,93,0
8763,Pueblo+de+b%C3%A1rbaros,595,523,0,226,0
8764,Pueblo+de+bonificaci%C3%B3n,574,438,0,252,7
8765,002+Carlin,582,444,2181789,3411,5
8766,Poni+05,439,570,804111,6131,0
8767,Pueblo+de+b%C3%A1rbaros,529,593,0,225,0
8768,Pueblo+de+bonificaci%C3%B3n,594,522,0,207,1
8769,Pueblo+de+b%C3%A1rbaros,420,552,0,163,0
8770,Pueblo+de+bonificaci%C3%B3n,532,593,0,235,3
8771,Pueblo+de+b%C3%A1rbaros,497,597,0,67,0
8772,Pueblo+de+b%C3%A1rbaros,596,508,0,170,0
8773,Pueblo+de+bonificaci%C3%B3n,595,473,1091882,241,1
8774,032,472,592,2102310,1742,5
8775,019+Carmona,407,534,1233516,4549,0
8776,Pueblo+de+ElJama+14,432,429,2121326,1509,4
8777,Pueblo+de+bonificaci%C3%B3n,456,412,2082469,632,6
8778,Pueblo+de+b%C3%A1rbaros,564,577,0,124,0
8779,Aspe,571,568,1600033,1837,5
8780,Pueblo+de+bonificaci%C3%B3n,565,575,0,202,7
8781,C06+YA+ES+AVALON%21%21%21,568,568,2184378,7325,0
8782,Pueblo+de+bonificaci%C3%B3n,540,410,0,265,2
8783,Pueblo+de+bonificaci%C3%B3n,535,592,486339,241,4
8784,003+CRAIOVA,597,522,2124935,3838,0
8785,Pueblo+de+bonificaci%C3%B3n,526,593,0,243,8
8786,Aviendha,562,576,474925,2381,9
8787,Mordor,587,454,1826108,253,0
8788,Pueblo+de+b%C3%A1rbaros,490,400,0,203,0
8789,Pueblo+de+bonificaci%C3%B3n,504,599,2137541,1289,9
8790,pueblo+de+Mksl,446,475,2175505,1126,0
8791,Pueblo+de+bonificaci%C3%B3n,596,514,0,223,3
8792,surida,442,421,1405084,3323,0
8793,002+Pueblo+de+bonificaci%C3%B3n,439,420,2133516,1859,8
8794,C_009,414,550,1752476,5334,0
8795,Pueblo+de+b%C3%A1rbaros,597,523,0,217,0
8796,007.+Luks,595,478,537507,3092,6
8797,Maik028,404,491,2084332,1407,4
8798,Pueblo+de+b%C3%A1rbaros,600,502,0,49,0
8799,052,461,591,1344786,1156,4
8801,Pueblo+de+b%C3%A1rbaros,579,560,0,165,0
8802,012,467,406,2112530,748,8
8803,SAN+MIGUEL,563,504,1985704,4811,0
8804,Pueblo+de+b%C3%A1rbaros,466,591,0,177,0
8805,Demoni+017,427,432,2067012,5896,8
8806,Noble,520,405,1657363,658,9
8807,011.-+Lanza+del+sol,463,410,1515545,4209,0
8808,Pueblo+de+bonificaci%C3%B3n,533,592,0,216,6
8809,Pueblo+de+b%C3%A1rbaros,600,509,0,106,0
8810,Pueblo+de+bonificaci%C3%B3n,470,595,0,275,1
8811,001+Thais,582,453,2181789,8671,0
8812,bonificaci%C3%B3n,565,570,945125,2394,3
8813,Pueblo+de+bonificaci%C3%B3n,555,580,2134962,2783,9
8814,Pueblo+de+b%C3%A1rbaros,419,442,0,232,0
8815,Pueblo+de+bonificaci%C3%B3n,585,548,0,282,6
8816,015,419,448,2121007,4407,0
8817,Pueblo+de+b%C3%A1rbaros,599,513,0,198,0
8818,Pueblo+de+bonificaci%C3%B3n,433,425,0,300,9
8819,BD1,509,472,684733,3058,0
8820,ccc,431,567,1731373,2270,2
8822,Pueblo+de+bonificaci%C3%B3n,549,413,0,207,9
8823,VA+DE+NUEZ,483,500,58,4056,0
8824,Pueblo+de+b%C3%A1rbaros,564,429,0,176,0
8825,Pueblo+de+bonificaci%C3%B3n,598,501,0,246,1
8826,Pueblo+de+b%C3%A1rbaros,419,554,0,134,0
8827,Pueblo+de+b%C3%A1rbaros,401,485,0,211,0
8828,050.+ABUS,485,599,1678679,221,5
8829,Pueblo+de+b%C3%A1rbaros,563,574,0,273,0
8830,Pueblo+de+b%C3%A1rbaros,420,555,0,251,0
8831,Pueblo+de+bonificaci%C3%B3n,403,524,0,168,5
8832,Pueblo+de+bonificaci%C3%B3n,432,430,0,333,8
8833,pueblo+de+TEIDE,498,600,2051644,179,0
8834,Pueblo+de+bonificaci%C3%B3n,585,554,2184444,849,8
8835,S001-zarra,514,599,19450,1944,3
8836,Pueblo+de+b%C3%A1rbaros,491,598,0,150,0
8837,Pueblo+de+bonificaci%C3%B3n,597,490,0,212,1
8838,Noble,516,400,1657363,353,4
8839,Pueblo+de+b%C3%A1rbaros,597,474,0,81,0
8840,Pueblo+de+bonificaci%C3%B3n,407,530,0,243,7
8841,pueblo+de+APU+BADULAQUE,579,555,789512,4035,0
8842,Pueblo+de+b%C3%A1rbaros,573,568,0,253,0
8843,Pueblo+de+bonificaci%C3%B3n,409,543,0,248,6
8844,Sr+de+los+anillos,496,445,2139741,2331,0
8845,Pueblo+de+bonificaci%C3%B3n,404,477,0,185,9
8846,030.+ABUS,489,597,1678679,1928,5
8847,cartago+nova,589,457,2181694,3816,0
8848,Pueblo+de+b%C3%A1rbaros,599,486,0,190,0
8849,Pueblo+de+bonificaci%C3%B3n,452,585,0,196,4
8850,SAGVNTVM,505,402,2124157,3700,0
8851,Pueblo+de+b%C3%A1rbaros,435,576,0,238,0
8852,Pueblo+de+bonificaci%C3%B3n,554,584,0,242,4
8853,Noble,553,418,2171938,5573,0
8854,demoni+026,426,432,2067012,2849,0
8855,Pueblo+de+bonificaci%C3%B3n,593,477,0,233,3
8856,010+Adiace,546,415,2005788,3216,0
8857,Pueblo+de+bonificaci%C3%B3n,443,422,0,208,6
8859,004+-+BLDN,580,441,1696634,1240,4
8860,036.+ABUS,488,600,1678679,2020,2
8861,pueblo+de+Hamazazpi,457,588,1579889,4409,0
8862,Pueblo+de+b%C3%A1rbaros,409,536,0,206,0
8863,G+Veri,486,404,1667957,533,6
8864,pueblo+de+empiezodecero,401,492,2025513,199,0
8865,Pueblo+de+b%C3%A1rbaros,597,513,0,258,0
8866,Pueblo+de+bonificaci%C3%B3n,494,597,2137541,1042,2
8867,002,577,441,2134775,2549,5
8868,001,570,440,2087044,5308,0
8869,Pueblo+de+b%C3%A1rbaros,405,527,0,234,0
8870,Pueblo+de+bonificaci%C3%B3n,594,465,0,163,5
8871,030+Harlaw,543,429,164,700,0
8872,Pueblo+de+b%C3%A1rbaros,600,506,0,182,0
8873,Pueblo+de+bonificaci%C3%B3n,402,515,0,245,9
8874,000+TURPIN,454,414,2018546,7213,0
8875,Pueblo+de+b%C3%A1rbaros,556,417,0,188,0
8876,Pueblo+de+bonificaci%C3%B3n,446,582,0,185,6
8877,EcA+06,599,515,2126990,1853,0
8878,A006+%7E+Counter+Shock,599,482,1783178,6686,8
8879,Pueblo+de+b%C3%A1rbaros,406,523,0,330,0
8880,02+-+Molinillo,408,537,2184395,271,8
8881,BELCHITE,508,401,2124157,2312,0
8882,%7BSec2%7D+01+%7E+Muro+de+Troya+%7E,524,404,141108,5962,8
8883,00+-+Navandrinal,409,537,2184395,3494,0
8884,Pueblo+de+bonificaci%C3%B3n,481,597,0,213,1
8885,pueblo+de+dr+chila,528,573,1248571,5097,0
8886,Pueblo+de+bonificaci%C3%B3n,423,441,0,236,5
8887,PATO+BORRACHO,482,401,1184145,517,5
8888,Pueblo+de+b%C3%A1rbaros,423,436,0,283,0
8889,Pueblo+de+bonificaci%C3%B3n,430,428,0,218,7
8890,D002+Valirya,594,466,2124706,924,8
8891,pueblo+de+Javater,596,471,2177770,1876,0
8892,Pueblo+de+b%C3%A1rbaros,448,415,0,273,0
8893,Pueblo+de+bonificaci%C3%B3n,567,571,0,154,7
8894,Pueblo+de+bonificaci%C3%B3n,510,599,0,299,9
8895,pueblo+de+Petrofky,556,545,2089545,229,0
8896,006+-+Smallville,586,545,2177858,1210,5
8897,pueblo+de+aguila23,426,561,1894432,1031,0
8898,Pueblo+de+b%C3%A1rbaros,487,404,0,233,0
8899,Pueblo+de+bonificaci%C3%B3n,468,408,0,195,6
8900,pueblo+de+Zaire95,577,458,2181941,1186,0
8901,Pueblo+de+b%C3%A1rbaros,441,422,0,249,0
8902,Pueblo+de+bonificaci%C3%B3n,430,429,2142222,272,8
8903,010.-+Astapor,464,407,1515545,4417,0
8904,Pueblo+de+bonificaci%C3%B3n,478,406,0,188,8
8905,pueblo+de+Pjotr+Kropotkin,580,438,2101506,26,0
8906,Capital+004,405,478,2184155,641,5
8907,Zetyucity,591,468,2124706,3402,0
8908,Pueblo+de+b%C3%A1rbaros,513,596,0,223,0
8909,Pueblo+de+bonificaci%C3%B3n,405,518,0,189,6
8910,Villa+Trunes+4,592,541,2184436,714,0
8911,Pueblo+de+b%C3%A1rbaros,460,592,0,159,0
8912,011.+Luks,598,477,537507,2123,8
8913,Valki+02,427,566,2084340,1132,1
8914,Pueblo+de+b%C3%A1rbaros,440,577,0,58,0
8915,Pueblo+de+bonificaci%C3%B3n,402,507,0,201,7
8916,pueblo+de+Siege,496,600,2137541,7153,0
8917,Pueblo+de+bonificaci%C3%B3n,514,404,0,171,9
8918,Pueblo+de+b%C3%A1rbaros,589,538,0,159,0
8919,Pueblo+de+b%C3%A1rbaros,533,594,0,267,0
8920,Pueblo+de+bonificaci%C3%B3n,498,403,0,173,3
8921,Pueblo+de+bonificaci%C3%B3n,402,485,0,240,7
8922,Elayne+trakand,559,580,474925,4169,0
8923,Pueblo+de+b%C3%A1rbaros,562,578,0,261,0
8924,Pueblo+de+bonificaci%C3%B3n,470,592,0,212,7
8925,%5B0007%5D+Fantasmas,586,548,1935738,3447,0
8926,Maik048,402,482,2084332,288,6
8927,003+medio+sur,517,599,2181523,4013,0
8928,Pueblo+de+bonificaci%C3%B3n,523,597,0,165,5
8929,A022+%7E+Not+personal,598,502,1783178,3336,0
8930,Pueblo+de+b%C3%A1rbaros,483,598,0,140,0
8931,Pueblo+de+bonificaci%C3%B3n,439,423,0,215,9
8932,PATO+BORRACHO,484,403,1184145,272,7
8933,pueblo+de+Destroy,554,585,2178081,1946,0
8934,Pueblo+de+b%C3%A1rbaros,586,550,0,201,0
8935,Pueblo+de+bonificaci%C3%B3n,416,548,0,221,3
8936,Pueblo+de+bonificaci%C3%B3n,421,440,0,272,3
8937,pueblo+de+Iban,488,402,2179796,2353,0
8938,003,550,412,2098905,837,8
8939,Pueblo+de+bonificaci%C3%B3n,542,592,0,321,5
8940,pueblo+de+Teresniha,401,521,2179797,4645,0
8941,Pueblo+de+bonificaci%C3%B3n,576,434,0,175,8
8942,pueblo+de+Grupetto,407,461,2181819,2922,0
8943,Pueblo+de+b%C3%A1rbaros,551,586,0,183,0
8944,Pueblo+de+bonificaci%C3%B3n,598,480,0,182,8
8945,Sup,583,446,2181104,1238,9
8946,pueblo+de+YESTE,594,529,590756,1335,0
8947,A008+%7E+Bepo+Crew,598,491,1783178,4693,4
8948,pueblo+de+Kraken.exe,541,408,2182061,3311,0
8949,Pueblo+de+b%C3%A1rbaros,472,596,0,190,0
8950,Pueblo+de+bonificaci%C3%B3n,406,535,0,226,4
8951,Pueblo+de+bonificaci%C3%B3n,456,587,0,226,1
8952,015_%7EEduardo+Manostijeras%7E,509,599,2176673,4850,0
8953,021+GROCC,595,519,2133408,4358,9
8954,Masada,494,601,2184399,1039,0
8955,Once+Upon+the+Cross,559,421,835134,7760,2
8956,055+GROCC,598,517,2133408,1383,5
8957,Vin%C3%ADfera,503,601,2137541,6126,0
8958,Pueblo+de+b%C3%A1rbaros,539,593,0,167,0
8959,Pueblo+de+bonificaci%C3%B3n,515,598,0,215,7
8960,pueblo+de+omarrop09,452,414,2128808,2886,0
8961,Pueblo+de+bonificaci%C3%B3n,496,399,0,224,4
8962,Elipa,406,462,2128583,3575,0
8963,Pueblo+de+b%C3%A1rbaros,549,584,0,212,0
8964,IRULEGI,401,488,2144035,1214,8
8965,Pueblo+de+bonificaci%C3%B3n,532,592,0,179,2
8966,Pueblo+de+b%C3%A1rbaros,559,419,0,119,0
8967,Pueblo+de+b%C3%A1rbaros,555,582,0,138,0
8968,028.+ABUS,488,599,1678679,2057,1
8969,Pueblo+de+bonificaci%C3%B3n,442,579,0,191,7
8970,pueblo+de+boyka2010,484,598,938300,1969,0
8971,Pueblo+de+bonificaci%C3%B3n,401,506,0,216,3
8973,Pueblo+de+b%C3%A1rbaros,552,586,0,191,0
8974,Pueblo+de+bonificaci%C3%B3n,432,575,0,197,6
8975,Pueblo+de+bonificaci%C3%B3n,599,522,0,177,3
8976,Pueblo+de+b%C3%A1rbaros,433,428,0,112,0
8977,Pueblo+de+b%C3%A1rbaros,561,579,0,184,0
8978,Pueblo+de+bonificaci%C3%B3n,400,501,0,226,9
8979,UND+Orti,565,536,2178802,2779,0
8980,Pueblo+de+b%C3%A1rbaros,580,555,0,169,0
8981,Valki+03,426,566,2084340,690,6
8982,pueblo+de+criistian,411,459,2179243,4586,0
8983,Pueblo+de+b%C3%A1rbaros,428,434,0,231,0
8984,050+GROCC,595,532,2133408,1676,4
8986,Pueblo+de+b%C3%A1rbaros,402,522,0,208,0
8987,Pueblo+de+bonificaci%C3%B3n,481,599,0,220,6
8989,Pueblo+de+b%C3%A1rbaros,404,521,0,234,0
8990,01+N%C3%A9boa,407,466,2081237,1145,4
8991,Pueblo+de+bonificaci%C3%B3n,410,454,0,181,3
8992,Pueblo+de+b%C3%A1rbaros,480,402,0,103,0
8993,Pueblo+de+b%C3%A1rbaros,576,560,0,292,0
8994,Pueblo+de+bonificaci%C3%B3n,435,427,0,151,7
8996,Pueblo+de+b%C3%A1rbaros,591,541,0,216,0
8997,Pueblo+de+bonificaci%C3%B3n,544,588,0,201,9
8998,003,578,438,2134775,2588,4
9000,Pueblo+de+bonificaci%C3%B3n2,568,432,2093981,497,7
9001,pueblo+de+scout77,479,402,349480,2097,0
9002,Pueblo+de+bonificaci%C3%B3n,597,515,0,197,1
9004,Reino+De+Valencia,405,470,2184448,910,0
9005,Pueblo+de+bonificaci%C3%B3n,402,521,0,155,7
9006,Pueblo+de+bonificaci%C3%B3n,535,595,0,225,3
9007,Pueblo+de+b%C3%A1rbaros,597,510,0,95,0
9008,Pueblo+de+bonificaci%C3%B3n,590,458,0,170,5
9009,Pueblo+de+bonificaci%C3%B3n,400,506,0,329,1
9010,007+HONOR+A+PEPE,548,560,2112801,5576,0
9011,Pueblo+de+bonificaci%C3%B3n,410,455,0,228,2
9012,08.-+OPORTUNITY,508,412,817959,850,0
9013,Pueblo+de+b%C3%A1rbaros,532,406,0,184,0
9014,Pueblo+de+bonificaci%C3%B3n,487,400,380208,1311,2
9015,Pueblo+de+b%C3%A1rbaros,401,480,0,53,0
9016,016+T%C3%BA+mejor+pesadilla,414,549,1233516,2780,4
9017,ARSE,503,402,2124157,2302,0
9018,Pueblo+de+bonificaci%C3%B3n,400,520,0,213,7
9019,Pueblo+de+bonificaci%C3%B3n,582,554,0,216,9
9020,Pueblo+de+b%C3%A1rbaros,557,420,0,54,0
9021,014+Caballo+ganador,416,551,1233516,3199,3
9022,Pueblo+de+bonificaci%C3%B3n,424,436,0,174,6
9023,Gran+TX,567,573,1894074,7932,0
9024,Pueblo+de+b%C3%A1rbaros,519,597,0,202,0
9025,Pueblo+de+bonificaci%C3%B3n,551,585,0,252,6
9027,Pueblo+de+bonificaci%C3%B3n,572,431,0,256,3
9028,ccc,423,565,1731373,2284,8
9030,Pueblo+de+b%C3%A1rbaros,405,473,0,212,0
9031,Pueblo+de+bonificaci%C3%B3n,399,509,0,131,3
9033,035+GROCC,593,534,2133408,1868,4
9034,03+Dfiru,448,551,926570,7160,0
9035,Pueblo+de+b%C3%A1rbaros,540,593,0,267,0
9036,Demoni+020,424,437,2067012,4572,8
9037,Pueblo+de+bonificaci%C3%B3n,543,591,0,226,3
9038,%7ESeeD%7E,575,564,2177379,4340,0
9039,Pueblo+de+b%C3%A1rbaros,597,486,0,303,0
9040,%7ESeeD%7E,574,566,2177379,332,2
9041,Pueblo+de+bonificaci%C3%B3n,569,430,0,230,1
9042,Pueblo+de+b%C3%A1rbaros,405,475,0,93,0
9043,005,408,463,2130145,937,6
9044,PATO+BORRACHO,482,403,1184145,377,4
9045,pueblo+de+El+Lobo+De+Wall+Street,600,480,1983645,26,0
9046,Pueblo+de+b%C3%A1rbaros,601,497,0,218,0
9047,Reino+De+Le%C3%B3n,404,472,2184448,1752,2
9048,Pueblo+de+bonificaci%C3%B3n,404,469,1922589,1332,8
9049,Tower+030,450,412,2082469,10401,0
9050,ccc,423,563,1731373,2685,3
9051,Pueblo+de+bonificaci%C3%B3n,479,405,0,224,1
9052,pueblo+de+joosee1901,545,414,2175784,3091,0
9053,Pueblo+de+b%C3%A1rbaros,558,422,0,140,0
9054,002+HDA+Sensy+Seed,583,551,1519293,866,7
9055,Pueblo+de+b%C3%A1rbaros,584,455,0,245,0
9059,Pueblo+de+b%C3%A1rbaros,587,451,0,290,0
9060,021,439,582,23632,8155,2
9061,Os+004,592,539,2184427,512,3
9062,Pueblo+de+b%C3%A1rbaros,584,551,0,401,0
9063,Pueblo+de+b%C3%A1rbaros,423,566,0,204,0
9064,Pueblo+de+bonificaci%C3%B3n,558,583,0,214,6
9065,A011+%7E+Prometheus,596,468,1783178,1863,4
9066,011+Just+Rain,536,426,217192,3967,0
9067,Pueblo+de+bonificaci%C3%B3n,596,480,0,280,7
9068,Pueblo+de+bonificaci%C3%B3n,446,585,0,202,1
9070,C45+L15,592,466,1075536,565,4
9071,Pueblo+de+bonificaci%C3%B3n,406,533,0,232,9
9072,SOLITARIO%2A%2A%2A103%2A%2A%2A,492,598,1363205,992,0
9073,Pueblo+de+b%C3%A1rbaros,517,403,0,337,0
9074,Pueblo+de+bonificaci%C3%B3n,554,414,0,179,2
9075,Pueblo+de+bonificaci%C3%B3n,468,406,0,167,1
9076,1%29+Invernalia,469,597,2184411,4112,0
9077,Pueblo+de+b%C3%A1rbaros,568,430,0,239,0
9078,034+GROCC,595,534,2133408,1965,8
9079,EcA+05,600,512,2126990,1254,3
9081,Pueblo+de+bonificaci%C3%B3n,465,594,0,188,1
9082,Pueblo+de+bonificaci%C3%B3n,432,571,0,190,7
9083,pueblo+de+d%C3%A9cimo,556,580,2134962,6377,0
9084,Pueblo+de+b%C3%A1rbaros,549,589,0,293,0
9085,Pueblo+de+bonificaci%C3%B3n,525,402,0,249,9
9086,%7BSec2%7D+02+%7E+Constantinopla+%7E,523,404,141108,5284,5
9087,pueblo+de+040NickNotFound,418,557,2113377,250,0
9088,Pueblo+de+b%C3%A1rbaros,425,434,0,181,0
9089,Pueblo+de+bonificaci%C3%B3n,450,586,0,219,7
9090,pueblo+de+manuel-wal,536,594,1593827,248,0
9091,Pueblo+de+b%C3%A1rbaros,472,598,0,173,0
9092,015+Myr,559,423,164,2555,4
9093,pueblo+de+ALFPOLIS,597,527,570723,817,0
9094,Pueblo+de+bonificaci%C3%B3n,595,463,0,160,9
9095,Norte%C3%B1o+II,504,398,2032066,4316,3
9096,Filo+de+espada,593,468,2124706,710,0
9097,Pueblo+de+bonificaci%C3%B3n,598,510,0,204,2
9098,Pueblo+de+bonificaci%C3%B3n,410,541,0,180,2
9099,Pueblo+de+b%C3%A1rbaros,399,514,0,785,0
9100,025Z,438,581,2021767,7643,0
9101,Pueblo+de+bonificaci%C3%B3n,573,436,0,259,3
9102,Pueblo+de+b%C3%A1rbaros,562,580,0,144,0
9103,Pueblo+de+b%C3%A1rbaros,581,555,0,136,0
9104,Shikara,445,416,2184141,405,1
9105,C45+L04,591,464,1075536,1737,2
9106,pueblo+de+Manuel07,463,407,2177724,2748,0
9107,Pueblo+de+b%C3%A1rbaros,490,401,0,210,0
9108,02+Mexunxe,403,468,2081237,347,9
9109,pueblo+de+ToniTWs,406,470,2180092,2922,0
9110,037,471,593,2102310,1277,6
9111,pueblo+de+Angelo1,419,438,2179793,2766,0
9112,Pueblo+de+b%C3%A1rbaros,401,478,0,221,0
9113,Pueblo+de+bonificaci%C3%B3n,597,525,0,236,3
9114,pueblo+de+snaiper18,413,453,1301199,3828,0
9115,Pueblo+de+b%C3%A1rbaros,533,408,0,178,0
9116,Pueblo+de+bonificaci%C3%B3n,423,438,0,171,6
9117,pueblo+de+Hectorrecio,554,583,2177766,3753,0
9118,Pueblo+de+b%C3%A1rbaros,511,599,0,203,0
9119,Pueblo+de+bonificaci%C3%B3n,546,414,0,228,2
9120,Pueblo+de+bonificaci%C3%B3n,491,401,0,217,9
9121,pueblo+de+Cupra2,449,417,2180094,3201,0
9122,Pueblo+de+b%C3%A1rbaros,399,505,0,170,0
9123,WP+02,554,418,2180297,2285,6
9124,Pueblo+de+bonificaci%C3%B3n,473,594,0,174,6
9125,00+Babuxa,407,465,2081237,4796,0
9126,Pueblo+de+b%C3%A1rbaros,419,441,0,203,0
9127,Pueblo+de+bonificaci%C3%B3n,590,462,0,205,7
9128,Pueblo+de+bonificaci%C3%B3n,594,537,0,182,3
9129,Pueblo+de+b%C3%A1rbaros,528,596,0,89,0
9130,Pueblo+de+b%C3%A1rbaros,435,422,0,223,0
9131,Pueblo+de+bonificaci%C3%B3n,572,429,0,234,5
9132,Zero+1,501,598,2137541,4260,0
9133,Pueblo+de+b%C3%A1rbaros,418,559,0,253,0
9134,Pueblo+de+bonificaci%C3%B3n,505,401,0,270,8
9135,pueblo+de+Strygwyr,552,576,41007,1009,0
9136,Pueblo+de+b%C3%A1rbaros,441,419,0,145,0
9137,Pueblo+de+bonificaci%C3%B3n,554,586,0,251,3
9138,Pueblo+de+b%C3%A1rbaros,404,520,0,134,0
9139,Pueblo+de+b%C3%A1rbaros,399,485,0,220,0
9140,Pueblo+de+bonificaci%C3%B3n,436,425,0,155,5
9141,012_%7EKaNaRiAs+CiTy%7E,507,597,2176673,4343,0
9142,Pueblo+de+bonificaci%C3%B3n,464,409,1702006,189,8
9143,pueblo+de+JaimeMister,515,597,2177264,3148,0
9144,Pueblo+de+b%C3%A1rbaros,593,463,0,163,0
9145,Pueblo+de+bonificaci%C3%B3n,554,415,0,161,4
9146,018-Probando,438,421,1317137,1823,2
9148,Pueblo+de+b%C3%A1rbaros,529,404,0,220,0
9149,Pueblo+de+bonificaci%C3%B3n,407,538,0,151,5
9150,Egwene+al%27Vere,561,582,474925,440,5
9151,pueblo+de+taopaipai,462,590,2132893,233,0
9152,Pueblo+de+b%C3%A1rbaros,558,584,0,182,0
9153,Pueblo+de+bonificaci%C3%B3n,598,499,0,239,1
9154,00+Reinos+del+Inframundo,560,579,1677446,520,0
9155,Norte%C3%B1o+IX,500,398,2032066,550,5
9156,HDCD88,562,572,666419,7032,0
9157,A009+%7E+King+Kong+Gun,599,501,1783178,5168,4
9158,pueblo+de+Chaco38,439,578,2140305,1246,0
9159,A017+%7E+Pistol,601,491,1783178,822,6
9160,005.+Luks,597,472,537507,3151,4
9161,pueblo+de+fantasmagoria,452,588,51952,773,0
9162,Fortaleza,486,403,1667957,893,4
9163,Pueblo+de+bonificaci%C3%B3n,513,403,0,207,9
9164,Pueblo+de+b%C3%A1rbaros,489,600,0,344,0
9165,Pueblo+de+b%C3%A1rbaros,413,450,0,176,0
9166,Pueblo+de+bonificaci%C3%B3n,531,595,0,191,4
9167,The+foresth,534,593,2006269,1444,0
9168,Pueblo+de+b%C3%A1rbaros,581,561,0,226,0
9169,Pueblo+de+bonificaci%C3%B3n,401,487,0,149,3
9170,001+es,519,401,2177881,4409,0
9171,Pueblo+de+b%C3%A1rbaros,429,431,0,203,0
9172,B04+SIEMPRE+AVALON%21%21%21,563,577,2184378,1353,3
9173,Pueblo+de+bonificaci%C3%B3n,405,533,0,217,9
9175,Pueblo+de+bonificaci%C3%B3n,538,592,0,200,1
9176,Carqueja,565,579,2073946,582,4
9179,EcA+07,600,520,2126990,3512,0
9180,Pueblo+de+bonificaci%C3%B3n,595,537,0,169,1
9181,010+GROCC,596,522,2133408,7352,0
9182,Pueblo+de+bonificaci%C3%B3n,466,404,0,202,4
9183,pueblo+de+Invitado184417,588,454,2184417,26,0
9184,Pueblo+de+b%C3%A1rbaros,512,601,0,278,0
9185,Pueblo+de+bonificaci%C3%B3n,526,596,0,213,6
9186,017+Fifty,413,550,1233516,2624,9
9187,PATO+BORRACHO,483,402,1184145,3105,0
9188,009,472,405,2112530,1232,8
9189,Pueblo+de+b%C3%A1rbaros,544,591,0,172,0
9190,Pueblo+de+bonificaci%C3%B3n,398,500,0,209,7
9191,2%29+Vaes+Dothrak,468,597,2184411,1028,9
9192,pueblo+de+NEFERTITI,575,456,1819308,3150,0
9193,Pueblo+de+b%C3%A1rbaros,576,568,0,208,0
9194,Pueblo+de+bonificaci%C3%B3n,483,601,0,190,8
9195,Pueblo+de+bonificaci%C3%B3n,575,436,0,200,2
9196,005,580,440,2182121,4003,0
9197,Pueblo+de+b%C3%A1rbaros,415,442,0,178,0
9198,A025+%7E+Gomu+Gomu,599,483,1783178,525,6
9199,Valki+01,427,567,2084340,7641,0
9200,Pueblo+de+bonificaci%C3%B3n,442,416,0,285,9
9201,ORRAREGI,401,491,2144035,580,5
9202,107+Neron+el+piromano,536,409,1247466,2619,0
9203,Pueblo+de+b%C3%A1rbaros,566,573,0,264,0
9204,Pueblo+de+bonificaci%C3%B3n,525,596,0,162,3
9205,A007+%7E+D+Dinasty,599,490,1783178,5122,4
9206,001.+Luks,599,478,537507,10199,0
9207,Pueblo+de+b%C3%A1rbaros,470,405,0,222,0
9208,Pueblo+de+bonificaci%C3%B3n,406,530,0,137,6
9209,Demoni+100,410,457,2067012,5424,8
9210,EDMX,526,403,2182344,1437,0
9211,Pueblo+de+bonificaci%C3%B3n,434,574,0,171,9
9212,Santo%C3%B1a,403,471,2184419,316,0
9213,Pueblo+de+b%C3%A1rbaros,543,408,0,225,0
9214,B03+SIEMPRE+AVALON%21%21%21,566,577,2184378,3166,8
9215,Pueblo+de+bonificaci%C3%B3n,596,529,0,198,6
9216,pueblo+de+llovet,573,428,1366417,26,0
9217,Pueblo+de+bonificaci%C3%B3n,599,475,0,200,9
9218,Pueblo+de+ElJama+12,431,431,2121326,2178,8
9219,Pueblo+de+b%C3%A1rbaros,469,596,0,129,0
9220,Pueblo+de+b%C3%A1rbaros,578,561,0,240,0
9221,Pueblo+de+bonificaci%C3%B3n,406,540,0,201,6
9222,A003+%7E+Shambles,601,490,1783178,7835,5
9223,Pueblo+de+b%C3%A1rbaros,411,458,0,4268,0
9224,Pueblo+de+b%C3%A1rbaros,491,399,0,194,0
9225,Pueblo+de+bonificaci%C3%B3n,425,432,0,250,7
9226,TATOX+4,570,570,1894074,2920,3
9227,Pueblo+de+b%C3%A1rbaros,410,549,0,227,0
9228,Pueblo+de+bonificaci%C3%B3n,477,401,0,183,9
9229,0001.+Rammstein,592,457,2546,1131,0
9230,Pueblo+de+b%C3%A1rbaros,583,555,0,172,0
9231,Pueblo+de+bonificaci%C3%B3n,598,482,0,217,6
9232,Sup+sup,582,442,2181104,524,3
9233,Pueblo+de+b%C3%A1rbaros,433,426,0,77,0
9234,Pueblo+de+b%C3%A1rbaros,433,423,0,260,0
9235,003+Pueblo+de+bonificaci%C3%B3n,441,421,2133516,1300,8
9236,Veri,485,403,1667957,4571,0
9237,001,586,447,2057827,1975,2
9238,021,411,453,2121007,1786,4
9239,pueblo+de+Pochola+Silva,459,591,2181860,26,0
9240,Pueblo+de+b%C3%A1rbaros,492,401,0,198,0
9241,Pueblo+de+bonificaci%C3%B3n,503,599,2137541,1661,1
9242,Pueblo+de+bonificaci%C3%B3n,435,426,0,163,5
9243,pueblo+de+Eduardo+Primero,402,514,2184422,26,0
9244,Pueblo+de+b%C3%A1rbaros,400,514,0,283,0
9245,Pueblo+de+bonificaci%C3%B3n,569,425,0,227,6
9246,pueblo+de+Juniors87,520,600,2175878,2615,0
9247,Pueblo+de+b%C3%A1rbaros,490,598,0,212,0
9248,Pueblo+de+bonificaci%C3%B3n,595,462,0,260,9
9249,hacienda+napoles,561,578,2184150,2063,3
9250,%2ABunker+001,531,402,2184423,4303,0
9251,Pueblo+de+b%C3%A1rbaros,463,591,0,229,0
9252,Pueblo+de+bonificaci%C3%B3n,469,598,0,235,3
9253,Pueblo+de+b%C3%A1rbaros,516,399,0,69,0
9254,Pueblo+de+bonificaci%C3%B3n,444,585,0,262,6
9255,Pueblo+de+bonificaci%C3%B3n,596,518,0,138,3
9256,Os+005,591,539,2184427,497,0
9257,Pueblo+de+b%C3%A1rbaros,484,599,0,189,0
9258,Pueblo+de+bonificaci%C3%B3n,502,599,0,178,7
9259,pueblo+de+300jf,545,410,2122415,281,0
9260,Pueblo+de+bonificaci%C3%B3n,403,467,1922589,1141,8
9261,Pueblo+de+bonificaci%C3%B3n,456,592,0,192,1
9262,Pueblo+de+b%C3%A1rbaros,429,430,0,187,0
9263,Pueblo+de+bonificaci%C3%B3n,416,557,0,168,7
9264,003.+Luks,599,474,537507,4900,0
9265,Pueblo+de+bonificaci%C3%B3n,480,601,0,182,3
9266,Pueblo+de+bonificaci%C3%B3n,472,403,0,228,2
9267,pueblo+de+DaenerysThargarien,428,428,1939848,2785,0
9268,Pueblo+de+bonificaci%C3%B3n,402,480,0,160,5
9269,Os+001,590,540,2184427,4415,0
9270,Pueblo+de+b%C3%A1rbaros,400,493,0,149,0
9271,Pueblo+de+bonificaci%C3%B3n,594,532,0,205,1
9272,Pueblo+de+b%C3%A1rbaros,572,570,0,51,0
9273,Pueblo+de+bonificaci%C3%B3n,402,475,0,184,5
9274,pueblo+de+ACEMLA,438,577,1043943,2301,0
9275,Pueblo+de+b%C3%A1rbaros,420,441,0,174,0
9276,Pueblo+de+bonificaci%C3%B3n,480,600,0,153,3
9277,Pueblo+de+b%C3%A1rbaros,487,601,0,86,0
9278,Pueblo+de+b%C3%A1rbaros,578,560,0,167,0
9279,Pueblo+de+bonificaci%C3%B3n,445,418,0,246,4
9281,Pueblo+de+bonificaci%C3%B3n,593,538,0,269,7
9282,Pueblo+de+bonificaci%C3%B3n,460,594,0,198,2
9283,pueblo+de+tole+sped,544,412,1338801,202,0
9284,019,417,446,2121007,2123,4
9285,A020+%7E+Champion+Bazooka,600,498,1783178,655,5
9286,pueblo+de+GABO101017,568,569,2018016,2099,0
9287,Pueblo+de+bonificaci%C3%B3n,596,528,2133408,306,9
9288,Pueblo+de+b%C3%A1rbaros,403,475,0,78,0
9289,Pueblo+de+b%C3%A1rbaros,582,560,0,196,0
9290,Pueblo+de+bonificaci%C3%B3n,546,409,0,165,9
9291,Pueblo+de+b%C3%A1rbaros,502,594,2137541,4394,0
9292,Pueblo+de+b%C3%A1rbaros,457,412,0,163,0
9293,Pueblo+de+bonificaci%C3%B3n,576,567,0,155,5
9294,pueblo+de+penka1,444,476,2100268,2762,0
9295,Pueblo+de+bonificaci%C3%B3n,575,568,0,205,1
9296,045B,437,581,2021767,1413,0
9297,Pueblo+de+b%C3%A1rbaros,506,399,0,164,0
9298,Pueblo+de+bonificaci%C3%B3n,582,438,0,198,4
9299,Pueblo+de+b%C3%A1rbaros,407,516,0,235,0
9300,Pueblo+de+b%C3%A1rbaros,556,415,0,185,0
9301,Impending+Dominance,561,422,835134,200,2
9302,Pueblo+de+b%C3%A1rbaros,399,510,0,226,0
9303,Pueblo+de+bonificaci%C3%B3n,493,598,2137541,575,6
9304,Thangorodrim,476,485,35585,4187,0
9305,Pueblo+de+b%C3%A1rbaros,569,428,0,190,0
9306,Pueblo+de+bonificaci%C3%B3n,414,451,2121007,1441,6
9307,Pueblo+de+b%C3%A1rbaros,594,460,0,77,0
9308,Pueblo+de+b%C3%A1rbaros,468,407,0,206,0
9309,Demoni+018,426,433,2067012,7055,4
9310,ORERETA,398,491,2144035,5427,0
9311,Pueblo+de+b%C3%A1rbaros,433,576,0,248,0
9312,Pueblo+de+bonificaci%C3%B3n,553,586,0,232,3
9313,EcA+09,599,516,2126990,2324,0
9314,Pueblo+de+b%C3%A1rbaros,398,497,0,210,0
9315,Quintana,404,467,2128583,431,1
9316,pueblo+de+sari%C3%B1ena,584,553,238040,807,0
9317,Pueblo+de+bonificaci%C3%B3n,512,399,0,171,9
9318,pueblo+de+xotoman,506,599,2137541,5075,0
9319,Pueblo+de+bonificaci%C3%B3n,455,408,0,176,9
9321,Pueblo+de+b%C3%A1rbaros,399,518,0,220,0
9322,Pueblo+de+bonificaci%C3%B3n,552,413,0,210,1
9323,-+04+Avalon+-,570,572,2132867,329,5
9324,Roma+01,457,590,1579889,2560,0
9325,Pueblo+de+bonificaci%C3%B3n,452,409,0,135,6
9326,Pueblo+de+b%C3%A1rbaros,429,574,0,116,0
9327,Pueblo+de+bonificaci%C3%B3n,597,477,0,171,1
9328,Por+mi+amigo%21%21,482,565,2184021,1750,0
9329,Pueblo+de+bonificaci%C3%B3n,551,413,0,223,2
9330,Pueblo+de+bonificaci%C3%B3n,460,593,0,181,6
9331,pueblo+de+josuecc,433,578,1998385,5809,0
9332,Ren+Patinder,560,580,474925,431,3
9333,Demoni+025,425,433,2067012,3161,1
9334,pueblo+de+carem23,578,462,31891,5372,0
9335,Pueblo+de+b%C3%A1rbaros,499,599,0,126,0
9336,Pueblo+de+bonificaci%C3%B3n,578,435,0,231,2
9337,Pueblo+de+bonificaci%C3%B3n,409,455,0,140,7
9338,NPC+Town+A,447,583,2184134,6998,0
9339,Pueblo+de+b%C3%A1rbaros,451,410,0,158,0
9340,Pueblo+de+bonificaci%C3%B3n,596,526,0,192,5
9341,Pueblo+de+b%C3%A1rbaros,422,439,0,197,0
9342,Pueblo+de+hecks,406,464,2184431,1709,1
9343,Pueblo+de+bonificaci%C3%B3n,443,585,0,192,3
9344,Pueblo+de+b%C3%A1rbaros,486,598,0,165,0
9345,Pueblo+de+b%C3%A1rbaros,525,599,0,249,0
9346,Pueblo+de+bonificaci%C3%B3n,516,601,0,183,7
9347,XXX,491,602,934653,9184,0
9348,Pueblo+de+bonificaci%C3%B3n,436,578,0,221,1
9349,GAss,544,408,77817,1821,0
9350,Pueblo+de+Abate,491,400,2133413,482,3
9351,pueblo+de+triana70,460,561,2106040,1573,0
9352,Pueblo+de+b%C3%A1rbaros,538,596,0,196,0
9353,002,586,445,2057827,635,4
9354,pueblo+de+rubenhg,499,399,1960055,41,0
9355,Pueblo+de+b%C3%A1rbaros,408,459,0,431,3
9356,Pueblo+de+bonificaci%C3%B3n,599,477,0,181,7
9357,03.Blindado,573,427,2184223,2447,0
9358,Tower+033,448,412,2082469,2195,5
9359,Pueblo+de+hecks,404,463,2184431,4309,0
9360,Pueblo+de+b%C3%A1rbaros,400,500,0,227,0
9361,Demoni+101,410,456,2067012,5327,4
9362,B02+SIEMPRE+AVALON%21%21%21,564,576,2184378,2916,5
9363,Pueblo+de+b%C3%A1rbaros,491,398,0,75,0
9364,Pueblo+de+b%C3%A1rbaros,425,430,0,203,0
9365,A021+%7E+East+Blue,602,498,1783178,538,6
9366,pueblo+de+teknocracy,400,505,2123760,26,0
9367,Cortijo+8,515,602,2133518,1848,9
9368,Pueblo+de+bonificaci%C3%B3n,536,407,0,189,7
9370,Pueblo+de+b%C3%A1rbaros,591,546,0,217,0
9371,Pueblo+de+bonificaci%C3%B3n,603,501,0,211,9
9372,K05LEAK,495,446,1951772,2202,0
9373,Pueblo+de+b%C3%A1rbaros,419,440,0,212,0
9374,ccc,427,571,1731373,2073,8
9375,Pueblo+de+bonificaci%C3%B3n,489,601,2184295,746,7
9376,Pueblo+de+b%C3%A1rbaros,400,495,0,83,0
9377,PATO+BORRACHO,481,401,1184145,156,7
9378,001,430,571,1348925,291,0
9379,Pueblo+de+b%C3%A1rbaros,603,505,0,205,0
9380,Pueblo+de+bonificaci%C3%B3n,524,399,0,199,2
9381,pueblo+de+ambrosio,440,419,2133516,6330,0
9382,Pueblo+de+bonificaci%C3%B3n,498,599,2137541,1465,3
9383,Pueblo+de+b%C3%A1rbaros,577,438,0,133,0
9384,888012+Rim,561,421,11565,6625,8
9385,10+-+...+invasor...,423,545,2183448,4781,0
9386,Pueblo+de+b%C3%A1rbaros,588,553,0,183,0
9387,Pueblo+de+bonificaci%C3%B3n,414,554,0,158,7
9388,pueblo+de+raamses,459,594,1026049,26,0
9389,Pueblo+de+b%C3%A1rbaros,577,563,0,164,0
9390,Pueblo+de+bonificaci%C3%B3n,483,399,0,185,7
9391,NPC+Town+B,447,586,2184134,1366,2
9392,004,574,459,2122184,4389,0
9393,Pueblo+de+b%C3%A1rbaros,445,587,0,174,0
9394,Pueblo+de+bonificaci%C3%B3n,407,539,0,231,1
9395,Pueblo+de+bonificaci%C3%B3n,496,401,0,167,5
9396,Pueblo+de+b%C3%A1rbaros,485,399,380208,591,0
9397,Pueblo+de+bonificaci%C3%B3n,449,587,0,253,9
9398,pueblo+de+Areskillah7860,562,569,2184433,456,0
9399,023,440,580,23632,6124,9
9400,Pueblo+de+bonificaci%C3%B3n,550,413,0,182,7
9401,Pueblo+de+b%C3%A1rbaros,569,429,0,80,0
9402,054+GROCC,602,520,2133408,1692,5
9403,Pueblo+de+bonificaci%C3%B3n,442,417,0,217,2
9404,EcA+02,601,512,2126990,1745,0
9405,Pueblo+de+b%C3%A1rbaros,409,457,0,261,0
9406,ccc,420,566,1731373,448,3
9407,Pueblo+de+bonificaci%C3%B3n,587,554,0,175,9
9408,002,549,410,2098905,2709,0
9409,Pueblo+de+b%C3%A1rbaros,538,594,0,185,0
9410,Pueblo+de+bonificaci%C3%B3n,397,503,0,180,9
9411,Dago,397,500,2125992,2289,0
9412,Pueblo+de+bonificaci%C3%B3n,531,406,0,177,5
9413,Os+003,592,538,2184427,540,5
9414,Villa+Trunes+1,590,542,2184436,6411,0
9415,cortijo+4,515,603,2133518,2459,5
9416,07+-+Pueblo+de+bonificaci%C3%B3n,506,600,2181217,761,1
9417,EcA+08,601,518,2126990,2953,0
9418,Pueblo+de+b%C3%A1rbaros,594,535,0,169,0
9419,Pueblo+de+bonificaci%C3%B3n,405,534,0,204,6
9420,Mosc%C3%BA,401,475,2046950,173,0
9421,Pueblo+de+b%C3%A1rbaros,528,401,0,240,0
9422,Pueblo+de+bonificaci%C3%B3n,471,403,0,210,2
9423,Pueblo+de+bonificaci%C3%B3n,561,418,0,166,6
9424,pueblo+de+MEIAN01,503,398,2032066,6503,0
9425,Pueblo+de+bonificaci%C3%B3n,401,504,0,148,6
9426,Pueblo+de+bonificaci%C3%B3n,400,475,0,241,1
9427,Pueblo+de+b%C3%A1rbaros,597,535,0,78,0
9428,Pueblo+de+bonificaci%C3%B3n,603,502,0,115,9
9429,Pueblo+de+b%C3%A1rbaros,464,406,0,89,0
9430,Pueblo+de+b%C3%A1rbaros,405,540,0,226,0
9431,009,475,598,2466,1061,4
9432,Pueblo+de+bonificaci%C3%B3n,509,401,0,145,5
9433,pueblo+de+eligio,593,519,2126351,3844,0
9434,015-Probando,437,419,1317137,3004,9
9435,Pueblo+de+b%C3%A1rbaros,579,435,0,82,0
9436,Pueblo+de+bonificaci%C3%B3n,516,598,2137541,539,5
9437,Pueblo+de+b%C3%A1rbaros,594,462,0,66,0
9438,Pueblo+de+bonificaci%C3%B3n,577,436,0,123,7
9439,pueblo+de+marcelovarela,547,414,1319129,1202,0
9440,Pueblo+de+bonificaci%C3%B3n,434,576,0,168,3
9442,Pueblo+de+b%C3%A1rbaros,592,455,0,195,0
9443,Norte%C3%B1o+I,503,396,2032066,5212,2
9444,Pueblo+de+bonificaci%C3%B3n,529,595,0,186,9
9445,Pueblo+de+b%C3%A1rbaros,598,522,0,84,0
9446,Pueblo+de+b%C3%A1rbaros,470,596,0,165,0
9447,Pueblo+de+bonificaci%C3%B3n,399,491,0,224,9
9449,Pueblo+de+b%C3%A1rbaros,400,477,0,201,0
9450,Villa+Trunes+3,592,543,2184436,1245,1
9451,Pueblo+de+bonificaci%C3%B3n,456,593,0,188,2
9452,pueblo+de+Jdavid,495,596,2184441,1780,0
9453,Pueblo+de+b%C3%A1rbaros,591,454,0,195,0
9454,Pueblo+de+bonificaci%C3%B3n,482,398,0,193,9
9455,Pueblo+de+bonificaci%C3%B3n,404,473,0,208,5
9456,pueblo,537,593,2126872,2047,0
9457,Pueblo+de+bonificaci%C3%B3n,567,421,0,237,3
9458,06+-+Eten,508,600,2181217,4989,0
9459,Pueblo+de+bonificaci%C3%B3n,588,446,0,150,3
9460,Pueblo+de+b%C3%A1rbaros,436,420,0,93,0
9461,Pueblo+de+b%C3%A1rbaros,561,581,0,208,0
9462,Pueblo+de+bonificaci%C3%B3n,578,562,0,278,2
9463,04.-+IV+Corduba,511,402,817959,3005,0
9464,Pueblo+de+bonificaci%C3%B3n,595,464,0,243,3
9465,Pueblo+de+bonificaci%C3%B3n,402,518,0,248,4
9466,Alfa,558,562,978034,3326,0
9467,Pueblo+de+b%C3%A1rbaros,470,599,0,180,0
9468,ccc,428,571,1731373,1664,3
9469,pueblo+de+Natos,456,408,2181811,2830,0
9470,Pueblo+de+b%C3%A1rbaros,441,580,0,159,0
9471,Pueblo+de+bonificaci%C3%B3n,517,602,0,148,6
9472,Pueblo+de+bonificaci%C3%B3n,424,432,0,189,6
9473,pueblo+de+Vital,602,491,2178082,3160,0
9474,Pueblo+de+b%C3%A1rbaros,400,489,0,187,0
9475,Pueblo+de+bonificaci%C3%B3n,541,595,0,186,9
9476,Pueblo+de+bonificaci%C3%B3n,521,399,0,256,1
9477,pueblo+de+Shad74,400,491,2180548,2689,0
9478,3%29+Valar+Morghulis,468,595,2184411,509,2
9479,Pueblo+de+bonificaci%C3%B3n,587,557,0,180,9
9480,pueblo+de+Kiarra+Rodriguez9,406,459,2180539,2643,0
9481,Pueblo+de+b%C3%A1rbaros,515,399,0,201,0
9482,Pueblo+de+bonificaci%C3%B3n,555,411,0,238,8
9483,pueblo+de+Yolanda+Smith41,569,424,2180532,2922,0
9484,Vecino+de+RenacerHica+02,501,400,2088720,688,5
9485,pueblo+de+rema,599,523,2126885,3743,0
9486,Pueblo+de+bonificaci%C3%B3n,595,459,0,199,6
9487,EcA+03,603,511,2126990,1990,5
9488,FK.,431,575,2180825,4910,0
9489,Pueblo+de+b%C3%A1rbaros,557,415,0,222,0
9490,Pueblo+de+bonificaci%C3%B3n,548,410,0,204,5
9491,Pueblo+de+bonificaci%C3%B3n,593,458,0,234,4
9492,Germersheim%3A,452,473,2062753,716,0
9493,Pueblo+de+bonificaci%C3%B3n,565,578,0,184,7
9494,Pueblo+de+b%C3%A1rbaros,551,411,0,147,0
9495,Pueblo+de+b%C3%A1rbaros,410,459,0,1302,0
9496,Pueblo+de+bonificaci%C3%B3n,473,403,0,155,9
9497,Pueblo+de+bonificaci%C3%B3n,530,401,2184447,332,6
9498,Pueblo+de+b%C3%A1rbaros,430,574,0,81,0
9499,Pueblo+de+bonificaci%C3%B3n,540,406,0,198,7
9500,004+HDA+Valen666,583,557,1519293,3318,0
9501,Pueblo+de+b%C3%A1rbaros,402,488,0,210,0
9502,Pueblo+de+bonificaci%C3%B3n,593,465,0,219,9
9503,Pueblo+de+bonificaci%C3%B3n,482,599,0,138,3
9504,Velaris,541,591,2044850,728,0
9505,Pueblo+de+bonificaci%C3%B3n,419,436,0,194,4
9506,%23Brasil,493,603,2121965,267,1
9508,Pueblo+de+b%C3%A1rbaros,402,468,0,232,0
9509,018+Lothar,565,422,164,1245,4
9510,014+peri,477,601,1863997,942,5
9511,pueblo+de+papeleta,594,523,2127268,3328,0
9512,Reino+De+Asturias,405,471,2184448,1084,1
9513,Yo+soy+bueno%2B,416,560,991519,1554,0
9514,Pueblo+de+b%C3%A1rbaros,399,481,0,211,0
9515,Pueblo+de+bonificaci%C3%B3n,580,559,0,180,6
9516,019,440,582,23632,7074,5
9517,pueblo+de+hahaha,563,582,2091259,148,0
9518,Pueblo+de+b%C3%A1rbaros,487,603,0,245,0
9519,ccc,429,571,1731373,1617,1
9520,Pueblo+de+bonificaci%C3%B3n,400,512,0,211,2
9521,046B,438,583,2021767,1059,0
9522,Pueblo+de+bonificaci%C3%B3n,567,426,0,125,2
9523,Pueblo+de+bonificaci%C3%B3n,539,595,0,149,4
9524,RECOLECTANDO+BANDERAS,463,593,1964159,4369,0
9525,Pueblo+de+bonificaci%C3%B3n,403,538,0,177,1
9526,Pueblo+de+b%C3%A1rbaros,487,398,0,171,0
9527,Pueblo+de+bonificaci%C3%B3n,601,478,0,228,2
9528,039+GROCC,597,530,2133408,1894,4
9529,001+-+jjoaa,535,569,102641,5751,0
9530,Pueblo+de+bonificaci%C3%B3n,575,432,0,196,6
9531,Jonalandia,527,401,2184447,3466,0
9532,Pueblo+de+b%C3%A1rbaros,489,401,0,198,0
9533,004,581,438,2134775,3089,3
9534,pueblo+de+jeiskill,448,588,949693,1597,0
9535,Pueblo+de+b%C3%A1rbaros,399,519,0,199,0
9536,Cali,403,533,2183126,3139,7
9537,pueblo+de+theoneseus,579,564,2173075,5778,0
9538,Pueblo+de+b%C3%A1rbaros,439,418,0,144,0
9539,Pueblo+de+bonificaci%C3%B3n,601,516,0,136,7
9540,Pueblo+de+bonificaci%C3%B3n,492,604,2137541,1254,3
9541,Reino+De+Castilla,404,471,2184448,3916,0
9542,Pueblo+de+bonificaci%C3%B3n,396,504,0,156,7
9543,Pueblo+de+b%C3%A1rbaros,465,402,0,68,0
9544,Pueblo+de+b%C3%A1rbaros,597,461,0,185,0
9545,Pueblo+de+bonificaci%C3%B3n,477,599,0,221,2
9546,Pueblo+de+b%C3%A1rbaros,602,508,0,95,0
9547,Pueblo+de+bonificaci%C3%B3n,400,499,0,182,9
9548,Centro+-+17+Baboso,464,525,1989499,767,0
9549,Punta+de+lanza,595,470,2124706,864,8
9550,Pueblo+de+b%C3%A1rbaros,598,524,0,159,0
9551,Pueblo+de+b%C3%A1rbaros,530,400,0,184,0
9552,002,529,401,2184423,311,8
9553,Pueblo+de+b%C3%A1rbaros,528,597,0,49,0
9554,Pueblo+de+b%C3%A1rbaros,432,423,0,176,0
9555,Pueblo+de+bonificaci%C3%B3n,592,452,0,159,1
9556,Pueblo+de+bonificaci%C3%B3n,525,598,0,208,6
9557,pueblo+de+neoragex,511,601,1066559,246,0
9558,Pueblo+de+b%C3%A1rbaros,456,594,0,155,0
9559,Noble,559,417,2171938,2948,8
9560,Pueblo+de+bonificaci%C3%B3n,409,451,1922194,197,6
9561,pueblo+de+olxxlo,401,473,1971615,1984,0
9562,Pueblo+de+b%C3%A1rbaros,560,583,0,259,0
9563,007-Probando,434,420,1317137,4876,4
9564,Narnia,562,582,2184450,1163,0
9565,Pueblo+de+b%C3%A1rbaros,463,596,0,126,0
9566,Pueblo+de+bonificaci%C3%B3n,588,554,0,193,5
9567,Pueblo+de+b%C3%A1rbaros,589,447,0,113,0
9568,Pueblo+de+b%C3%A1rbaros,492,603,0,173,0
9569,A028+%7E+Mera+Mera,602,497,1783178,325,1
9570,005,599,508,1858260,2220,0
9571,Pueblo+de+b%C3%A1rbaros,598,467,0,166,0
9572,Pueblo+de+bonificaci%C3%B3n,421,437,0,162,3
9573,pueblo+de+CASTONIKITA+10.3,506,595,1423677,1852,0
9574,Pueblo+de+bonificaci%C3%B3n,573,575,0,246,7
9575,Pueblo+de+b%C3%A1rbaros,552,411,0,93,0
9576,Pueblo+de+bonificaci%C3%B3n,497,399,0,204,3
9577,Pueblo+de+bonificaci%C3%B3n,478,600,0,189,1
9579,Pueblo+de+bonificaci%C3%B3n,466,596,2096765,236,6
9580,Pueblo+de+b%C3%A1rbaros,414,447,0,712,0
9581,Pueblo+de+b%C3%A1rbaros,416,556,0,172,0
9582,Noble+B017,505,604,2123065,921,7
9583,Ordia,527,404,2184452,2937,0
9584,Noble+B011,498,604,2123065,1225,4
9585,Pueblo+de+b%C3%A1rbaros,600,495,0,88,0
9586,Pueblo+de+b%C3%A1rbaros,489,602,0,147,0
9587,Pueblo+de+bonificaci%C3%B3n,551,591,0,207,3
9588,Pueblo+de+b%C3%A1rbaros,546,407,0,68,0
9589,Pueblo+de+b%C3%A1rbaros,453,411,0,197,0
9590,A026+%7E+Ito+Ito,601,498,1783178,474,1
9591,MaMaToKe,417,437,2129889,325,1
9592,Pueblo+de+b%C3%A1rbaros,407,542,0,112,0
9593,Pueblo+de+b%C3%A1rbaros,459,408,0,160,0
9594,Pueblo+de+bonificaci%C3%B3n,603,520,10965,302,1
9595,Pueblo+de+b%C3%A1rbaros,564,581,0,102,0
9596,Pueblo+de+bonificaci%C3%B3n,522,401,0,195,9
9597,Pueblo+de+bonificaci%C3%B3n,599,526,0,127,1
9598,pueblo+de+davo,474,599,2144972,26,0
9599,Mas+banderas,463,594,1964159,276,0
9600,Pueblo+de+bonificaci%C3%B3n,407,544,0,137,7
9601,Pueblo+de+b%C3%A1rbaros,519,600,0,76,0
9602,Pueblo+de+bonificaci%C3%B3n,561,415,0,191,2
9603,Pueblo+de+bonificaci%C3%B3n,500,400,0,161,7
9604,Pueblo+de+b%C3%A1rbaros,601,510,0,139,0
9605,Demoni+023,424,431,2067012,3504,5
9606,Pueblo+de+bonificaci%C3%B3n,469,600,0,197,4
9607,Pueblo+de+b%C3%A1rbaros,409,544,0,187,0
9608,cortijo+7,512,600,2133518,1926,4
9609,Pueblo+de+bonificaci%C3%B3n,600,482,0,256,1
9610,Pueblo+de+b%C3%A1rbaros,452,412,0,91,0
9611,Pueblo+de+b%C3%A1rbaros,524,600,0,154,0
9612,02+Serenidad,557,586,1691132,1166,8
9613,Fernandex,508,398,2139121,215,0
9614,Pueblo+de+b%C3%A1rbaros,586,557,0,209,0
9615,A014+%7E+Culvering,603,494,1783178,719,6
9616,Pueblo+de+b%C3%A1rbaros,569,421,0,99,0
9617,Pueblo+de+b%C3%A1rbaros,410,543,0,166,0
9618,Pueblo+de+bonificaci%C3%B3n,442,412,0,196,6
9619,Pueblo+de+bonificaci%C3%B3n,401,482,0,208,1
9620,pueblo+de+NEIBRAVO,478,598,2179400,792,0
9621,Pueblo+de+bonificaci%C3%B3n,511,399,0,219,7
9622,Pueblo+de+bonificaci%C3%B3n,602,523,0,183,6
9623,Saw-d,571,577,2184458,3226,0
9624,Pueblo+de+b%C3%A1rbaros,594,455,0,100,0
9625,Pueblo+de+bonificaci%C3%B3n,560,415,0,130,9
9626,Pueblo+de+b%C3%A1rbaros,408,544,0,180,0
9627,Pueblo+de+b%C3%A1rbaros,402,472,0,223,0
9628,Pueblo+de+bonificaci%C3%B3n,578,431,0,165,4
9629,Pueblo+de+bonificaci%C3%B3n,404,531,0,120,9
9630,pueblo+de+Iv%C3%A1n+Galicia,590,450,2136021,26,0
9631,Pueblo+de+bonificaci%C3%B3n,560,585,0,193,4
9632,pueblo+de+revoltosa,412,482,669607,3870,0
9633,Pueblo+de+b%C3%A1rbaros,596,527,0,154,0
9634,Pueblo+de+bonificaci%C3%B3n,400,492,0,161,7
9635,Pueblo+de+bonificaci%C3%B3n,567,424,0,158,6
9636,Pueblo+de+b%C3%A1rbaros,430,576,0,70,0
9637,Pueblo+de+b%C3%A1rbaros,593,460,0,150,0
9638,PATO+BORRACHO,482,400,1184145,296,1
9639,Pueblo+de+b%C3%A1rbaros,538,595,0,119,0
9640,Pueblo+de+bonificaci%C3%B3n,586,552,0,207,4
9641,Pueblo+de+bonificaci%C3%B3n,578,563,2173075,632,3
9642,001,550,410,2098905,6181,0
9643,Pueblo+de+b%C3%A1rbaros,422,436,0,225,0
9644,Pueblo+de+bonificaci%C3%B3n,586,551,0,123,1
9645,Pueblo+de+bonificaci%C3%B3n,600,483,0,173,3
9646,pueblo+de+HexBreaker,556,586,2177699,2970,0
9647,Noble+B019,500,605,2123065,928,0
9648,Pueblo+de+bonificaci%C3%B3n,596,461,0,193,3
9649,Pueblo+de+bonificaci%C3%B3n,548,409,0,160,9
9650,Mike,398,512,311533,220,0
9651,Pueblo+de+bonificaci%C3%B3n,593,541,0,176,4
9652,Pueblo+de+bonificaci%C3%B3n,601,486,0,133,7
9654,Pueblo+de+bonificaci%C3%B3n,476,401,0,168,5
9655,Pueblo+de+b%C3%A1rbaros,433,575,0,255,0
9656,Pueblo+de+bonificaci%C3%B3n,600,527,2133408,230,9
9657,Capital+002,403,477,2184155,1310,8
9658,001,417,560,2183251,1142,0
9659,Pueblo+de+b%C3%A1rbaros,524,398,0,199,0
9660,Pueblo+de+bonificaci%C3%B3n,515,400,0,128,3
9661,Pueblo+de+bonificaci%C3%B3n,581,433,0,173,9
9662,pueblo+de+Sensy+Seed,566,515,1097438,1654,0
9663,Pueblo+de+bonificaci%C3%B3n,559,418,0,134,7
9664,pueblo+de+Lagash,424,429,1659,2160,0
9665,010.+Luks,598,472,537507,2314,5
9666,pueblo+de+hercules+5,416,558,1019205,550,0
9667,Pueblo+de+bonificaci%C3%B3n,405,459,0,163,9
9668,Pueblo+de+bonificaci%C3%B3n,566,418,0,183,6
9669,Pueblo+de+b%C3%A1rbaros,594,538,0,199,0
9670,Pueblo+de+bonificaci%C3%B3n,458,408,0,143,5
9671,Pueblo+de+b%C3%A1rbaros,561,416,0,189,0
9672,Pueblo+de+b%C3%A1rbaros,397,479,0,140,0
9673,ccc,424,568,1731373,1983,8
9674,Pueblo+de+bonificaci%C3%B3n,493,604,2137541,974,3
9675,Yermo+de+Aiel,562,577,474925,5375,0
9676,Pueblo+de+bonificaci%C3%B3n,593,546,0,150,9
9677,Pueblo+de+b%C3%A1rbaros,604,513,0,150,0
9678,Pueblo+de+b%C3%A1rbaros,473,597,0,200,0
9679,Pueblo+de+bonificaci%C3%B3n,596,539,0,150,5
9680,%23Argentina,493,601,2137541,4039,0
9681,Pueblo+de+bonificaci%C3%B3n,571,424,0,153,7
9682,05+Lluvia,564,578,1691132,494,6
9683,Engativ%C3%A1,579,567,1826519,1168,0
9684,Pueblo+de+b%C3%A1rbaros,465,597,0,144,0
9685,040+GROCC,604,512,2133408,1664,6
9686,amigo+de+munu%2C+respeten+weyes,473,554,1749963,769,0
9687,Pueblo+de+b%C3%A1rbaros,464,599,0,166,0
9688,Pueblo+de+bonificaci%C3%B3n,480,602,0,145,5
9689,Pueblo+de+bonificaci%C3%B3n,395,492,0,149,6
9690,Sarin%21,421,568,2184508,2839,0
9691,Tower+032,448,410,2082469,2235,8
9692,Pueblo+de+bonificaci%C3%B3n,598,529,0,263,4
9693,pueblo+de+temito,486,400,380208,5724,0
9694,031.+ABUS,488,602,1678679,2108,9
9695,015,439,584,23632,9642,6
9696,pantxo,446,436,2092900,1277,0
9697,Pueblo+de+bonificaci%C3%B3n,400,468,0,166,9
9698,Pueblo+de+b%C3%A1rbaros,596,541,0,63,0
9699,Pueblo+de+bonificaci%C3%B3n,468,596,0,170,5
9700,Pueblo+de+bonificaci%C3%B3n,546,408,0,180,1
9701,Pueblo+de+b%C3%A1rbaros,397,516,0,65,0
9702,Cordoba,403,539,2183126,1936,3
9703,Tensei+Sekai,450,419,2184141,4508,0
9704,TATOX,566,576,1894074,4750,1
9705,E001,438,582,1587053,9695,5
9706,SG3,433,574,231570,5026,0
9707,Pueblo+de+bonificaci%C3%B3n,553,409,0,168,9
9708,Pueblo+de+bonificaci%C3%B3n,404,539,0,209,5
9710,013+Carasandia,412,554,1233516,3319,8
9711,Ganimedes,472,601,10357,2834,0
9712,Pueblo+de+b%C3%A1rbaros,571,426,0,165,0
9713,Pueblo+de+bonificaci%C3%B3n,559,588,0,168,2
9714,Pueblo+de+bonificaci%C3%B3n,567,581,0,149,2
9715,Pueblo+de+b%C3%A1rbaros,572,424,0,86,0
9716,Pueblo+de+bonificaci%C3%B3n,396,512,0,151,5
9717,Pueblo+de+bonificaci%C3%B3n,461,405,0,115,7
9718,pueblo+de+Espartacus,514,399,2055623,2315,0
9719,WP+03,555,416,2180297,341,7
9720,Pueblo+de+bonificaci%C3%B3n,441,418,0,220,8
9721,001,580,437,2134775,4153,0
9722,Pueblo+de+bonificaci%C3%B3n,447,590,0,198,5
9723,Pueblo+de+bonificaci%C3%B3n,422,570,0,163,9
9724,Pueblo+de+b%C3%A1rbaros,412,444,0,133,0
9725,Pueblo+de+b%C3%A1rbaros,539,403,0,218,0
9726,SG6,431,579,231570,249,8
9727,Pueblo+de+bonificaci%C3%B3n,567,422,0,150,6
9728,Pueblo+de+b%C3%A1rbaros,572,427,0,189,0
9729,Pueblo+de+bonificaci%C3%B3n,399,483,0,176,6
9730,Pueblo+de+bonificaci%C3%B3n,430,426,0,152,3
9731,Pueblo+de+b%C3%A1rbaros,445,584,0,446,0
9732,Pueblo+de+b%C3%A1rbaros,587,555,0,199,0
9733,Pueblo+de+bonificaci%C3%B3n,505,601,2137541,2551,4
9734,Pueblo+de+bonificaci%C3%B3n,531,600,0,170,9
9735,Pueblo+de+b%C3%A1rbaros,533,599,0,186,0
9736,Pueblo+de+b%C3%A1rbaros,536,403,0,209,0
9737,Pueblo+de+bonificaci%C3%B3n,510,600,2137541,292,3
9738,pueblo+de+Aaron008,544,409,2055242,1597,0
9739,Pueblo+de+b%C3%A1rbaros,600,516,0,140,0
9740,Pueblo+de+bonificaci%C3%B3n,522,402,0,155,2
9741,Pueblo+de+b%C3%A1rbaros,420,435,0,80,0
9742,Noble+B010,498,605,2123065,1088,0
9743,Pueblo+de+bonificaci%C3%B3n,589,445,0,177,1
9744,Pueblo+de+b%C3%A1rbaros,589,557,0,189,0
9745,Pueblo+de+b%C3%A1rbaros,545,591,0,171,0
9746,Pueblo+de+bonificaci%C3%B3n,548,589,0,191,4
9747,Laugh+Tale,443,414,2114867,4183,0
9748,002,416,562,2183251,581,9
9749,xPortelax,603,514,2184474,222,0
9750,Pueblo+de+b%C3%A1rbaros,436,416,0,205,0
9751,Pueblo+de+bonificaci%C3%B3n,578,430,0,206,4
9753,Pueblo+de+bonificaci%C3%B3n,559,587,0,150,7
9754,Pueblo+de+bonificaci%C3%B3n,603,521,0,174,6
9755,Lehenengoa,605,496,1262288,766,0
9756,Pueblo+de+b%C3%A1rbaros,571,423,0,222,0
9757,Pueblo+de+bonificaci%C3%B3n,530,600,0,181,3
9758,Imperio+MC,400,527,2178156,1670,0
9759,Pueblo+de+b%C3%A1rbaros,438,416,0,182,0
9760,Pueblo+de+bonificaci%C3%B3n,603,491,0,174,2
9761,018,440,583,23632,9191,5
9762,Pueblo+de+b%C3%A1rbaros,495,602,0,48,0
9763,Pueblo+de+b%C3%A1rbaros,588,557,0,138,0
9764,Pueblo+de+bonificaci%C3%B3n,604,482,0,176,9
9765,Pueblo+de+b%C3%A1rbaros,600,519,0,116,0
9766,Pueblo+de+bonificaci%C3%B3n,412,451,0,162,1
9767,Pueblo+de+bonificaci%C3%B3n,454,407,0,192,7
9769,Pueblo+de+b%C3%A1rbaros,397,501,0,173,0
9770,Pueblo+de+bonificaci%C3%B3n,581,567,0,179,6
9771,Pueblo+de+bonificaci%C3%B3n,521,602,0,173,7
9772,Pueblo+de+b%C3%A1rbaros,451,412,0,432,0
9773,Pueblo+de+bonificaci%C3%B3n,405,458,1922194,290,9
9774,Pueblo+de+b%C3%A1rbaros,473,601,0,60,0
9775,Pueblo+de+bonificaci%C3%B3n,601,520,0,239,5
9776,pueblo+de+tumarguce,601,485,531777,239,0
9777,Pueblo+de+bonificaci%C3%B3n,423,571,0,171,6
9778,000,416,561,2183251,3680,0
9779,Pueblo+de+b%C3%A1rbaros,449,411,2082469,448,0
9780,Pueblo+de+bonificaci%C3%B3n,400,515,0,182,5
9781,Pueblo+de+bonificaci%C3%B3n,596,536,0,142,4
9782,014,439,585,23632,11130,0
9783,Pueblo+de+b%C3%A1rbaros,569,575,0,144,0
9784,Pueblo+de+bonificaci%C3%B3n,580,432,0,119,9
9785,Pueblo+de+bonificaci%C3%B3n,412,556,0,134,2
9786,Pueblo+de+b%C3%A1rbaros,433,422,0,83,0
9787,Pueblo+de+bonificaci%C3%B3n,467,597,0,172,7
9788,Pueblo+de+bonificaci%C3%B3n,577,571,0,151,6
9789,01+DTY+Deltoya,548,591,287776,7077,0
9790,Norte%C3%B1o+IV,504,395,2032066,3361,6
9791,Pueblo+de+bonificaci%C3%B3n,603,503,0,130,3
9792,004.+Luks,603,484,537507,5179,0
9793,Pueblo+de+bonificaci%C3%B3n,470,400,0,220,1
9794,Pueblo+de+bonificaci%C3%B3n,598,462,0,194,2
9796,Valki+04,424,567,2084340,283,9
9797,Pueblo+de+bonificaci%C3%B3n,475,602,0,177,1
9798,002+CRAIOVA,600,524,2124935,3898,0
9799,Pueblo+de+bonificaci%C3%B3n,580,435,0,182,9
9800,BELOAGA,399,490,2144035,2230,8
9801,pueblo+de+buyas,461,555,2102822,2181,0
9802,Noble+0004,397,517,403419,3130,8
9803,M+A+R+T+E,474,601,2145225,4231,0
9804,Pueblo+de+b%C3%A1rbaros,424,572,0,157,0
9805,Pueblo+de+bonificaci%C3%B3n,539,406,0,153,4
9806,Pueblo+de+bonificaci%C3%B3n,587,552,0,143,3
9807,pueblo+de+jvise,471,399,2178602,3678,0
9808,Pueblo+de+bonificaci%C3%B3n,515,398,0,201,7
9809,pueblo+de+tazII,556,584,1403781,5299,0
9810,Pueblo+de+bonificaci%C3%B3n,447,587,0,181,3
9811,ccc,422,571,1731373,699,5
9812,pueblo+de+juank1000,490,601,2137541,4259,0
9813,Pueblo+de+bonificaci%C3%B3n,521,398,0,235,9
9814,01+-+Villarejo,403,537,2184395,1368,0
9815,Pueblo+de+bonificaci%C3%B3n,549,591,0,136,4
9816,pueblo+de+ericrm10,500,397,1473731,371,0
9817,Pueblo+de+bonificaci%C3%B3n,558,587,0,167,9
9818,Pueblo+de+b%C3%A1rbaros,575,573,0,97,0
9819,-+02+Aurrera+-,572,571,2132867,2773,2
9820,Pueblo+de+bonificaci%C3%B3n,451,408,0,186,4
9821,pueblo+de+aaglaee,540,414,1393257,1280,0
9822,Pueblo+de+bonificaci%C3%B3n,473,398,0,130,2
9824,014+-,396,487,1169034,823,5
9825,Pueblo+de+bonificaci%C3%B3n,576,432,0,201,2
9826,Pueblo+de+b%C3%A1rbaros,433,579,0,47,0
9827,03+Calma,558,588,1691132,693,8
9828,pueblo+de+Jackson+five,399,488,2184490,26,0
9829,Pueblo+de+b%C3%A1rbaros,455,593,0,134,0
9830,ccc,416,559,1731373,1283,1
9831,GUILGAMECHG,401,472,319658,1438,0
9832,Pueblo+de+hecks,405,463,2184431,1181,5
9833,cortijo+9,510,604,2133518,1562,6
9834,pueblo+de+lomadela,582,436,2175305,371,0
9835,Pueblo+de+b%C3%A1rbaros,438,419,0,134,0
9836,Pueblo+de+bonificaci%C3%B3n,410,547,0,149,1
9837,Pueblo+de+bonificaci%C3%B3n,403,460,0,219,5
9838,Pueblo+de+b%C3%A1rbaros,584,562,0,63,0
9839,Pueblo+de+bonificaci%C3%B3n,585,560,0,160,4
9840,-+05+Alaitasun+-,572,574,2132867,446,3
9841,Pueblo+de+b%C3%A1rbaros,524,602,0,81,0
9842,Pueblo+de+b%C3%A1rbaros,550,408,0,182,0
9843,Pueblo+de+bonificaci%C3%B3n,490,398,0,188,7
9844,Pueblo+de+bonificaci%C3%B3n,477,399,0,164,9
9845,villa,467,600,2172741,3860,0
9846,Pueblo+de+b%C3%A1rbaros,399,516,0,137,0
9847,Pueblo+de+bonificaci%C3%B3n,570,424,0,187,1
9848,Pueblo+de+bonificaci%C3%B3n,498,399,0,142,2
9849,Pueblo+de+b%C3%A1rbaros,469,401,0,59,0
9850,Pueblo+de+bonificaci%C3%B3n,595,466,0,180,7
9851,Pueblo+de+b%C3%A1rbaros,488,605,0,208,0
9852,Pueblo+de+bonificaci%C3%B3n,538,598,0,108,6
9853,Mikha%27el,434,579,1224118,3952,0
9854,Pueblo+de+b%C3%A1rbaros,564,420,0,141,0
9855,Tower+031,452,410,2082469,2223,9
9856,Pueblo+de+b%C3%A1rbaros,429,427,0,63,0
9857,bbb,596,467,1743028,1072,1
9858,Pueblo+de+bonificaci%C3%B3n,431,574,0,187,2
9860,Pueblo+de+bonificaci%C3%B3n,404,541,0,167,1
9861,Pueblo+de+bonificaci%C3%B3n,601,527,2133408,289,9
9863,Pueblo+de+b%C3%A1rbaros,517,601,0,158,0
9864,Pueblo+de+bonificaci%C3%B3n,396,484,0,209,1
9865,Pueblo+de+b%C3%A1rbaros,556,416,0,51,0
9866,Pueblo+de+bonificaci%C3%B3n,411,449,0,158,1
9867,0727,557,585,2184496,3009,0
9868,Pueblo+de+b%C3%A1rbaros,601,513,0,132,0
9869,Pueblo+de+bonificaci%C3%B3n,423,432,0,136,6
9870,ccc,420,564,1731373,2757,8
9871,Pueblo+de+b%C3%A1rbaros,398,530,0,56,0
9872,Pueblo+de+bonificaci%C3%B3n,525,398,0,172,1
9873,Pueblo+de+b%C3%A1rbaros,578,432,0,55,0
9874,Pueblo+de+b%C3%A1rbaros,600,481,0,162,0
9875,Pueblo+de+bonificaci%C3%B3n,586,558,0,154,7
9876,pueblo+de+SebaMPX,527,600,2184498,2099,0
9877,Pueblo+de+bonificaci%C3%B3n,585,559,967045,264,4
9878,Pueblo+de+bonificaci%C3%B3n,428,422,0,213,6
9880,Pueblo+de+bonificaci%C3%B3n,573,573,0,236,9
9881,pueblo+de+claudiah,408,447,2955,110,0
9882,Saw-a,570,577,2184458,520,4
9883,Pueblo+de+Balu.,553,587,2184500,995,0
9884,Pueblo+de+b%C3%A1rbaros,546,405,0,206,0
9885,Pueblo+de+bonificaci%C3%B3n,566,582,0,194,9
9886,Maki+non,564,580,2126414,4425,0
9887,Pueblo+de+b%C3%A1rbaros,466,399,0,174,0
9888,cortijo+3,508,603,2133518,2248,5
9889,Pueblo+de+bonificaci%C3%B3n,593,547,0,171,2
9890,pueblo+de+Like+the+Beatz,509,396,2136353,26,0
9891,Pueblo+de+bonificaci%C3%B3n,489,398,0,178,4
9892,Pueblo+de+bonificaci%C3%B3n,406,543,0,160,8
9893,Pueblo+de+b%C3%A1rbaros,457,403,0,164,0
9894,Pueblo+de+bonificaci%C3%B3n,410,449,0,163,6
9895,Pueblo+de+bonificaci%C3%B3n,528,602,0,124,6
9896,Pueblo+de+b%C3%A1rbaros,404,537,0,179,0
9897,029,442,588,23632,499,9
9898,WRC,404,542,2184401,2184,0
9899,Pueblo+de+bonificaci%C3%B3n,425,574,0,210,2
9900,Pueblo+de+bonificaci%C3%B3n,557,587,1403781,407,6
9901,Pueblo+de+b%C3%A1rbaros,597,469,0,75,0
9902,Pueblo+de+bonificaci%C3%B3n,504,603,2137541,2113,2
9903,pueblo+de+PAPOTICO,582,563,2184503,551,0
9904,Pueblo+de+bonificaci%C3%B3n,413,440,0,137,6
9905,Pueblo+de+b%C3%A1rbaros,421,570,0,112,0
9906,Pueblo+de+b%C3%A1rbaros,602,525,0,189,0
9907,Pueblo+de+bonificaci%C3%B3n,606,491,0,108,7
9908,pueblo+de+ivangtz,400,532,2177589,26,0
9909,Pueblo+de+b%C3%A1rbaros,452,408,0,172,0
9910,038+GROCC,605,513,2133408,1787,4
9911,006.+Luks,600,477,537507,3744,0
9912,Pueblo+de+bonificaci%C3%B3n,550,591,0,220,7
9913,Demoni+022,424,430,2067012,4283,2
9914,pueblo+de+asda,494,605,190983,315,0
9915,Pueblo+de+bonificaci%C3%B3n,404,533,0,143,8
9916,Pueblo+de+bonificaci%C3%B3n,535,401,0,182,7
9917,Pueblo+de+b%C3%A1rbaros,598,470,0,37,0
9918,Pueblo+de+b%C3%A1rbaros,455,404,0,202,0
9919,019-Probando,438,420,1317137,1789,3
9920,Pueblo+de+b%C3%A1rbaros,446,410,0,90,0
9921,Pueblo+de+b%C3%A1rbaros,597,533,0,140,0
9922,005,582,441,2134775,4354,8
9923,TU+PESADILLA+8,543,595,2144281,4216,0
9924,Pueblo+de+bonificaci%C3%B3n,575,575,0,162,6
9925,pueblo+de+tetobleach,460,596,425237,81,0
9926,Pueblo+de+bonificaci%C3%B3n,444,415,0,114,3
9927,Pueblo+de+bonificaci%C3%B3n,417,438,0,157,5
9928,pueblo+de+SIR+HALCON,462,404,2179460,3183,0
9929,Pueblo+de+bonificaci%C3%B3n,547,408,0,155,9
9930,pueblo+de+aphanius,585,445,1823534,1867,0
9931,Pueblo+de+bonificaci%C3%B3n,598,542,0,157,5
9932,Antrax,423,573,2184508,4318,0
9933,Pueblo+de+b%C3%A1rbaros,445,586,0,126,0
9934,Pueblo+de+bonificaci%C3%B3n,563,581,0,140,2
9935,Pueblo+de+bonificaci%C3%B3n,394,487,0,238,6
9936,pueblo+de+Aduztu,599,465,2184509,26,0
9937,009+-+Smallville,590,548,2177858,281,5
9938,Pueblo+de+bonificaci%C3%B3n,414,443,0,182,3
9939,Pueblo+de+b%C3%A1rbaros,396,510,0,81,0
9940,Pueblo+de+bonificaci%C3%B3n,473,397,0,147,7
9941,Maldito2%21%21,455,595,10005,2939,0
9942,Pueblo+de+b%C3%A1rbaros,409,556,0,140,0
9943,Pueblo+de+bonificaci%C3%B3n,581,566,2173075,1394,8
9944,thoron02,407,449,2122320,189,7
9945,pueblo+de+PPBanker,446,591,2184052,559,0
9946,Pueblo+de+b%C3%A1rbaros,555,409,0,171,0
9947,Pueblo+de+bonificaci%C3%B3n,450,588,0,191,6
9948,E.M,498,395,412476,3139,0
9949,Pueblo+de+b%C3%A1rbaros,470,597,0,191,0
9950,Pueblo+de+bonificaci%C3%B3n,497,604,2137541,4732,8
9951,Pueblo+de+b%C3%A1rbaros,406,455,0,162,0
9952,Pueblo+de+b%C3%A1rbaros,472,398,0,182,0
9953,Pueblo+de+bonificaci%C3%B3n,452,407,0,155,9
9954,Pueblo+de+bonificaci%C3%B3n,395,488,0,93,2
9955,pueblo+de+Yeiico360,576,573,2025474,2939,0
9956,Pueblo+de+b%C3%A1rbaros,558,413,0,137,0
9957,Pueblo+de+bonificaci%C3%B3n,594,459,0,191,4
9958,Pueblo+de+bonificaci%C3%B3n,566,419,0,157,2
9959,pueblo+de+gaby82,394,503,2120413,927,0
9960,Distancia+%3A%29+02,509,394,2031095,2210,4
9961,Pueblo+de+b%C3%A1rbaros,547,407,0,144,0
9962,Pueblo+de+bonificaci%C3%B3n,454,405,0,179,7
9963,049B,439,581,2021767,497,0
9964,Pueblo+de+b%C3%A1rbaros,417,440,0,91,0
9965,%5B004%5D+Rennala,603,519,2184517,292,5
9966,001+fenix,588,558,2172610,3297,0
9967,Pueblo+de+bonificaci%C3%B3n,605,485,0,135,4
9968,1......S.O.L.,461,598,1961435,6235,0
9969,Pueblo+de+b%C3%A1rbaros,520,397,0,162,0
9970,%5B002%5D+M%C3%A1rika,601,517,2184517,1022,3
9971,Pueblo+de+bonificaci%C3%B3n,477,604,0,179,4
9972,pueblo+de+castardo,430,422,848882,71,0
9973,Pueblo+de+b%C3%A1rbaros,481,400,0,147,0
9974,Pueblo+de+bonificaci%C3%B3n,586,560,0,88,9
9975,Pueblo+de+bonificaci%C3%B3n,599,460,0,140,2
9976,pueblo+de+sergioI,583,560,225760,326,0
9977,Tower+034,448,411,2082469,2217,5
9978,Pueblo+de+b%C3%A1rbaros,450,589,0,65,0
9979,Pueblo+de+b%C3%A1rbaros,431,425,0,100,0
9980,Pueblo+de+bonificaci%C3%B3n,602,481,0,150,7
9981,pueblo+de+david84,489,604,2144772,611,0
9982,Pueblo+de+b%C3%A1rbaros,601,525,0,157,0
9983,Pueblo+de+bonificaci%C3%B3n,485,602,0,137,2
9984,Demoni+021,423,429,2067012,4424,8
9985,pueblo+de+lurio,423,431,273641,161,0
9986,Norte%C3%B1o+VIII,500,396,2032066,777,2
9987,pueblo+de+ignasi33,394,496,2102165,3330,0
9988,Pueblo+de+bonificaci%C3%B3n,599,537,0,196,8
9989,Pueblo+de+bonificaci%C3%B3n,571,421,0,154,3
9990,pueblo+de+WilkSamotnik,402,541,2184514,87,0
9991,Pueblo+de+b%C3%A1rbaros,395,514,0,141,0
9992,0713,558,586,2184496,405,2
9993,inferno,570,421,2184515,2030,0
9994,Pueblo+de+b%C3%A1rbaros,495,603,0,138,0
9995,Pueblo+de+bonificaci%C3%B3n,456,595,0,160,4
9996,Nuevo+Suances,397,511,2184516,3040,0
9997,Pueblo+de+b%C3%A1rbaros,430,424,0,132,0
9998,Pueblo+de+bonificaci%C3%B3n,584,440,0,161,1
9999,no+name,582,565,7672,2783,0
10000,Pueblo+de+b%C3%A1rbaros,599,470,0,147,0
10001,Pueblo+de+bonificaci%C3%B3n,563,414,0,189,9
10002,Pueblo+de+bonificaci%C3%B3n,415,444,0,162,3
10003,pueblo+de+laiallorens,445,414,1822996,1301,0
10004,Pueblo+de+bonificaci%C3%B3n,559,416,0,188,5
10005,Pueblo+de+b%C3%A1rbaros,578,434,0,54,0
10006,Pueblo+de+bonificaci%C3%B3n,407,549,0,210,7
10007,Pueblo+de+b%C3%A1rbaros,598,536,0,71,0
10008,003,530,403,2184423,183,5
10009,pueblo+de+ErNano,604,492,2143609,2167,0
10010,Pueblo+de+b%C3%A1rbaros,508,397,0,160,0
10011,Noble,519,399,1657363,155,1
10012,017-Probando,437,420,1317137,1842,1
10013,pueblo+de+ladies,423,449,56303,580,0
10014,Pueblo+de+bonificaci%C3%B3n,527,398,2184447,290,2
10015,Pueblo+de+bonificaci%C3%B3n,513,602,0,187,7
10016,%5B001%5D+Godfrey,602,517,2184517,4336,0
10017,Pueblo+de+b%C3%A1rbaros,492,602,2137541,2740,0
10018,Pueblo+de+bonificaci%C3%B3n,598,535,0,166,1
10019,Pueblo+de+bonificaci%C3%B3n,469,601,0,144,9
10020,Y+si+hacemos+un+juguete%3F%3F%3F%3F,583,550,1519293,4413,0
10021,Pueblo+de+bonificaci%C3%B3n,408,549,0,196,9
10022,Pueblo+de+hecks,403,463,2184431,709,7
10023,Pueblo+de+b%C3%A1rbaros,528,598,0,49,0
10024,Pueblo+de+bonificaci%C3%B3n,540,599,0,109,4
10025,solo+banderas,402,470,2173977,910,0
10026,Pueblo+de+b%C3%A1rbaros,597,538,0,164,0
10027,039B,436,583,2021767,1160,3
10029,Pueblo+de+bonificaci%C3%B3n,520,398,0,129,3
10030,pueblo+de+luis+fuerza,594,546,234134,62,0
10031,Pueblo+de+b%C3%A1rbaros,524,396,0,181,0
10032,Pueblo+de+bonificaci%C3%B3n,463,404,0,165,6
10033,Pueblo+de+bonificaci%C3%B3n,548,406,0,169,6
10034,pueblo+de+Rey+Mavi,409,553,2142481,2766,0
10035,Pueblo+de+b%C3%A1rbaros,591,452,0,188,0
10036,Pueblo+de+bonificaci%C3%B3n,603,472,0,145,6
10037,Pueblo+de+bonificaci%C3%B3n,395,480,0,166,3
10038,pueblo+de+Ainara,431,423,2177331,2442,0
10039,Pueblo+de+b%C3%A1rbaros,560,584,0,178,0
10040,Noble+B013,504,607,2123065,1058,1
10041,TATOX+01,571,574,1894074,2786,6
10042,pueblo+de+Polizzia,445,591,2181807,2907,0
10043,012+GROCC,606,513,2133408,6753,8
10044,Pueblo+de+bonificaci%C3%B3n,408,553,0,167,4
10045,pueblo+de+Mic+Mic,400,478,2132109,2135,0
10046,Agaete,400,533,2183126,4837,0
10047,Pueblo+de+bonificaci%C3%B3n,528,398,0,259,6
10048,pueblo+de+pepsi,478,400,2180087,2274,0
10049,Pueblo+de+b%C3%A1rbaros,517,400,0,151,0
10050,Pueblo+de+bonificaci%C3%B3n,599,532,0,159,4
10051,pueblo+de+The+Last+Of+Us,489,605,2132160,3091,0
10052,Pueblo+de+b%C3%A1rbaros,593,549,0,128,0
10053,Pueblo+de+bonificaci%C3%B3n,543,593,0,168,7
10054,Pueblo+de+bonificaci%C3%B3n,443,411,0,138,9
10055,pueblo+de+GrimEcho,433,580,2177721,3074,0
10056,Pueblo+de+b%C3%A1rbaros,424,571,0,150,0
10057,Pueblo+de+bonificaci%C3%B3n,394,489,0,195,1
10058,Argentown,539,597,2171625,882,0
10059,Pueblo+de+b%C3%A1rbaros,532,400,0,150,0
10060,Pueblo+de+bonificaci%C3%B3n,601,532,0,134,9
10061,Pueblo+de+b%C3%A1rbaros,554,592,0,44,0
10062,Pueblo+de+bonificaci%C3%B3n,554,591,0,127,3
10063,Pueblo+de+bonificaci%C3%B3n,481,395,0,138,2
10064,Pueblo+de+b%C3%A1rbaros,545,594,0,69,0
10065,Pueblo+de+bonificaci%C3%B3n,397,502,0,109,4
10066,Pueblo+de+bonificaci%C3%B3n,587,441,0,97,1
10067,%5B002%5D+Cavalon,397,477,70237,251,0
10068,Pueblo+de+b%C3%A1rbaros,411,552,0,150,0
10069,Pueblo+de+bonificaci%C3%B3n,526,603,0,185,7
10070,03+betolandia,402,527,2184174,1199,0
10071,Pueblo+de+b%C3%A1rbaros,529,399,0,113,0
10072,Pueblo+de+bonificaci%C3%B3n,564,418,0,170,5
10073,030,443,586,23632,470,4
10074,Pueblo+de+b%C3%A1rbaros,458,406,0,71,0
10075,Pueblo+de+bonificaci%C3%B3n,601,466,0,123,9
10076,Pueblo+de+b%C3%A1rbaros,403,458,0,45,0
10077,Pueblo+de+b%C3%A1rbaros,495,395,0,141,0
10078,017,441,584,23632,4921,4
10079,Pueblo+de+karen,432,578,1998385,1004,1
10080,Pueblo+de+b%C3%A1rbaros,404,544,0,238,0
10081,Pueblo+de+bonificaci%C3%B3n,434,584,1587053,149,4
10082,Noble+0007,395,518,403419,3623,0
10083,024-Probando,440,413,1317137,170,4
10084,Maik047,398,479,2084332,305,4
10085,ROMA,415,441,262910,2152,0
10086,Norte%C3%B1o+V,506,396,2032066,3209,9
10087,Menta,569,579,2073946,773,5
10088,pueblo+de+aranchacelia,494,396,2009697,5407,0
10089,Pueblo+de+bonificaci%C3%B3n,526,599,0,129,8
10090,Pueblo+de+bonificaci%C3%B3n,599,531,0,163,7
10091,pueblo+de,418,438,2184522,1208,0
10092,Pueblo+de+b%C3%A1rbaros,396,516,0,156,0
10093,Pueblo+de+bonificaci%C3%B3n,439,415,0,223,6
10094,Vila+Nova+de+Gaia,592,451,2133178,188,0
10095,Pueblo+de+b%C3%A1rbaros,540,401,0,126,0
10096,Demoni+029,430,425,2067012,180,4
10097,04.Blindado,573,425,2184223,480,5
10098,Balak,395,493,1836199,7693,0
10099,Pueblo+de+bonificaci%C3%B3n,595,455,0,131,3
10100,pueblo+de+ChristianSebas,402,467,419858,731,0
10101,Pueblo+de+b%C3%A1rbaros,426,571,0,156,0
10102,Pueblo+de+bonificaci%C3%B3n,558,410,0,127,5
10103,pps,509,606,2125070,612,0
10104,Pueblo+de+bonificaci%C3%B3n,421,432,0,116,1
10105,Pueblo+de+bonificaci%C3%B3n,464,597,0,112,3
10106,ISABA,395,484,2144035,1934,0
10107,Pueblo+de+b%C3%A1rbaros,475,604,0,151,0
10108,Pueblo+de+bonificaci%C3%B3n,605,509,0,181,1
10109,OLIMPO+DE+ZEUS,549,526,2184523,1124,0
10110,Pueblo+de+bonificaci%C3%B3n,468,400,0,110,4
10111,pueblo+de+Etosamot,592,456,258443,3869,0
10112,Pueblo+de+b%C3%A1rbaros,415,561,0,185,0
10113,015+solovisa,431,418,2071214,164,7
10114,022,410,452,2121007,1437,4
10115,leon,486,603,2140233,3094,0
10116,012+-,395,490,1169034,2631,8
10117,Pueblo+de+bonificaci%C3%B3n,562,583,0,170,2
10118,Reberlin+I,582,558,2176707,2519,0
10119,Pueblo+de+b%C3%A1rbaros,600,466,0,172,0
10120,Pueblo+de+bonificaci%C3%B3n,431,421,0,172,7
10121,008.-+Braavos,476,397,1515545,2152,8
10122,pueblo+de+astro168,398,473,2184524,90,0
10123,Pueblo+de+b%C3%A1rbaros,574,425,0,133,0
10124,003+Yalahar,585,442,2181789,2666,8
10125,aaa,597,466,1743028,5180,0
10126,demoni+019,422,430,2067012,4736,8
10127,Pueblo+de+bonificaci%C3%B3n,439,586,2184479,940,4
10128,Pueblo+de+b%C3%A1rbaros,535,597,0,48,0
10129,Pueblo+de+bonificaci%C3%B3n,578,571,0,148,1
10130,Pueblo+de+bonificaci%C3%B3n,605,503,0,189,6
10131,pueblo+de+Drox,493,395,2177722,2442,0
10132,Pueblo+de+b%C3%A1rbaros,397,495,0,133,0
10133,Pueblo+de+bonificaci%C3%B3n,431,422,0,237,1
10134,Pueblo+de+bonificaci%C3%B3n,534,598,0,187,1
10135,Pueblo+de+b%C3%A1rbaros,605,486,0,42,0
10136,A012+%7E+Jet+Gatling,599,466,1783178,981,5
10137,Pueblo+de+b%C3%A1rbaros,524,604,0,44,0
10138,Pueblo+de+bonificaci%C3%B3n,452,406,0,155,3
10139,Wano,444,413,2114867,744,6
10140,Pueblo+de+b%C3%A1rbaros,473,399,0,337,0
10141,Pueblo+de+b%C3%A1rbaros,472,397,0,179,0
10142,Pueblo+de+bonificaci%C3%B3n,420,431,0,157,3
10143,Pueblo+de+bonificaci%C3%B3n,529,398,2090745,219,6
10144,%5B001%5D+Ascalon,397,478,70237,7264,0
10145,Pueblo+de+b%C3%A1rbaros,396,478,0,126,0
10146,Pueblo+de+bonificaci%C3%B3n,585,435,0,193,3
10147,Pueblo+de+bonificaci%C3%B3n,520,399,0,155,9
10148,NeGrOCunCa,416,433,2129889,3775,0
10149,Pueblo+de+b%C3%A1rbaros,456,405,0,189,0
10150,015.+ABUS,397,471,2058795,323,3
10151,Pueblo+de+bonificaci%C3%B3n,542,403,0,138,3
10152,001+CRAIOVA,604,525,2124935,6543,0
10153,Pueblo+de+b%C3%A1rbaros,418,562,0,175,0
10154,Pueblo+de+bonificaci%C3%B3n,603,525,0,158,1
10155,STONES,401,530,9312,1803,0
10156,ccc,417,568,1731373,1421,8
10157,pueblo+de+alvaro,411,441,2138771,287,0
10158,Pueblo+de+bonificaci%C3%B3n,536,402,0,183,2
10159,Pueblo+de+bonificaci%C3%B3n,542,402,0,93,2
10160,pueblo+de+Quaterback,529,446,4675,30,0
10161,Pueblo+de+b%C3%A1rbaros,483,602,0,173,0
10162,Pueblo+de+bonificaci%C3%B3n,492,395,0,217,2
10163,Pueblo+de+bonificaci%C3%B3n,603,509,0,93,4
10164,Pueblo+de+b%C3%A1rbaros,513,605,0,144,0
10165,Pueblo+de+bonificaci%C3%B3n,542,596,0,147,3
10167,Pueblo+de+b%C3%A1rbaros,482,602,0,137,0
10168,Pueblo+de+bonificaci%C3%B3n,401,463,0,170,3
10169,Pueblo+de+bonificaci%C3%B3n,469,602,0,134,2
10170,%2A1P%2A,518,604,2184526,4490,0
10171,Pueblo+de+bonificaci%C3%B3n,607,504,0,140,2
10172,Pueblo+de+bonificaci%C3%B3n,602,521,0,140,6
10173,pueblo+de+Torpe14Mota,399,525,2145492,1658,0
10174,Pueblo+de+bonificaci%C3%B3n,410,553,0,155,9
10175,pueblo+de+anto9624,508,605,2177166,26,0
10176,Pueblo+de+bonificaci%C3%B3n,460,401,0,133,1
10177,011+-,395,489,1169034,3020,8
10178,Barcelona,603,516,2172891,1334,0
10179,008-Probando,433,418,1317137,5291,8
10180,Pueblo+de+b%C3%A1rbaros,393,493,2102165,673,0
10181,Pueblo+de+bonificaci%C3%B3n,409,445,0,129,4
10182,Mikha%27el,435,580,1224118,340,2
10183,Pueblo+de+b%C3%A1rbaros,413,555,0,216,0
10184,Pueblo+de+b%C3%A1rbaros,396,496,0,148,0
10185,Pueblo+de+bonificaci%C3%B3n,443,590,0,149,3
10186,pueblo+de+miguelmarques777,578,569,2177606,1443,0
10187,Pueblo+de+bonificaci%C3%B3n,593,545,0,158,7
10188,Pueblo+de+bonificaci%C3%B3n,551,408,0,130,1
10189,Galdar,401,533,2183126,8099,0
10190,Pueblo+de+bonificaci%C3%B3n,472,600,0,152,4
10191,Pueblo+de+bonificaci%C3%B3n,497,603,2137541,5177,8
10192,Pueblo+de+b%C3%A1rbaros,424,427,0,80,0
10193,Pueblo+de+b%C3%A1rbaros,560,586,0,147,0
10194,Pueblo+de+bonificaci%C3%B3n,422,428,0,141,5
10195,IVAN,602,476,812287,2690,0
10196,Pueblo+de+b%C3%A1rbaros,554,407,0,179,0
10197,Norte%C3%B1o,505,397,2032066,4197,7
10198,pueblo+de+Invitado184528,552,406,2184528,179,0
10199,Pueblo+de+b%C3%A1rbaros,518,394,0,137,0
10200,Pueblo+de+bonificaci%C3%B3n,575,424,0,128,5
10201,Pueblo+de+b%C3%A1rbaros,586,437,0,51,0
10202,Pueblo+de+b%C3%A1rbaros,593,449,0,104,0
10203,Pueblo+de+bonificaci%C3%B3n,445,590,0,157,1
10204,Pueblo+de+b%C3%A1rbaros,401,539,0,158,0
10205,Pueblo+de+bonificaci%C3%B3n,537,403,0,118,2
10206,pueblo+de+albertomc,400,524,2178156,4417,0
10207,Pueblo+de+bonificaci%C3%B3n,597,543,0,165,7
10209,Pueblo+de+b%C3%A1rbaros,407,547,0,145,0
10210,Pueblo+de+bonificaci%C3%B3n,466,601,2172741,636,3
10211,Pueblo+de+b%C3%A1rbaros,532,598,0,76,0
10212,Pueblo+de+b%C3%A1rbaros,479,603,0,136,0
10213,Pueblo+de+bonificaci%C3%B3n,596,455,0,139,6
10214,Pueblo+de+bonificaci%C3%B3n,528,603,0,207,9
10215,pueblo+de+Aztecas.Mexico,402,464,2184530,70,0
10216,Pueblo+de+bonificaci%C3%B3n,475,396,0,134,8
10217,Cafe,561,584,2073946,583,5
10219,Pueblo+de+b%C3%A1rbaros,602,474,0,140,0
10220,Pueblo+de+bonificaci%C3%B3n,593,446,0,148,1
10221,Pueblo+de+bonificaci%C3%B3n,599,473,0,125,2
10222,pueblo+de+XDIUX,505,513,2182610,2041,0
10223,Pueblo+de+bonificaci%C3%B3n,408,554,0,117,7
10224,0014,444,591,1344475,1428,4
10225,Zyra,577,525,2184332,4444,0
10226,Pueblo+de+b%C3%A1rbaros,419,567,0,144,0
10227,Pueblo+de+bonificaci%C3%B3n,404,457,0,115,2
10228,Pueblo+de+bonificaci%C3%B3n,441,587,2184479,81,2
10229,boby13,556,413,2184532,173,0
10230,Pueblo+de+b%C3%A1rbaros,546,592,0,165,0
10231,Pueblo+de+bonificaci%C3%B3n,485,398,380208,745,1
10232,Pueblo+de+bonificaci%C3%B3n,463,402,0,208,8
10233,Chekejode,586,561,1551180,4481,0
10234,Pueblo+de+b%C3%A1rbaros,604,491,0,122,0
10235,Pueblo+de+bonificaci%C3%B3n,402,466,2058795,179,2
10236,Pueblo+de+bonificaci%C3%B3n,605,491,0,159,2
10237,pueblo+de+elfukingallego,598,538,2181522,26,0
10238,Pueblo+de+bonificaci%C3%B3n,491,395,0,124,7
10239,Fakto,544,521,2180620,980,0
10240,Pueblo+de+b%C3%A1rbaros,470,401,0,181,0
10241,Pueblo+de+bonificaci%C3%B3n,396,524,0,141,2
10242,Pueblo+de+bonificaci%C3%B3n,485,606,0,146,2
10243,Pueblo+de+b%C3%A1rbaros,405,544,0,166,0
10244,Pueblo+de+bonificaci%C3%B3n,587,562,0,130,7
10245,02+DTY+Deltoya,549,593,287776,2637,8
10246,Pueblo+de+b%C3%A1rbaros,491,605,0,192,0
10247,Pueblo+de+b%C3%A1rbaros,582,564,0,124,0
10248,Pueblo+de+bonificaci%C3%B3n,477,605,0,155,4
10249,Noble+B018,506,605,2123065,1120,9
10250,pueblo+de+LEONARDO1175,566,585,1108466,1269,0
10251,Pueblo+de+b%C3%A1rbaros,394,499,0,180,0
10252,Pueblo+de+bonificaci%C3%B3n,513,394,0,157,1
10253,pueblo+de+Tony06,466,597,2096765,3313,0
10254,Pueblo+de+bonificaci%C3%B3n,535,403,0,174,6
10255,040B,436,584,2021767,1106,2
10256,Pueblo+de+b%C3%A1rbaros,596,546,0,47,0
10257,Pueblo+de+bonificaci%C3%B3n,599,541,0,160,8
10258,Pueblo+de+b%C3%A1rbaros,405,546,0,46,0
10259,Pueblo+de+bonificaci%C3%B3n,603,497,0,118,1
10260,Pueblo+de+b%C3%A1rbaros,499,393,0,39,0
10261,Pueblo+de+bonificaci%C3%B3n,393,490,0,171,6
10262,031,442,587,23632,369,9
10263,Seldor+el+conquistador,562,415,2184533,1371,0
10264,Pueblo+de+bonificaci%C3%B3n,427,574,0,174,5
10268,pueblo+de+guest88,599,458,2129948,5034,0
10269,Medell%C3%ADn,400,530,2183126,2609,8
10270,pueblo+de+Martinlapiedra,561,586,13667,26,0
10271,Pueblo+de+b%C3%A1rbaros,593,447,0,138,0
10272,Pueblo+de+bonificaci%C3%B3n,494,604,2137541,979,1
10273,Pueblo+de+bonificaci%C3%B3n,527,605,0,171,5
10274,Pueblo+de+b%C3%A1rbaros,522,399,0,55,0
10275,Pueblo+de+b%C3%A1rbaros,585,564,0,148,0
10276,Pueblo+de+bonificaci%C3%B3n,604,474,0,154,7
10277,Pueblo+de+bonificaci%C3%B3n,400,466,0,144,7
10278,pueblo+de+Abate,489,396,2133413,4065,0
10279,Pueblo+de+b%C3%A1rbaros,490,604,0,164,0
10280,Pueblo+de+bonificaci%C3%B3n,497,393,0,158,5
10281,Pueblo+de+bonificaci%C3%B3n,443,591,0,109,1
10282,pueblo+de+Pacheka7,498,401,2184535,4192,0
10283,Pueblo+de+b%C3%A1rbaros,516,394,0,109,0
10284,Noble+0003,394,518,403419,5025,8
10285,Pueblo+de+bonificaci%C3%B3n,470,398,0,140,2
10286,pueblo+de+Josep10,422,573,2180091,2766,0
10287,Pueblo+de+b%C3%A1rbaros,406,454,0,170,0
10288,Pueblo+de+bonificaci%C3%B3n,580,433,0,123,1
10289,Pueblo+de+b%C3%A1rbaros,606,514,0,76,0
10290,Pueblo+de+b%C3%A1rbaros,582,566,0,177,0
10291,Pueblo+de+bonificaci%C3%B3n,601,479,0,128,3
10292,012-Probando,433,419,1317137,3960,9
10293,pueblo+de+caballero+guerrillero,421,451,1316596,283,0
10294,Pueblo+de+bonificaci%C3%B3n,491,397,0,171,7
10295,Pueblo+de+b%C3%A1rbaros,607,483,0,51,0
10296,Noble+B021,499,607,2123065,911,6
10297,Ray.,444,432,2096974,3134,0
10298,Pueblo+de+bonificaci%C3%B3n,409,554,0,175,1
10299,004.-+Dorne,476,396,1515545,3775,8
10300,ARA+FRAGATA+GRAL+BELGRANO,422,427,951401,3377,0
10301,Pueblo+de+bonificaci%C3%B3n,496,603,2137541,566,2
10302,Pueblo+de+bonificaci%C3%B3n,500,394,0,159,9
10303,Degenerado,602,473,2184160,2745,0
10304,Pueblo+de+b%C3%A1rbaros,497,394,0,159,0
10305,Pueblo+de+bonificaci%C3%B3n,525,601,0,152,7
10306,Pueblo+de+bonificaci%C3%B3n,444,592,0,147,6
10307,K_001,574,578,2132406,4224,0
10308,Pueblo+de+bonificaci%C3%B3n,428,576,0,156,9
10309,Pueblo+de+bonificaci%C3%B3n,462,399,0,167,6
10310,Pueblo+de+b%C3%A1rbaros,415,437,0,78,0
10311,Pueblo+de+b%C3%A1rbaros,458,405,0,140,0
10312,Pueblo+de+bonificaci%C3%B3n,607,517,0,149,2
10313,pueblo+de+Ernestom,602,468,2178475,3548,0
10314,Pueblo+de+b%C3%A1rbaros,416,435,0,189,0
10315,Pueblo+de+bonificaci%C3%B3n,594,449,0,119,6
10316,Pueblo+de+b%C3%A1rbaros,482,606,0,186,0
10317,Pueblo+de+bonificaci%C3%B3n,408,555,0,127,2
10318,Pueblo+de+bonificaci%C3%B3n,398,515,0,168,5
10319,PARAGUAY,589,442,2179326,1165,0
10320,Pueblo+de+b%C3%A1rbaros,589,441,0,159,0
10321,Pueblo+de+bonificaci%C3%B3n,509,395,0,87,1
10322,Pueblo+de+bonificaci%C3%B3n,401,461,0,106,2
10323,pueblo+de+MMansillaLF,426,475,193545,3734,0
10324,Pueblo+de+bonificaci%C3%B3n,474,400,0,152,8
10325,-0006,608,499,2009293,2641,0
10326,Pueblo+de+b%C3%A1rbaros,442,589,0,187,0
10327,009+Caramelon,410,554,1233516,3965,8
10328,Pueblo+de+bonificaci%C3%B3n,603,493,0,118,9
10329,Mosc%C3%BA,544,505,2181688,3007,0
10330,011+peri,474,604,1863997,4697,8
10331,Pueblo+de+bonificaci%C3%B3n,523,399,0,181,1
10332,Pueblo+de+b%C3%A1rbaros,571,419,0,42,0
10333,Pueblo+de+b%C3%A1rbaros,523,605,0,130,0
10334,Pueblo+de+bonificaci%C3%B3n,544,594,0,143,4
10335,Pueblo+de+b%C3%A1rbaros,596,460,0,42,0
10336,Pueblo+de+b%C3%A1rbaros,569,583,0,108,0
10337,Pueblo+de+bonificaci%C3%B3n,574,575,1894074,294,6
10338,EL+DE+ZoILo,432,418,2093749,1173,0
10339,Pueblo+de+b%C3%A1rbaros,491,604,0,189,0
10340,Pueblo+de+bonificaci%C3%B3n,460,402,0,147,6
10341,Pueblo+de+bonificaci%C3%B3n,565,417,0,170,6
10342,Pueblo+de+b%C3%A1rbaros,419,431,0,166,0
10343,Pueblo+de+bonificaci%C3%B3n,531,603,0,184,1
10344,pueblo+de+estallos,494,395,2004903,26,0
10345,Pueblo+de+b%C3%A1rbaros,607,508,0,146,0
10346,Pueblo+de+bonificaci%C3%B3n,430,577,0,152,2
10347,Pueblo+de+bonificaci%C3%B3n,428,424,0,134,1
10348,pueblo+de+killson,507,607,608533,1040,0
10349,cortijo+6,503,603,2133518,1876,5
10350,Pueblo+de+bonificaci%C3%B3n,588,556,967045,1106,1
10351,Pueblo+de+b%C3%A1rbaros,522,603,0,139,0
10352,Pueblo+de+bonificaci%C3%B3n,450,593,0,119,2
10353,pueblo+de+bala3D,424,456,1860047,419,0
10354,Pueblo+de+b%C3%A1rbaros,569,423,0,133,0
10355,Noble+B014,498,607,2123065,1120,3
10356,004,605,502,2174163,2732,0
10357,pueblo+de+kamka,606,520,1786798,3032,8
10358,Pueblo+de+bonificaci%C3%B3n,393,485,0,144,1
10359,Tarter,542,401,2180995,1198,0
10360,Pueblo+de+bonificaci%C3%B3n,574,426,0,114,6
10361,Pueblo+de+b%C3%A1rbaros,444,589,0,55,0
10362,Pueblo+de+bonificaci%C3%B3n,523,602,0,161,4
10363,Pueblo+de+b%C3%A1rbaros,428,575,0,64,0
10364,Pueblo+de+b%C3%A1rbaros,600,462,0,153,0
10365,Pueblo+de+bonificaci%C3%B3n,451,405,0,145,8
10366,pueblo+de+Iulius,588,438,89324,26,0
10367,Pueblo+de+b%C3%A1rbaros,597,463,0,181,0
10368,Pueblo+de+bonificaci%C3%B3n,478,397,0,125,9
10369,Pueblo+de+b%C3%A1rbaros,503,605,0,175,0
10370,Pueblo+de+b%C3%A1rbaros,524,395,0,135,0
10371,Pueblo+de+bonificaci%C3%B3n,435,415,0,97,8
10372,002+Qu%C3%A9date+Quieto,590,555,2172610,284,8
10373,pueblo+de+PrinceNoob,393,514,1369420,26,0
10374,Pueblo+de+bonificaci%C3%B3n,587,436,0,121,6
10375,Pueblo+de+bonificaci%C3%B3n,513,603,0,120,6
10376,Pueblo+de+b%C3%A1rbaros,472,395,0,41,0
10377,Pueblo+de+b%C3%A1rbaros,605,521,0,151,0
10378,013+Peri,476,603,1863997,1638,5
10379,Pueblo+de+b%C3%A1rbaros,431,419,0,36,0
10380,Pueblo+de+bonificaci%C3%B3n,573,423,0,205,6
10381,pueblo+de+jjert,599,543,781658,26,0
10382,Pueblo+de+b%C3%A1rbaros,455,594,0,111,0
10383,Pueblo+de+bonificaci%C3%B3n,587,559,0,128,7
10384,01.Blindado,572,425,2184223,4160,0
10385,Pueblo+de+bonificaci%C3%B3n,601,467,0,122,7
10386,Pueblo+de+b%C3%A1rbaros,452,592,0,96,0
10387,Pueblo+de+bonificaci%C3%B3n,399,529,0,141,9
10388,pueblo+de+tARANTULO,553,593,2071342,758,0
10389,Pueblo+de+bonificaci%C3%B3n,541,599,0,196,1
10390,Pueblo+de+b%C3%A1rbaros,504,604,0,145,0
10391,002+OrDeN+-,514,392,1173977,480,5
10392,002,405,449,2045759,5098,0
10393,Pueblo+de+bonificaci%C3%B3n,600,469,0,119,3
10394,Pueblo+de+bonificaci%C3%B3n,586,564,0,122,5
10395,Pueblo+de+b%C3%A1rbaros,523,604,0,180,0
10396,Pueblo+de+bonificaci%C3%B3n,558,414,0,162,1
10397,Pueblo+de+bonificaci%C3%B3n,604,488,0,100,6
10398,Pueblo+de+b%C3%A1rbaros,407,555,0,28,0
10399,Pueblo+de+bonificaci%C3%B3n,537,602,0,127,5
10400,Pueblo+de+bonificaci%C3%B3n,603,513,0,152,7
10401,Noble+0006,395,516,403419,3109,0
10402,Pueblo+de+bonificaci%C3%B3n,594,545,0,178,4
10403,Pueblo+de+b%C3%A1rbaros,519,607,0,123,0
10404,Pueblo+de+b%C3%A1rbaros,457,596,0,153,0
10405,Pueblo+de+bonificaci%C3%B3n,519,393,0,168,8
10406,001,427,575,2184541,2901,0
10407,Pueblo+de+b%C3%A1rbaros,598,458,0,133,0
10408,Pueblo+de+bonificaci%C3%B3n,450,591,0,140,9
10409,Puyuhuapi,542,515,1703257,2220,0
10410,Pueblo+de+b%C3%A1rbaros,405,547,0,135,0
10411,Pueblo+de+bonificaci%C3%B3n,429,582,0,125,7
10412,pueblo+de+Gladiador+ff,505,606,2134983,26,0
10413,Pueblo+de+b%C3%A1rbaros,529,397,0,97,0
10414,Pueblo+de+bonificaci%C3%B3n,396,497,0,167,4
10415,A024+%7E+Nika+Nika,607,486,1783178,4886,0
10416,Pueblo+de+b%C3%A1rbaros,427,422,0,164,0
10417,Pueblo+de+bonificaci%C3%B3n,449,408,0,117,3
10418,borinSec,398,476,820845,2719,0
10419,Pueblo+de+bonificaci%C3%B3n,435,586,0,137,6
10420,chale,413,480,2183486,5596,0
10421,Pueblo+de+bonificaci%C3%B3n,393,489,0,144,6
10423,Pueblo+de+b%C3%A1rbaros,572,578,0,127,0
10424,Pueblo+de+bonificaci%C3%B3n,452,595,0,144,4
10425,Norte%C3%B1o+III,502,395,2032066,3211,3
10427,demoni+031,426,426,2067012,147,4
10428,cortijo+10,512,605,2133518,1627,9
10429,pueblo+de+St+Aniol,458,450,2140679,84,0
10430,Pueblo+de+bonificaci%C3%B3n,491,607,0,103,9
10431,Peri+Z,465,602,28243,1542,5
10432,01+Tormenta,565,577,1691132,6336,0
10433,Pueblo+de+b%C3%A1rbaros,603,473,0,114,0
10434,Pueblo+de+bonificaci%C3%B3n,602,524,0,104,7
10435,Pueblo+de+bonificaci%C3%B3n,417,563,0,101,7
10436,pueblo+de+Cristi,495,393,2178074,2858,0
10437,Pueblo+de+bonificaci%C3%B3n,518,396,0,106,1
10438,pueblo+de+janet,503,393,2179794,2442,0
10439,036B,437,585,2021767,1287,6
10440,Pueblo+de+bonificaci%C3%B3n,570,579,0,153,3
10441,Azkaban,425,575,2184551,431,0
10442,Pueblo+de+bonificaci%C3%B3n,415,440,0,125,7
10443,Noble+B001,501,607,2123065,5108,8
10444,Pueblo+de+b%C3%A1rbaros,531,398,0,48,0
10445,Pueblo+de+bonificaci%C3%B3n,416,437,0,164,2
10446,oooohtia+AmeegoH+002,481,393,2051496,1966,5
10447,pueblo+de+kaeru,408,445,2183488,26,0
10448,Pueblo+de+b%C3%A1rbaros,552,593,0,199,0
10449,Pueblo+de+bonificaci%C3%B3n,598,464,0,86,7
10450,pueblo+de+xANUBISx,572,581,1967572,2075,0
10451,Pueblo+de+bonificaci%C3%B3n,606,488,0,134,7
10452,pueblo+de+Lord+Taken,513,604,2112797,1057,0
10453,Pueblo+de+b%C3%A1rbaros,413,558,0,121,0
10454,Pueblo+de+bonificaci%C3%B3n,564,585,0,101,6
10455,%3F%3F%3F,484,605,1766082,2972,0
10456,Pueblo+de+bonificaci%C3%B3n,466,598,0,103,6
10457,OLIVER+III,606,496,2070129,1666,0
10458,Pueblo+de+b%C3%A1rbaros,498,394,0,206,0
10459,Pueblo+de+bonificaci%C3%B3n,480,398,0,146,3
10460,cortijo+5,514,605,2133518,2133,4
10461,Pueblo+de+b%C3%A1rbaros,452,403,0,127,0
10462,Pueblo+de+b%C3%A1rbaros,402,454,0,105,0
10463,Amaiur,394,483,2144035,165,5
10464,Pueblo+de+bonificaci%C3%B3n,418,436,0,139,3
10465,Pueblo+de+b%C3%A1rbaros,591,449,0,76,0
10466,Pueblo+de+b%C3%A1rbaros,454,597,0,115,0
10467,Pueblo+de+bonificaci%C3%B3n,583,569,0,180,6
10468,Pueblo+de+bonificaci%C3%B3n,597,452,0,166,1
10469,%7C001%7C+ROMA,391,504,1903256,1217,0
10470,Rosario,398,535,2183126,617,5
10471,Pueblo+de+bonificaci%C3%B3n,579,428,0,110,9
10472,Kukiville,562,412,2184552,2290,0
10473,Pueblo+de+b%C3%A1rbaros,395,515,0,170,0
10474,Pueblo+de+bonificaci%C3%B3n,452,596,0,169,2
10475,Pueblo+de+bonificaci%C3%B3n,603,468,0,108,9
10476,02.Blindado,574,423,2184223,1908,0
10477,Noble+A029,502,606,2123065,988,9
10478,pueblo+de+EXTEME22,522,394,2184554,1234,0
10479,Pueblo+de+b%C3%A1rbaros,497,392,0,167,0
10480,Pueblo+de+bonificaci%C3%B3n,608,495,0,128,1
10481,Kite,456,585,2182840,2370,0
10482,Pueblo+de+bonificaci%C3%B3n,523,395,0,186,1
10483,Pueblo+de+bonificaci%C3%B3n,586,559,0,152,9
10484,pueblo+de+gerente+calvo,594,454,2175032,102,0
10485,Pueblo+de+b%C3%A1rbaros,518,603,0,150,0
10486,4.....T.I.E.R.R.A.,458,600,1961435,1468,9
10487,Pueblo+de+bonificaci%C3%B3n,510,397,0,207,1
10488,Pueblo+de+b%C3%A1rbaros,407,550,0,77,0
10489,Pueblo+de+b%C3%A1rbaros,596,454,0,116,0
10490,Pueblo+de+bonificaci%C3%B3n,439,413,0,118,2
10493,pueblo+de+EVETEO,397,469,2177595,3367,0
10494,Pueblo+de+b%C3%A1rbaros,430,582,0,177,0
10495,047+GROCC,605,524,2133408,1891,8
10496,Matacerdos,594,450,1427030,2913,0
10497,Pueblo+de+b%C3%A1rbaros,553,594,0,120,0
10498,Pueblo+de+bonificaci%C3%B3n,396,468,0,133,9
10499,pueblo+de+Cantaleon,514,601,2184557,1626,0
10500,Pueblo+de+bonificaci%C3%B3n,565,419,0,137,3
10501,Pueblo+de+bonificaci%C3%B3n,392,515,0,153,1
10502,Pueblo+de+b%C3%A1rbaros,418,431,0,77,0
10503,Pueblo+de+bonificaci%C3%B3n,584,567,0,159,4
10504,Sahara+espa%C3%B1ol,588,555,2060580,3237,0
10505,Pueblo+de+bonificaci%C3%B3n,428,425,0,115,5
10507,Pueblo+de+b%C3%A1rbaros,407,553,0,119,0
10508,Kylan,413,442,2142901,3064,4
10509,Pueblo+de+bonificaci%C3%B3n,396,495,0,160,3
10511,Pueblo+de+bonificaci%C3%B3n,393,515,0,148,3
10512,pueblo+de+Turcko+x,404,552,2126919,246,0
10513,Pueblo+de+bonificaci%C3%B3n,396,481,0,125,5
10514,Pueblo+de+bonificaci%C3%B3n,405,550,0,120,4
10515,Pueblo+de+b%C3%A1rbaros,447,594,2179433,668,0
10516,Pueblo+de+bonificaci%C3%B3n,467,603,0,122,3
10517,pueblo+de+Sekram,523,601,247494,1344,0
10518,Pueblo+de+b%C3%A1rbaros,448,596,0,140,0
10519,Pueblo+de+bonificaci%C3%B3n,394,516,0,144,6
10520,001,517,605,1578846,4093,0
10521,Pueblo+de+bonificaci%C3%B3n,443,409,0,107,9
10522,001+Atlanta,559,409,2181141,915,0
10523,Pueblo+de+b%C3%A1rbaros,419,574,0,128,0
10524,Pueblo+de+bonificaci%C3%B3n,393,488,0,166,7
10525,Ithilien,523,606,301195,3058,0
10526,Pueblo+de+bonificaci%C3%B3n,576,576,0,160,6
10527,Jordan+%2323,499,521,1342035,528,0
10528,Pueblo+de+bonificaci%C3%B3n,436,415,0,140,9
10529,Fortaleza+Astral,493,411,2134425,2315,0
10530,Pueblo+de+b%C3%A1rbaros,521,397,0,117,0
10531,Pueblo+de+bonificaci%C3%B3n,599,533,0,144,7
10532,pueblo+de+merce,396,475,2184558,78,0
10533,Pueblo+de+b%C3%A1rbaros,391,505,0,179,0
10534,Pueblo+de+bonificaci%C3%B3n,415,564,0,131,7
10535,05+-+Ultramar,512,606,2181217,1187,3
10536,pueblo+de+Facull2025,593,443,2184559,235,0
10537,Pueblo+de+b%C3%A1rbaros,604,527,0,147,0
10538,014-Probando,435,418,1317137,3063,2
10540,Pueblo+de+bonificaci%C3%B3n,488,608,0,101,5
10541,Pueblo+de+bonificaci%C3%B3n,534,601,156,557,1
10543,Pueblo+de+b%C3%A1rbaros,547,597,0,109,0
10544,2......M.E.R.C.U.R.I.O.,459,601,1961435,2749,5
10545,Pueblo+de+bonificaci%C3%B3n,400,542,0,138,5
10546,Pueblo+de+b%C3%A1rbaros,571,420,0,80,0
10547,Pueblo+de+b%C3%A1rbaros,573,578,0,110,0
10548,Pueblo+de+bonificaci%C3%B3n,399,541,0,93,6
10549,Pueblo+de+bonificaci%C3%B3n,456,596,0,152,6
10550,Pueblo+de+b%C3%A1rbaros,465,601,0,34,0
10551,Pueblo+de+bonificaci%C3%B3n,564,412,0,152,9
10552,Bitrir,532,395,156444,1163,0
10553,Pueblo+de+b%C3%A1rbaros,592,448,0,139,0
10554,Pueblo+de+bonificaci%C3%B3n,593,553,0,141,1
10555,Pueblo+de+bonificaci%C3%B3n,607,499,0,144,5
10556,Pueblo+de+b%C3%A1rbaros,395,507,0,80,0
10557,Pueblo+de+b%C3%A1rbaros,429,579,0,152,0
10558,Pueblo+de+bonificaci%C3%B3n,526,605,0,129,3
10559,cortijo+1,511,606,2133518,5587,8
10560,Pueblo+de+b%C3%A1rbaros,565,583,0,34,0
10561,Pueblo+de+bonificaci%C3%B3n,398,525,0,155,1
10562,Pueblo+de+bonificaci%C3%B3n,508,395,0,103,4
10563,AREA+%5B0000%5D,392,512,1042189,1138,0
10564,Pueblo+de+bonificaci%C3%B3n,608,508,0,105,7
10565,Pueblo+de+bonificaci%C3%B3n,536,397,0,145,4
10566,TheMamb%C3%AD,394,478,2184563,854,0
10567,Pueblo+de+bonificaci%C3%B3n,443,593,0,141,5
10568,Pueblo+de+bonificaci%C3%B3n,598,546,0,160,8
10569,Arceus,426,421,2183181,1218,0
10570,Pueblo+de+bonificaci%C3%B3n,571,583,0,139,6
10571,%5B003%5D+Radagon,604,519,2184517,513,2
10572,Avalancha,598,537,2136220,1884,0
10573,Pueblo+de+bonificaci%C3%B3n,437,412,0,175,8
10574,OPLITA,598,454,2171487,2110,0
10575,Pueblo+de+b%C3%A1rbaros,457,400,0,136,0
10576,Pueblo+de+bonificaci%C3%B3n,489,395,0,193,4
10577,Pueblo+de+bonificaci%C3%B3n,536,401,0,128,7
10578,pueblo+de+Alexisjvfor,505,605,2139785,117,0
10579,Pueblo+de+b%C3%A1rbaros,408,446,0,185,0
10580,Pueblo+de+bonificaci%C3%B3n,423,576,0,182,4
10581,Pueblo+de+bonificaci%C3%B3n,604,477,0,70,3
10582,Pueblo+de+b%C3%A1rbaros,596,457,0,33,0
10583,Pueblo+de+bonificaci%C3%B3n,574,579,0,136,5
10584,pueblo+de+nznznz,399,534,875478,2808,0
10585,011-Probando,434,418,1317137,4270,4
10586,pueblo+de+RESISTENCIA,608,514,2178833,233,0
10587,Pueblo+de+bonificaci%C3%B3n,557,588,1403781,482,5
10588,Pueblo+de+bonificaci%C3%B3n,407,556,0,135,5
10589,Pueblo+de+b%C3%A1rbaros,592,447,0,88,0
10590,Pueblo+de+b%C3%A1rbaros,399,530,0,94,0
10591,Pueblo+de+bonificaci%C3%B3n,591,444,0,126,7
10592,Pueblo+de+bonificaci%C3%B3n,393,491,0,109,1
10593,Pueblo+de+b%C3%A1rbaros,555,407,0,34,0
10594,Pueblo+de+b%C3%A1rbaros,483,608,0,118,0
10595,Pueblo+de+bonificaci%C3%B3n,397,521,0,149,1
10596,Pueblo+de+bonificaci%C3%B3n,588,559,967045,458,3
10598,Pueblo+de+b%C3%A1rbaros,391,492,0,154,0
10599,Pueblo+de+bonificaci%C3%B3n,598,541,0,142,3
10600,pueblo+de+danyel,519,601,2130473,481,0
10601,028,439,589,23632,701,4
10602,pueblo+de+CR7pt,492,399,2183227,159,0
10603,Pueblo+de+b%C3%A1rbaros,396,474,0,79,0
10604,Pueblo+de+bonificaci%C3%B3n,511,393,0,119,7
10605,Pueblo+de+b%C3%A1rbaros,511,394,0,26,0
10606,Pueblo+de+bonificaci%C3%B3n,397,529,0,136,9
10607,pueblo+de+pankistan,566,575,1628375,2153,0
10608,Pueblo+de+b%C3%A1rbaros,608,491,0,99,0
10609,Pueblo+de+bonificaci%C3%B3n,421,576,0,165,9
10610,pueblo+de+JAVDEN,390,502,2177584,26,0
10611,Pueblo+de+b%C3%A1rbaros,446,594,0,110,0
10612,Pueblo+de+bonificaci%C3%B3n,602,540,0,148,9
10613,pueblo+de+Srta+Ahri,409,552,2184566,305,0
10614,Pueblo+de+b%C3%A1rbaros,437,416,0,86,0
10615,Pueblo+de+bonificaci%C3%B3n,418,433,0,137,3
10616,pueblo+de+onunez,527,602,2179358,157,0
10617,Pueblo+de+b%C3%A1rbaros,442,592,0,150,0
10618,Pueblo+de+bonificaci%C3%B3n,599,539,0,111,2
10619,Pueblo+de+bonificaci%C3%B3n,544,596,0,138,5
10620,Pueblo+de+b%C3%A1rbaros,433,582,0,107,0
10621,Pueblo+de+b%C3%A1rbaros,600,534,0,168,0
10622,024,439,587,23632,743,4
10623,pueblo+de+Hypercell,519,397,2183273,136,0
10624,Pueblo+de+b%C3%A1rbaros,532,397,0,120,0
10625,Pueblo+de+bonificaci%C3%B3n,395,471,0,134,7
10626,001+OrDeN+-,515,393,1173977,3341,0
10627,Pueblo+de+b%C3%A1rbaros,587,439,0,161,0
10628,Pueblo+de+bonificaci%C3%B3n,554,406,0,184,3
10629,Pueblo+de+bonificaci%C3%B3n,466,400,0,127,3
10630,pueblo+de+perezoso2009,427,468,267500,1586,0
10631,Pueblo+de+bonificaci%C3%B3n,410,560,0,127,6
10632,Ragnar+Lothbrotk,446,535,2180201,166,0
10633,Pueblo+de+bonificaci%C3%B3n,432,584,0,126,4
10634,pueblo+de+MEIAN01,486,395,1589382,48,0
10635,Pueblo+de+b%C3%A1rbaros,396,517,0,142,0
10636,Pueblo+de+bonificaci%C3%B3n,473,394,0,184,7
10637,Pueblo+de+bonificaci%C3%B3n,608,487,0,135,9
10638,Pueblo+de+b%C3%A1rbaros,403,453,0,27,0
10639,Pueblo+de+b%C3%A1rbaros,551,597,0,105,0
10640,Pueblo+de+bonificaci%C3%B3n,435,587,0,154,1
10641,pueblo+de+yoni-,567,552,384682,1336,0
10642,Pueblo+de+b%C3%A1rbaros,549,406,0,148,0
10643,Pueblo+de+bonificaci%C3%B3n,486,604,0,139,7
10644,Pueblo+de+b%C3%A1rbaros,428,580,0,40,0
10645,Pueblo+de+bonificaci%C3%B3n,414,434,0,87,5
10646,SG2,432,576,231570,3584,0
10647,Pueblo+de+b%C3%A1rbaros,390,501,0,119,0
10648,Pueblo+de+bonificaci%C3%B3n,521,605,0,114,4
10649,Pueblo+de+bonificaci%C3%B3n,398,462,0,114,3
10650,pueblo+de+EL+GENERAL+DE+DIV.,400,469,1022426,300,0
10651,Pueblo+de+bonificaci%C3%B3n,605,519,0,143,2
10652,Pueblo+de+bonificaci%C3%B3n,506,392,0,94,1
10653,pueblo,512,393,1031,930,0
10654,Pueblo+de+bonificaci%C3%B3n,447,406,0,115,2
10655,yecktor+02,475,395,2086862,2439,0
10656,Demoni+030,423,423,2067012,166,4
10657,Marco+Deluxe,549,407,2176068,1655,0
10658,Pueblo+de+b%C3%A1rbaros,530,399,0,74,0
10659,Pueblo+de+bonificaci%C3%B3n,583,430,0,146,8
10660,Honjo+Seiran,588,442,2180955,4507,0
10661,Pueblo+de+b%C3%A1rbaros,582,427,0,136,0
10662,Pueblo+de+bonificaci%C3%B3n,460,400,0,114,5
10663,Pueblo+de+bonificaci%C3%B3n,508,608,0,121,7
10664,pueblo+de+Ditalco,396,518,2179275,2529,0
10665,Pueblo+de+b%C3%A1rbaros,410,561,0,85,0
10666,Pueblo+de+bonificaci%C3%B3n,526,395,0,121,7
10667,Pueblo+de+bonificaci%C3%B3n,564,413,0,116,8
10668,pueblo+de+Angel+Food,445,436,1891510,1626,0
10669,Pueblo+de+b%C3%A1rbaros,392,508,0,162,0
10670,003,582,430,2182121,3135,8
10671,Pueblo+de+bonificaci%C3%B3n,589,440,0,103,7
10673,Pueblo+de+bonificaci%C3%B3n,604,481,0,142,9
10675,Pueblo+de+bonificaci%C3%B3n,395,468,0,155,6
10676,pueblo+de+mileurista,441,592,1675671,306,0
10677,Pueblo+de+b%C3%A1rbaros,568,586,0,148,0
10678,Peri+X,466,605,28243,7236,8
10679,Pueblo+de+bonificaci%C3%B3n,396,523,0,144,7
10680,001,403,454,2045759,6065,0
10681,Pueblo+de+bonificaci%C3%B3n,399,542,0,135,1
10682,Pueblo+de+bonificaci%C3%B3n,468,603,0,138,5
10683,pueblo+de+JAM+037,460,399,1203157,50,0
10684,Pueblo+de+b%C3%A1rbaros,469,396,0,127,0
10685,Pueblo+de+bonificaci%C3%B3n,415,438,0,140,9
10686,pueblo+de+Kolomodro91,569,416,1994940,2813,0
10687,Pueblo+de+bonificaci%C3%B3n,606,506,0,186,6
10688,Pueblo+de+bonificaci%C3%B3n,606,524,0,99,1
10689,0000,398,467,1350126,1445,0
10690,Pueblo+de+b%C3%A1rbaros,411,436,0,114,0
10691,Pueblo+de+bonificaci%C3%B3n,439,409,0,117,2
10692,pueblo+de+Sorelina,406,548,1970708,219,0
10693,Pueblo+de+b%C3%A1rbaros,586,436,0,178,0
10694,S002-zarra,514,606,19450,936,2
10695,pueblo+de+TriggerKitten,597,449,2184572,316,0
10696,Pueblo+de+bonificaci%C3%B3n,521,392,0,109,9
10697,Pueblo+de+bonificaci%C3%B3n,394,507,0,114,9
10698,Pueblo+de+b%C3%A1rbaros,397,470,0,33,0
10699,Pueblo+de+bonificaci%C3%B3n,544,400,0,137,6
10700,pueblo+de+Sr+de+los+anillos,593,551,2176594,254,0
10701,Pueblo+de+bonificaci%C3%B3n,596,547,0,87,6
10702,010.+AAOI,417,432,2058795,2891,8
10703,pueblo+de+PrT-,438,411,2178744,26,0
10704,Pueblo+de+bonificaci%C3%B3n,565,588,0,153,6
10705,Pueblo+de+bonificaci%C3%B3n,600,464,0,81,1
10706,Pueblo+de+b%C3%A1rbaros,607,514,0,35,0
10707,Pueblo+de+b%C3%A1rbaros,552,403,0,64,0
10708,Pueblo+de+bonificaci%C3%B3n,488,392,0,177,3
10709,Pueblo+de+b%C3%A1rbaros,565,584,0,82,0
10710,Pueblo+de+bonificaci%C3%B3n,533,399,0,90,9
10711,Hogwarts,398,541,2184576,2071,0
10712,012+peri,474,607,1863997,3646,4
10713,Pueblo+de+bonificaci%C3%B3n,584,566,0,197,7
10714,Pueblo+de+b%C3%A1rbaros,394,469,0,75,0
10715,Acre,569,415,2184801,410,3
10716,Pueblo+de+bonificaci%C3%B3n,544,601,2090921,148,9
10717,pueblo+de+pijacorta,415,435,985782,1273,0
10718,Pueblo+de+b%C3%A1rbaros,481,607,0,109,0
10719,011.+ABUS,399,470,2058795,3287,8
10720,Pueblo+de+b%C3%A1rbaros,456,401,0,50,0
10721,Pueblo+de+b%C3%A1rbaros,557,411,0,149,0
10722,HeLeNa.3,453,599,23046,2257,3
10723,pueblo+de+sjjsjs,444,411,869736,133,0
10724,Pueblo+de+b%C3%A1rbaros,391,499,0,109,0
10725,Demoni+028,423,426,2067012,168,4
10726,Pueblo+de+bonificaci%C3%B3n,568,582,0,135,2
10727,Pueblo+de+b%C3%A1rbaros,400,456,0,40,0
10728,Pueblo+de+bonificaci%C3%B3n,471,603,0,125,3
10729,pueblo+de+Fajardoo,551,592,2118135,347,0
10730,Pueblo+de+b%C3%A1rbaros,589,437,0,112,0
10731,cortijo+2,507,609,2133518,3786,8
10732,03+DTY+Deltoya,546,595,287776,2745,0
10733,Pueblo+de+Lupetudo,395,527,1917716,315,3
10734,Pueblo+de+bonificaci%C3%B3n,577,578,0,120,7
10735,Tilin3000reload,604,468,2184579,580,0
10736,Noble+B016,502,609,2123065,1016,0
10737,A015+%7E+Snake+Man,606,475,1783178,703,5
10738,pueblo+de+N4n1s3,552,596,2179523,26,0
10739,Pueblo+de+bonificaci%C3%B3n,607,488,0,123,7
10740,Pueblo+de+bonificaci%C3%B3n,551,598,0,105,9
10741,pueblo+de+BobEsponja,405,454,2178205,712,0
10742,Pueblo+de+bonificaci%C3%B3n,453,404,0,146,1
10743,Pueblo+de+bonificaci%C3%B3n,599,459,0,136,5
10744,pueblo+de+VAPEDLL,469,487,2135100,2991,0
10745,Pueblo+de+b%C3%A1rbaros,520,392,0,103,0
10746,Pueblo+de+bonificaci%C3%B3n,556,592,0,100,6
10748,Pueblo+de+bonificaci%C3%B3n,599,452,0,153,5
10749,016.+ABUS,398,474,2058795,298,2
10750,pueblo+de+Juancho+Marqu%C3%A9s,470,477,2184580,3361,0
10751,Pueblo+de+b%C3%A1rbaros,610,507,0,150,0
10752,Pueblo+de+bonificaci%C3%B3n,604,532,0,131,5
10753,Pueblo+de+bonificaci%C3%B3n+V,546,402,1994337,177,6
10754,Pueblo+de+b%C3%A1rbaros,600,544,0,111,0
10755,Pueblo+de+bonificaci%C3%B3n,430,580,0,128,3
10756,Fortaleza+Insignia,606,500,2140559,3277,0
10757,Pueblo+de+bonificaci%C3%B3n,453,596,0,95,6
10758,Pueblo+de+bonificaci%C3%B3n,567,418,0,120,3
10759,001+Noble,481,493,1323047,2984,0
10760,Pueblo+de+bonificaci%C3%B3n,402,456,0,148,1
10761,El+Origen,475,603,2140584,1082,0
10762,Pueblo+de+b%C3%A1rbaros,398,537,0,150,0
10763,Noble+B002,497,607,2123065,1177,5
10764,pueblo+de+xtemplariosx,474,397,2184582,182,0
10765,Pueblo+de+bonificaci%C3%B3n,525,395,0,97,9
10766,Pueblo+de+bonificaci%C3%B3n,547,594,0,104,6
10767,pueblo+de+toniik,547,532,2180768,528,0
10768,Pueblo+de+b%C3%A1rbaros,588,565,0,155,0
10769,Pueblo+de+bonificaci%C3%B3n,413,437,0,128,9
10770,Pueblo+de+bonificaci%C3%B3n,599,545,0,165,2
10771,001,420,570,2184583,3313,0
10772,Pueblo+de+bonificaci%C3%B3n,607,487,0,129,6
10773,Voldemort88,554,409,2088545,1232,0
10774,Pueblo+de+b%C3%A1rbaros,582,567,0,110,0
10775,Pueblo+de+bonificaci%C3%B3n,425,579,0,116,3
10776,Pueblo+de+bonificaci%C3%B3n,608,505,0,156,4
10777,Pueblo+de+b%C3%A1rbaros,536,599,0,30,0
10778,thoron01,407,450,2122320,506,1
10779,Pueblo+de+b%C3%A1rbaros,530,601,0,56,0
10780,3.......V.E.N.U.S.,458,601,1961435,1742,6
10781,Pueblo+de+bonificaci%C3%B3n,392,478,0,181,7
10782,05+DTY+Deltoya,550,597,287776,3200,0
10783,Pueblo+de+b%C3%A1rbaros,593,557,0,122,0
10784,Pueblo+de+bonificaci%C3%B3n,446,595,0,104,5
10785,Pueblo+de+bonificaci%C3%B3n,453,400,0,93,5
10787,A002,587,564,2184852,210,8
10788,pueblo+de+flomar,516,395,1466469,479,0
10789,Arrecife,398,531,2183126,3561,2
10790,thoron03,404,449,2122320,397,5
10791,pueblo+de+Zumbon10,553,595,2128459,2344,0
10792,Pueblo+de+b%C3%A1rbaros,552,595,0,112,0
10793,002,585,431,2182121,3151,8
10794,pueblo+de+JuegoSolo,397,534,1573548,26,0
10795,Pueblo+de+b%C3%A1rbaros,584,432,0,104,0
10796,Pueblo+de+bonificaci%C3%B3n,485,393,0,181,5
10797,Pueblo+de+bonificaci%C3%B3n,602,534,0,98,2
10798,Pueblo+de+b%C3%A1rbaros,532,398,0,55,0
10799,Pueblo+de+bonificaci%C3%B3n,507,608,0,111,6
10800,Northumbria,576,424,2181026,433,0
10801,Pueblo+de+b%C3%A1rbaros,395,467,0,191,0
10802,Pueblo+de+bonificaci%C3%B3n,599,462,0,136,4
10803,Pueblo+de+bonificaci%C3%B3n,595,454,0,106,1
10804,pueblo+de+What%3F%3F,476,425,2113993,2837,0
10805,Pueblo+de+b%C3%A1rbaros,531,397,0,156,0
10806,009.+LITE,426,422,2058795,3628,8
10807,Pueblo+de+bonificaci%C3%B3n,605,523,0,65,7
10808,Pueblo+de+b%C3%A1rbaros,456,599,0,135,0
10809,Pueblo+de+bonificaci%C3%B3n,396,532,0,91,9
10810,pueblo+de+dodo1901,559,408,2135643,26,0
10811,Pueblo+de+b%C3%A1rbaros,392,484,0,152,0
10812,Pueblo+de+bonificaci%C3%B3n,410,559,0,102,5
10813,Pueblo+de+bonificaci%C3%B3n,469,398,0,156,7
10814,Asterix+03,430,481,1821118,1170,0
10815,Pueblo+de+b%C3%A1rbaros,448,595,0,84,0
10816,Pueblo+de+bonificaci%C3%B3n,508,392,0,136,2
10817,Teror,400,534,2183126,5126,9
10818,Talaia,503,606,2137564,659,0
10819,Pueblo+de+bonificaci%C3%B3n,434,588,0,104,5
10820,Pueblo+de+bonificaci%C3%B3n,598,452,0,93,2
10821,pueblo+de+Leonidass,592,442,2184709,43,0
10822,Pueblo+de+b%C3%A1rbaros,480,607,0,128,0
10823,008,401,465,2130145,449,6
10824,Pueblo+de+bonificaci%C3%B3n,413,439,0,142,2
10825,pueblo+de+super+javi,437,410,1786565,26,0
10826,Pueblo+de+bonificaci%C3%B3n,577,421,0,145,7
10827,014+solovisa,431,417,2071214,168,6
10829,Pueblo+de+b%C3%A1rbaros,601,461,0,113,0
10830,Pueblo+de+bonificaci%C3%B3n,470,601,0,135,1
10831,-+01+Helheim+-,570,571,2132867,6485,0
10832,Pueblo+de+bonificaci%C3%B3n,396,483,0,145,9
10833,001,584,431,2182121,6987,0
10834,Pueblo+de+bonificaci%C3%B3n,391,485,0,125,3
10835,ccc,415,565,1731373,1348,5
10836,pueblo+de+.Lamine.,590,440,2179411,2274,0
10837,Pueblo+de+b%C3%A1rbaros,391,502,0,179,0
10838,Pueblo+de+bonificaci%C3%B3n,564,411,0,185,1
10839,pueblo+de+Carnivalsaw,557,408,2178076,2327,0
10840,Pueblo+de+b%C3%A1rbaros,397,464,0,100,0
10841,Pueblo+de+bonificaci%C3%B3n,436,587,0,108,9
10842,Pueblo+de+bonificaci%C3%B3n,448,405,0,176,4
10843,pueblo+de+Quim10,605,469,2177332,2327,0
10844,Pueblo+de+b%C3%A1rbaros,521,606,0,124,0
10845,003.+AEHR,419,425,2058795,6440,2
10846,pueblo+de+-Torete-,394,493,2179412,2135,0
10847,Pueblo+de+bonificaci%C3%B3n,493,609,2137541,697,8
10848,pueblo+de+SkullShift,420,429,2177698,2135,0
10849,Pueblo+de+bonificaci%C3%B3n,413,433,0,129,1
10850,pueblo+de+From,546,404,2179413,2327,0
10851,Pueblo+de+bonificaci%C3%B3n,605,481,0,120,9
10852,Demoni+027,413,436,2067012,216,4
10853,pueblo+de+Alma+%283%29,608,501,2182386,1407,0
10854,Pueblo+de+b%C3%A1rbaros,389,504,0,68,0
10855,Pueblo+de+bonificaci%C3%B3n,608,510,0,118,1
10856,pueblo+de+soyleyenda,439,407,2179790,2327,0
10857,Pueblo+de+b%C3%A1rbaros,395,517,0,109,0
10858,053+GROCC,609,510,2133408,1734,8
10859,pueblo+de+Piku,571,578,38188,26,0
10860,Pueblo+de+bonificaci%C3%B3n,404,551,0,96,9
10861,Pueblo+de+bonificaci%C3%B3n,574,421,0,152,6
10862,PPSOE,419,427,2170896,1694,0
10863,Pueblo+de+bonificaci%C3%B3n,602,532,0,179,8
10864,Pueblo+de+bonificaci%C3%B3n,393,487,0,181,7
10865,Boman+Village,394,532,2175970,2849,0
10866,Pueblo+de+b%C3%A1rbaros,606,515,0,134,0
10867,Pueblo+de+to%C3%B1i,398,534,2183126,1209,6
10868,pueblo+de+acs26cs,581,427,1615059,26,0
10869,Pueblo+de+bonificaci%C3%B3n,599,547,0,140,9
10870,Pueblo+de+bonificaci%C3%B3n,536,604,0,80,6
10871,01.+Carapoya,596,525,2184434,2300,0
10872,Pueblo+de+b%C3%A1rbaros,581,430,0,153,0
10873,Pueblo+de+bonificaci%C3%B3n,587,565,0,130,9
10874,Pueblo+de+bonificaci%C3%B3n,548,404,0,130,2
10876,Pueblo+de+b%C3%A1rbaros,534,396,0,149,0
10877,Pueblo+de+bonificaci%C3%B3n,520,393,0,122,7
10878,pueblo+de+caritoz13,574,577,2183283,26,0
10879,Pueblo+de+bonificaci%C3%B3n,391,506,0,132,6
10880,Pueblo+de+bonificaci%C3%B3n,430,420,0,157,2
10881,pueblo+de+villy,561,409,2184792,32,0
10882,Pueblo+de+bonificaci%C3%B3n,465,603,0,131,9
10883,pueblo+de+walof68,567,585,902994,26,0
10884,ccc,418,568,1731373,1283,5
10885,pueblo+de+Bolsitadecaramelos,479,486,2179322,497,0
10886,Pueblo+de+bonificaci%C3%B3n,449,406,0,139,6
10887,pueblo+de+Nicopg31,410,562,2183996,26,0
10888,Pueblo+de+b%C3%A1rbaros,603,536,0,126,0
10889,Pueblo+de+bonificaci%C3%B3n,402,548,0,125,1
10890,pueblo+de+Sabalero,607,495,2184793,400,0
10891,002.+SMTC,418,425,2058795,7909,8
10892,Pueblo+de+bonificaci%C3%B3n,395,486,0,131,6
10893,pueblo+de+...Morte...,394,482,2184794,26,0
10897,103+Se%C3%B1ora+BarbY,445,536,1748648,543,0
10898,Pueblo+de+bonificaci%C3%B3n,397,525,0,105,9
10899,pueblo+de+serrajserra,590,550,786529,3322,0
10900,Pueblo+de+bonificaci%C3%B3n,475,392,0,144,3
10901,pueblo+de+Rauli%C3%B1o+14,417,434,438714,1789,0
10902,Pueblo+de+b%C3%A1rbaros,466,604,0,139,0
10903,Pueblo+de+bonificaci%C3%B3n,532,602,0,116,8
10904,Pueblo+de+bonificaci%C3%B3n,427,419,0,96,3
10905,pueblo+de+Loleus1807,509,611,2130685,200,0
10906,Pueblo+de+b%C3%A1rbaros,478,607,0,112,0
10907,Pueblo+de+bonificaci%C3%B3n,448,406,0,112,2
10908,Pueblo+de+bonificaci%C3%B3n,590,444,0,128,1
10909,Rainwood,426,581,2184797,617,0
10910,Pueblo+de+b%C3%A1rbaros,453,600,0,97,0
10911,Pueblo+de+bonificaci%C3%B3n,530,394,0,102,5
10912,IMPERIO+AZUL,569,585,2184798,75,0
10913,Pueblo+de+bonificaci%C3%B3n,477,607,0,116,6
10914,Pueblo+de+bonificaci%C3%B3n,403,446,0,110,9
10915,ROMA+I,602,541,2119871,3118,0
10916,Pueblo+de+b%C3%A1rbaros,389,499,0,109,0
10917,HeLeNa.4,454,598,23046,703,8
10918,pueblo+de+Zintzo,405,442,2137132,3110,0
10919,Pueblo+de+b%C3%A1rbaros,577,575,0,108,0
10920,Pueblo+de+bonificaci%C3%B3n,600,543,0,101,5
10921,Noble+B023,502,608,2123065,986,2
10922,pueblo+de+hectorleo,608,482,748151,539,0
10923,Pueblo+de+b%C3%A1rbaros,417,571,0,130,0
10924,Pueblo+de+bonificaci%C3%B3n,394,490,0,113,4
10925,pueblo+de+anuki,440,497,1970463,3351,0
10926,5....M.A.R.T.E.,460,600,1961435,903,0
10927,Pueblo+de+bonificaci%C3%B3n,589,434,0,111,2
10928,Norte%C3%B1o+VII,499,392,2032066,1169,4
10929,pueblo+de+Vicadeol,402,542,2184799,271,0
10930,Pueblo+de+b%C3%A1rbaros,486,608,0,138,0
10931,ccc,417,569,1731373,1369,8
10932,Pueblo+de+bonificaci%C3%B3n,406,444,0,125,3
10933,pueblo+de+Demente,474,395,2141920,477,0
10934,Pueblo+de+b%C3%A1rbaros,570,414,0,114,0
10935,Pueblo+de+bonificaci%C3%B3n,572,416,0,151,5
10936,Pueblo+de+bonificaci%C3%B3n,464,395,0,84,5
10937,EL+VELL+ALMOGAVAR,567,574,2084797,1501,0
10938,Pueblo+de+b%C3%A1rbaros,473,604,0,89,0
10939,Pueblo+de+bonificaci%C3%B3n,394,508,0,168,1
10940,To%C3%B1iiiiiiiiin,454,561,2124403,2381,0
10941,Pueblo+de+b%C3%A1rbaros,606,486,0,132,0
10942,Pueblo+de+bonificaci%C3%B3n,494,606,2137541,1139,4
10943,pueblo+de+PepinakeR,567,414,2184800,175,0
10944,Pueblo+de+b%C3%A1rbaros,521,608,0,86,0
10945,Pueblo+de+bonificaci%C3%B3n,588,437,0,114,5
10946,005.+PALANTIR,419,424,2058795,6006,8
10947,pueblo+de+carser21,420,578,2025180,26,0
10948,Pueblo+de+b%C3%A1rbaros,482,608,0,93,0
10949,Pueblo+de+bonificaci%C3%B3n,541,399,0,131,7
10950,012+solovisa,431,414,2071214,383,4
10951,pueblo+de+El+Palero,397,542,2144497,95,0
10952,Pueblo+de+bonificaci%C3%B3n,595,449,0,97,3
10953,009.+Luks,605,484,537507,2291,4
10954,01_CentralPerk,439,593,11758,2806,0
10955,Pueblo+de+b%C3%A1rbaros,480,391,0,84,0
10956,Pueblo+de+bonificaci%C3%B3n,571,584,0,105,3
10957,Pueblo+de+bonificaci%C3%B3n,551,595,0,145,4
10958,pueblo+de+Epson+Fly,459,398,1469003,2469,0
10959,Pueblo+de+b%C3%A1rbaros,443,592,0,86,0
10960,Pueblo+de+bonificaci%C3%B3n,570,583,0,151,3
10961,Pueblo+de+bonificaci%C3%B3n,466,397,0,169,6
10962,castulo,569,414,1994940,2899,0
10963,Pueblo+de+bonificaci%C3%B3n,598,456,0,111,5
10964,pueblo+de+Lucas+the+duck,549,401,1994337,6207,0
10965,Pueblo+de+b%C3%A1rbaros,407,442,0,96,0
10966,Pueblo+de+bonificaci%C3%B3n,582,428,0,168,4
10967,Pueblo+de+bonificaci%C3%B3n,544,598,0,149,5
10968,pueblo+de+TheMarine,515,608,783798,604,0
10969,Pueblo+de+bonificaci%C3%B3n,478,395,0,84,3
10970,Pueblo+de+bonificaci%C3%B3n,433,584,0,132,7
10971,001+Villa+cari%C3%B1osas,459,557,2126119,1265,0
10972,Pueblo+de+bonificaci%C3%B3n,544,403,0,95,7
10973,pueblo+de+Mr.2020,583,574,2100524,1563,0
10974,Pueblo+de+bonificaci%C3%B3n,391,478,0,133,9
10975,014.+ABUS,396,470,2058795,474,1
10976,pueblo+de+Tapioca,452,472,2143028,212,0
10977,Pueblo+de+bonificaci%C3%B3n,565,410,0,141,3
10979,Boldo,557,594,2073946,2385,8
10980,000+Perdimos%2C+w100,447,547,1420391,5524,0
10981,Pueblo+de+b%C3%A1rbaros,409,436,0,131,0
10982,Pueblo+de+bonificaci%C3%B3n,393,482,0,115,6
10983,Pueblo+de+bonificaci%C3%B3n,579,577,0,135,6
10984,pueblo+de+matalobos,438,593,2035591,1007,0
10985,Pueblo+de+b%C3%A1rbaros,558,589,0,157,0
10986,Pueblo+de+bonificaci%C3%B3n,606,508,0,84,1
10987,Pueblo+de+bonificaci%C3%B3n,578,423,0,132,6
10988,pueblo+de+Vorosh,602,464,1825116,26,0
10989,Pueblo+de+b%C3%A1rbaros,448,403,0,114,0
10990,Pueblo+de+bonificaci%C3%B3n,458,397,0,139,5
10991,pueblo+de+bocetinha,394,515,2076908,26,0
10992,Pueblo+de+bonificaci%C3%B3n,579,425,0,105,8
10993,La+Fortaleza,583,554,2055973,727,0
10994,Pueblo+de+b%C3%A1rbaros,575,577,0,143,0
10995,Pueblo+de+bonificaci%C3%B3n,506,389,0,77,1
10996,pueblo+de+Kingdeninci,446,592,2184803,26,0
10997,Pueblo+de+b%C3%A1rbaros,456,399,0,118,0
10998,Pueblo+de+bonificaci%C3%B3n,608,512,0,131,5
10999,Santome,396,535,2184804,1006,0
11000,Pueblo+de+b%C3%A1rbaros,607,507,0,152,0
11001,Pueblo+de+bonificaci%C3%B3n,527,603,0,142,7
11002,yhay,519,391,2015907,5426,0
11003,Pueblo+de+bonificaci%C3%B3n,535,602,0,131,8
11004,pueblo+de+Holy,583,568,2036604,26,0
11005,Pueblo+de+bonificaci%C3%B3n,606,504,0,192,7
11006,HeLeNa.2,451,598,23046,2528,2
11007,pueblo+de+Rey+Pollito+de+Troya,572,415,2168803,3312,0
11008,Pueblo+de+bonificaci%C3%B3n,465,399,0,121,9
11009,Pueblo+de+bonificaci%C3%B3n,463,601,0,120,7
11010,pueblo+de+DerraDrift+ESP,474,394,2184011,44,0
11011,Pueblo+de+b%C3%A1rbaros,573,420,0,100,0
11012,Pueblo+de+bonificaci%C3%B3n+IV,548,401,1994337,1038,2
11013,pueblo+de+ina21,591,471,1091882,4853,0
11014,Pueblo+de+bonificaci%C3%B3n,578,580,0,126,6
11015,Pueblo+de+bonificaci%C3%B3n,498,391,0,139,1
11016,pueblo+de+Invitado184805,417,567,2184805,59,0
11017,Pueblo+de+b%C3%A1rbaros,410,439,0,138,0
11018,Pueblo+de+bonificaci%C3%B3n,480,609,0,91,2
11019,Pueblo+de+bonificaci%C3%B3n,434,410,0,89,7
11020,pueblo+de+wizar,393,484,1935343,3144,0
11021,Pueblo+de+bonificaci%C3%B3n,396,472,0,83,5
11022,048+GROCC,606,523,2133408,1776,5
11023,pueblo+de+landertxu31,596,475,2184171,26,0
11024,Pueblo+de+b%C3%A1rbaros,484,390,0,89,0
11025,A029+%7E+Alabasta,609,479,1783178,204,4
11026,LUNA,394,492,1836199,1029,2
11027,pueblo+de+belloto69,520,607,2081765,26,0
11028,03+Gallipoli,397,460,1327372,613,0
11029,Pueblo+de+bonificaci%C3%B3n,559,407,0,133,1
11030,ATNEMROT,600,460,2184806,3596,0
11031,Pueblo+de+bonificaci%C3%B3n,603,471,0,89,1
11032,Pueblo+de+bonificaci%C3%B3n,585,567,0,87,7
11033,yecktor+01,473,392,2086862,4023,0
11034,Pueblo+de+bonificaci%C3%B3n,392,526,0,154,6
11035,Pueblo+de+bonificaci%C3%B3n,428,418,0,98,3
11036,pueblo+de+riquita,425,578,1085503,205,0
11037,Pueblo+de+bonificaci%C3%B3n,494,389,0,106,7
11038,pueblo+de+AsteroidDestroyer,483,607,2143021,56,0
11039,Pueblo+de+b%C3%A1rbaros,417,431,0,161,0
11040,Pueblo+de+bonificaci%C3%B3n,581,429,0,132,4
11041,Pueblo+de+bonificaci%C3%B3n,409,559,0,115,4
11042,Crackolandia,611,509,2184807,214,0
11043,%2A3P%2A,523,608,2184526,342,6
11044,C45+L10,596,451,1075536,1443,8
11045,pueblo+de+vuelcaollas60,548,595,1733672,300,0
11046,Pueblo+de+bonificaci%C3%B3n,430,415,0,127,1
11047,pueblo+de+Fcoescobar,582,575,2183846,26,0
11048,Pueblo+de+b%C3%A1rbaros,457,599,0,125,0
11049,Pueblo+de+bonificaci%C3%B3n,574,420,0,106,8
11050,pueblo+de+BierKrugal,535,601,2182135,121,0
11051,Pueblo+de+bonificaci%C3%B3n,491,393,0,127,2
11052,Pueblo+de+bonificaci%C3%B3n,408,442,0,90,1
11053,pueblo+de+Niltsiar+dMystra,608,477,2184808,46,0
11054,Pueblo+de+bonificaci%C3%B3n,392,513,0,130,2
11055,pueblo+de+rafifi1992,510,566,2184809,976,0
11056,Pueblo+de+bonificaci%C3%B3n,477,606,0,118,1
11057,Pueblo+de+bonificaci%C3%B3n,545,599,0,124,5
11058,pueblo+de+RIVLEINAD,600,461,2114556,177,0
11059,Pueblo+de+b%C3%A1rbaros,461,399,0,127,0
11060,Pueblo+de+bonificaci%C3%B3n,540,600,0,102,8
11061,Pueblo+de+bonificaci%C3%B3n,594,442,0,96,4
11062,pueblo+de+Aries153,564,591,2075801,2171,0
11063,Pueblo+de+bonificaci%C3%B3n,470,393,0,143,7
11064,Pueblo+de+bonificaci%C3%B3n,409,438,0,108,6
11065,pueblo+de+Miriamemilce,546,601,2182242,1049,0
11066,Pueblo+de+b%C3%A1rbaros,554,402,0,70,0
11067,Pueblo+de+bonificaci%C3%B3n,408,558,0,88,6
11068,Pueblo+de+bonificaci%C3%B3n,544,603,0,97,6
11070,Pueblo+de+bonificaci%C3%B3n,395,469,0,103,9
11071,pueblo+de+Kobu,533,604,2182246,586,0
11072,Pueblo+de+bonificaci%C3%B3n,441,408,0,154,1
11073,Pueblo+de+bonificaci%C3%B3n,415,432,0,117,7
11074,pueblo+de+costranostra27,532,394,2184811,77,0
11075,Pueblo+de+b%C3%A1rbaros,398,540,0,110,0
11076,Pueblo+de+bonificaci%C3%B3n,390,480,0,86,2
11077,Pueblo+de+bonificaci%C3%B3n,600,457,0,149,4
11078,pueblo+de+Llaa123,451,599,2142335,26,0
11079,Pueblo+de+b%C3%A1rbaros,398,532,0,97,0
11080,Pueblo+de+bonificaci%C3%B3n,576,578,0,84,4
11081,Pueblo+de+bonificaci%C3%B3n,476,609,0,138,3
11082,pueblo+de+asd123456789,606,483,2184812,26,0
11083,017,394,525,311234,727,4
11084,pueblo+de+Cixo,608,523,2184813,26,0
11085,Pueblo+de+b%C3%A1rbaros,412,436,0,135,0
11086,Noble+B003,496,609,2123065,1160,5
11087,Vilnius,478,393,1523225,791,0
11088,Pueblo+de+b%C3%A1rbaros,428,585,0,109,0
11089,Pueblo+de+bonificaci%C3%B3n,390,506,0,139,2
11090,pueblo+de+extremer67,493,611,2184814,163,0
11091,Pueblo+de+b%C3%A1rbaros,402,455,0,95,0
11092,Pueblo+de+bonificaci%C3%B3n,539,398,0,112,4
11093,Pueblo+de+bonificaci%C3%B3n,519,609,0,101,3
11094,pueblo+de+Naoj98-,461,600,2011973,26,0
11095,Pueblo+de+b%C3%A1rbaros,444,403,0,115,0
11096,Pueblo+de+bonificaci%C3%B3n,437,588,0,116,4
11097,pueblo+de+t+fuiste+garchado,395,465,2184815,48,0
11098,Pueblo+de+b%C3%A1rbaros,609,513,0,91,0
11099,Pueblo+de+bonificaci%C3%B3n,595,446,0,101,9
11100,pueblo+de+zerohero,401,454,2017181,26,0
11101,Pueblo+de+b%C3%A1rbaros,508,611,0,95,0
11102,Pueblo+de+bonificaci%C3%B3n,607,512,0,106,6
11103,Pueblo+de+bonificaci%C3%B3n,497,390,0,169,3
11104,pueblo+de+.zeroshero.,436,586,2017180,112,0
11105,oooohtia+AmeegoH+003,480,392,2051496,1912,2
11106,Pueblo+de+bonificaci%C3%B3n,598,544,0,131,6
11107,pueblo+de+zairo,389,502,1552275,2207,0
11108,Pueblo+de+b%C3%A1rbaros,554,403,0,164,0
11109,Pueblo+de+bonificaci%C3%B3n+III,546,400,1994337,1111,3
11110,Pueblo+de+bonificaci%C3%B3n,429,585,0,89,5
11111,pueblo+de+yeck,472,394,2184816,293,0
11112,Pueblo+de+bonificaci%C3%B3n,447,403,0,103,5
11113,pueblo+de+TATARES,409,557,2171639,26,0
11114,051+GROCC,607,523,2133408,1808,8
11115,Pueblo+de+bonificaci%C3%B3n,435,408,0,68,6
11116,pueblo+de+Trundle,582,571,1980085,118,0
11117,Pueblo+de+b%C3%A1rbaros,395,520,0,111,0
11118,A019+%7E+Bajrang+gun,609,476,1783178,518,4
11119,pueblo+de+kracovian,411,566,2088292,3422,0
11120,Pueblo+de+bonificaci%C3%B3n,449,595,0,113,2
11121,Pueblo+de+bonificaci%C3%B3n,611,496,0,111,6
11122,pueblo+de+Lele+SF,415,567,2061432,63,0
11123,Pueblo+de+b%C3%A1rbaros,484,609,0,128,0
11124,Pueblo+de+bonificaci%C3%B3n+II,554,404,1994337,1308,4
11125,333,392,500,1836199,1919,9
11126,pueblo+de+Luna13,568,412,1700613,384,0
11127,Noble+B015,501,610,2123065,831,1
11128,Pueblo+de+bonificaci%C3%B3n,606,528,0,109,9
11129,pueblo+de+Zara+Home,456,476,2176348,672,0
11130,Pueblo+de+b%C3%A1rbaros,607,477,0,120,0
11131,ccc,419,572,1731373,752,5
11132,Pueblo+de+bonificaci%C3%B3n,581,423,0,125,9
11133,Juana,581,575,2184821,175,0
11134,Pueblo+de+bonificaci%C3%B3n,591,439,0,80,6
11135,Pueblo+de+bonificaci%C3%B3n,452,598,0,112,4
11136,Alberdi,608,511,2184822,406,0
11137,Pueblo+de+b%C3%A1rbaros,503,391,0,123,0
11138,Pueblo+de+bonificaci%C3%B3n,574,417,0,74,4
11139,Pueblo+de+bonificaci%C3%B3n,389,512,0,112,8
11141,Pueblo+de+bonificaci%C3%B3n,424,419,0,140,7
11142,pueblo+de+DEXTER+MORGAN,394,533,2184823,52,0
11143,Pueblo+de+bonificaci%C3%B3n,598,552,0,67,4
11144,pueblo+de+Invitado184824,555,408,2184824,55,0
11145,Pueblo+de+b%C3%A1rbaros,392,495,0,99,0
11146,Pueblo+de+bonificaci%C3%B3n,549,403,0,99,9
11147,Pueblo+de+bonificaci%C3%B3n,410,433,0,137,4
11148,Pueblo+de+b%C3%A1rbaros,582,574,0,28,0
11149,003+OrDeN+-,514,393,1173977,376,9
11150,pueblo+de+reciofal,444,436,2184286,1561,0
11151,Pueblo+de+b%C3%A1rbaros,439,411,0,63,0
11152,Pueblo+de+bonificaci%C3%B3n,449,600,0,91,4
11153,pueblo+de+NoBrainAmigo,603,530,2177931,26,0
11154,Pueblo+de+bonificaci%C3%B3n,551,594,0,144,7
11155,pueblo+de+Rumi,594,552,2136658,2580,0
11156,Pueblo+de+b%C3%A1rbaros,563,410,0,104,0
11157,Noble+B012,502,610,2123065,890,3
11158,Pueblo+de+bonificaci%C3%B3n,401,549,0,128,6
11159,pueblo+de+Claudee,401,458,2184836,26,0
11160,Pueblo+de+b%C3%A1rbaros,486,391,0,76,0
11161,Pueblo+de+bonificaci%C3%B3n,390,520,0,64,7
11162,Pueblo+de+bonificaci%C3%B3n,548,599,0,71,7
11163,pueblo+de+Invitado184837,598,555,2184837,100,0
11164,Pueblo+de+bonificaci%C3%B3n,590,439,0,124,3
11165,pueblo+de+hoehoe,391,487,2184838,85,0
11166,Pueblo+de+b%C3%A1rbaros,610,504,0,97,0
11167,Pueblo+de+bonificaci%C3%B3n,588,430,0,142,7
11168,Pueblo+de+bonificaci%C3%B3n,460,398,0,106,6
11169,pueblo+de+tuma22,599,454,219202,3013,0
11170,Pueblo+de+bonificaci%C3%B3n,409,437,0,98,3
11171,pueblo+de+magiczgz,565,409,2141297,26,0
11172,040.+McLeod,597,443,2088603,903,8
11173,Pueblo+de+bonificaci%C3%B3n,398,543,0,76,5
11174,pueblo+de+elrayden,571,582,1278668,82,0
11175,Pueblo+de+bonificaci%C3%B3n,609,474,0,139,2
11176,Pueblo+de+bonificaci%C3%B3n,604,464,0,107,7
11178,Pueblo+de+b%C3%A1rbaros,608,471,0,96,0
11179,Pueblo+de+bonificaci%C3%B3n,565,413,0,86,5
11180,Pueblo+de+bonificaci%C3%B3n,513,391,0,106,8
11181,pueblo+de+Cesar+Cruickshank,596,447,2180547,2304,0
11182,Pueblo+de+b%C3%A1rbaros,405,446,0,73,0
11183,Pueblo+de+bonificaci%C3%B3n,493,612,0,155,2
11184,Pueblo+de+bonificaci%C3%B3n,396,464,0,83,4
11185,Pueblo+de+Lupetudo,395,528,1917716,3259,0
11186,Pueblo+de+bonificaci%C3%B3n,609,526,0,84,1
11187,Pueblo+Sol,391,500,1606397,1827,0
11188,Pueblo+de+bonificaci%C3%B3n,603,537,0,127,1
11189,pueblo+de+SantinoBabe,610,483,2058154,42,0
11190,Pueblo+de+b%C3%A1rbaros,599,455,0,122,0
11191,Pueblo+de+bonificaci%C3%B3n,607,509,0,115,7
11192,Pueblo+de+bonificaci%C3%B3n,601,463,0,113,7
11193,pueblo+de+Pruden.90,407,559,2134821,32,0
11194,Pueblo+de+b%C3%A1rbaros,597,444,0,121,0
11195,Evereo1,393,468,2177595,737,8
11196,Villa+Fiorito,530,606,20146,169,8
11197,pueblo+de+fernandorv,612,496,2181025,1685,0
11198,Pueblo+de+bonificaci%C3%B3n,420,422,0,130,5
11199,Pueblo+de+bonificaci%C3%B3n,605,476,0,71,2
11201,Pueblo+de+bonificaci%C3%B3n,545,601,0,182,6
11202,pueblo+de+hakikilaz,404,549,2143526,26,0
11203,Norte%C3%B1o+VI,500,390,2032066,1313,4
11204,pueblo+de+NinoPutodasPraias,573,415,2184843,48,0
11205,Pueblo+de+bonificaci%C3%B3n,613,502,0,78,1
11206,pueblo+de+Laura123,495,389,1837837,115,0
11207,Pueblo+de+b%C3%A1rbaros,410,436,0,83,0
11208,006.+AXTI,422,419,2058795,5478,1
11209,Pueblo+de+bonificaci%C3%B3n,580,421,0,115,4
11211,Pueblo+de+b%C3%A1rbaros,410,558,0,135,0
11212,Pueblo+de+bonificaci%C3%B3n,549,600,0,77,9
11213,Pueblo+de+bonificaci%C3%B3n,599,544,0,97,5
11214,pueblo+de+Uvala,484,394,2184845,26,0
11215,Pueblo+de+bonificaci%C3%B3n,455,601,286637,173,1
11216,Pueblo+de+bonificaci%C3%B3n,550,598,0,85,1
11217,pueblo+de+marin123,467,607,2134954,26,0
11218,Pueblo+de+b%C3%A1rbaros,401,543,0,119,0
11219,Pueblo+de+bonificaci%C3%B3n,599,453,0,86,1
11220,Pueblo+de+bonificaci%C3%B3n,408,557,0,117,2
11221,pueblo+de+MIDORIYA+IZUKU,455,398,2080189,116,0
11222,Pueblo+de+bonificaci%C3%B3n,609,491,0,64,4
11223,Zetycity,609,522,2184396,1077,0
11224,Pueblo+de+b%C3%A1rbaros,595,441,0,91,0
11225,Pueblo+de+bonificaci%C3%B3n,606,471,0,134,3
11226,Pueblo+de+bonificaci%C3%B3n,525,392,0,139,4
11227,VIVA+CEUTA,604,467,2120634,2046,0
11228,Pueblo+de+b%C3%A1rbaros,566,409,0,96,0
11229,Pueblo+de+bonificaci%C3%B3n,501,388,0,81,5
11230,pueblo+de+TheRealPomo,543,601,2108883,26,0
11231,Pueblo+de+b%C3%A1rbaros,506,609,0,140,0
11232,Pueblo+de+bonificaci%C3%B3n,451,402,0,122,6
11233,Siege+is+Back,410,566,2184847,1926,0
11234,Pueblo+de+b%C3%A1rbaros,507,610,0,74,0
11235,Pueblo+de+bonificaci%C3%B3n,494,390,0,89,1
11236,Pueblo+de+bonificaci%C3%B3n,422,422,0,66,5
11237,pueblo+de+Invitado184848,416,574,2184848,26,0
11238,Pueblo+de+b%C3%A1rbaros,576,582,0,80,0
11239,Pueblo+de+bonificaci%C3%B3n,597,555,0,138,7
11240,Pueblo+de+bonificaci%C3%B3n,490,390,0,120,7
11241,pueblo+de+younes,455,603,2178580,26,0
11242,Pueblo+de+bonificaci%C3%B3n,475,607,0,109,4
11243,pueblo+de+Invitado184849,502,611,2184849,26,0
11244,004.+SITM,422,424,2058795,6007,1
11245,Obsidiana,548,600,2184850,161,0
11246,Pueblo+de+b%C3%A1rbaros,493,388,0,93,0
11247,A016+%7E+Bazooka,605,470,1783178,474,5
11248,pueblo+de+helices,390,526,1111150,44,0
11249,Pueblo+de+bonificaci%C3%B3n,600,546,0,170,4
11250,pueblo+de+Alee23,396,538,2184851,388,0
11251,Pueblo+de+b%C3%A1rbaros,400,547,0,136,0
11252,Pueblo+de+bonificaci%C3%B3n,461,400,0,92,1
11253,Pueblo+de+bonificaci%C3%B3n,585,430,0,126,7
11254,A001,589,568,2184852,2182,0
11255,072+Noble+P,433,590,2177696,969,4
11256,LiciZone,486,393,1020508,260,0
11257,Pueblo+de+b%C3%A1rbaros,519,392,0,74,0
11258,Pueblo+de+bonificaci%C3%B3n,539,600,0,102,6
11259,Pueblo+de+bonificaci%C3%B3n,600,453,0,84,3
11260,Khisusnar,457,604,2109355,790,0
11261,Pueblo+de+b%C3%A1rbaros,570,415,0,156,0
11262,Pueblo+de+bonificaci%C3%B3n,477,390,0,91,7
11263,pueblo+de+C1D+CAMP3ADOR.,432,534,1611699,3691,0
11264,Pueblo+de+b%C3%A1rbaros,409,563,0,116,0
11265,Pueblo+de+bonificaci%C3%B3n,402,557,0,69,8
11266,Dimitrii,519,610,2127897,3437,0
11267,Pueblo+de+bonificaci%C3%B3n,575,580,0,73,5
11271,Pueblo+de+bonificaci%C3%B3n,508,390,0,88,7
11272,Pueblo+de+bonificaci%C3%B3n,388,490,0,114,7
11273,pueblo+de+wallybalta,391,498,2184855,99,0
11274,Pueblo+de+bonificaci%C3%B3n,585,428,0,115,7
11275,Pueblo+de+bonificaci%C3%B3n,511,388,0,113,5
11276,pueblo+de+pesadilla,599,553,2184857,64,0
11277,Pueblo+de+bonificaci%C3%B3n,459,396,0,145,9
11281,pueblo+de+magna,397,536,2184859,54,0
11282,Pueblo+de+b%C3%A1rbaros,393,526,0,128,0
11283,Pueblo+de+bonificaci%C3%B3n,601,548,0,109,1
11284,pueblo+de+Alien,607,481,2142246,26,0
11285,Pueblo+de+b%C3%A1rbaros,389,484,0,99,0
11286,Pueblo+de+bonificaci%C3%B3n,581,424,0,96,1
11287,pueblo+de+mackrodro,579,438,1555525,445,0
11288,Pueblo+de+b%C3%A1rbaros,593,445,0,129,0
11289,Pueblo+de+bonificaci%C3%B3n,389,487,0,86,7
11290,pueblo+de+ketnio,414,573,2184861,32,0
11291,Pueblo+de+b%C3%A1rbaros,589,567,0,74,0
11292,Pueblo+de+bonificaci%C3%B3n,558,594,0,107,5
11293,Nunce,391,481,2184862,197,0
11294,Pueblo+de+b%C3%A1rbaros,388,496,0,89,0
11295,Pueblo+de+bonificaci%C3%B3n,525,390,0,117,6
11296,Peri+X,464,604,28243,3820,8
11297,pueblo+de+Prendes,602,463,2118666,26,0
11298,Pueblo+de+bonificaci%C3%B3n,395,536,0,109,2
11299,Pueblo+de+bonificaci%C3%B3n,405,555,0,79,6
11300,BARMY,568,437,1949840,1900,0
11301,Pueblo+de+b%C3%A1rbaros,608,513,0,73,0
11302,Pueblo+de+bonificaci%C3%B3n,440,590,0,148,1
11303,pueblo+de+Whale.CapitalInvestments,566,591,2183603,26,0
11304,Pueblo+de+b%C3%A1rbaros,579,579,0,81,0
11305,Pueblo+de+bonificaci%C3%B3n,554,599,0,87,5
11306,Pueblo+de+bonificaci%C3%B3n,470,392,0,101,2
11307,Hashirama,476,393,1954165,59,0
11308,Pueblo+de+b%C3%A1rbaros,469,606,0,92,0
11309,Noble+B020,499,609,2123065,863,9
11310,Pueblo+de+bonificaci%C3%B3n,574,415,0,93,5
11311,pueblo+de+Sexta,467,397,4090,26,0
11312,Pueblo+de+b%C3%A1rbaros,515,609,0,114,0
11313,Pueblo+de+bonificaci%C3%B3n,465,604,0,83,7
11314,LARDILANDIA,438,406,930,1675,0
11315,Pueblo+de+b%C3%A1rbaros,482,611,0,85,0
11316,Pueblo+de+bonificaci%C3%B3n,582,577,0,112,7
11317,folkz,560,410,2184863,2315,0
11318,Pueblo+de+b%C3%A1rbaros,546,602,0,71,0
11319,010+-+Honor+a+Don+Alkimia,457,605,286637,1612,9
11320,pueblo+de+Hobbith2,411,565,2184864,88,0
11321,0015,444,595,1344475,1378,8
11322,K_002,574,580,2132406,350,2
11323,01%7CBoteni,389,492,2184865,432,0
11324,Pueblo+de+bonificaci%C3%B3n,594,443,0,83,5
11325,AzTLaN,545,602,84184,1979,0
11326,Pueblo+de+b%C3%A1rbaros,471,394,0,92,0
11327,Pueblo+de+bonificaci%C3%B3n,437,593,0,151,2
11328,pueblo+de+bkn10,602,460,442134,106,0
11329,ccc,415,571,1731373,278,8
11330,Pueblo+de+bonificaci%C3%B3n,555,599,0,102,6
11331,pueblo+de+ying,573,416,1614541,2596,0
11332,Pueblo+de+bonificaci%C3%B3n,458,396,0,110,5
11333,Ciudad+de+Montesdeoca+%3D001%3D,525,389,2143382,4759,0
11334,Pueblo+de+b%C3%A1rbaros,564,407,0,141,0
11335,Pueblo+de+bonificaci%C3%B3n,440,594,0,89,5
11336,04+DTY+Deltoya,550,596,287776,839,8
11338,Pueblo+de+b%C3%A1rbaros,416,571,0,135,0
11339,Pueblo+de+bonificaci%C3%B3n,391,515,0,80,2
11340,Pueblo+de+bonificaci%C3%B3n,585,572,0,117,1
11341,pueblo+de+Cadizbcn,525,476,2131314,1549,0
11342,Pueblo+de+bonificaci%C3%B3n,484,389,0,77,1
11343,001+El+sue%C3%B1o+de+Alb,404,441,2183428,548,0
11344,Pueblo+de+bonificaci%C3%B3n,594,554,0,71,9
11346,Pueblo+de+b%C3%A1rbaros,419,576,0,108,0
11347,Pueblo+de+bonificaci%C3%B3n,587,566,0,66,2
11348,Noble+B007,497,612,2123065,886,6
11349,kattegat,567,589,2088438,1802,0
11350,Pueblo+de+b%C3%A1rbaros,559,406,0,57,0
11351,D001+Pentos,592,440,2085697,3398,8
11352,pueblo+de+pepelamete,529,572,2065395,2707,0
11353,Pueblo+de+bonificaci%C3%B3n,598,551,0,101,2
11354,pueblo+de+mescal,554,595,2184867,246,0
11355,Pueblo+de+bonificaci%C3%B3n,487,610,0,143,8
11356,pueblo+de+latiqu,606,476,2110351,2693,0
11357,Pueblo+de+b%C3%A1rbaros,405,551,0,104,0
11358,Pueblo+de+bonificaci%C3%B3n,391,530,0,119,7
11359,pueblo+de+ReivaX,585,433,2184868,54,0
11360,Pueblo+de+bonificaci%C3%B3n,592,556,0,110,5
11361,Pueblo+de+bonificaci%C3%B3n,610,482,0,123,6
11362,pueblo+de+Phibius,425,416,2183545,83,0
11363,Pueblo+de+bonificaci%C3%B3n,464,394,0,69,7
11364,pueblo+de+EdEr7,454,601,1966769,165,0
11365,Pueblo+de+bonificaci%C3%B3n,392,480,0,100,8
11366,pueblo+de+gurras+riviales,401,554,265478,50,0
11367,Pueblo+de+bonificaci%C3%B3n,562,410,0,98,7
11368,Pueblo+de+bonificaci%C3%B3n,526,607,0,135,8
11369,pueblo+de+UnTalCevagros,405,552,2183955,26,0
11370,Pueblo+de+bonificaci%C3%B3n,473,606,0,63,6
11371,pueblo+de+Mobotombo,418,577,1824034,26,0
11372,Pueblo+de+b%C3%A1rbaros,543,400,0,94,0
11373,Pueblo+de+bonificaci%C3%B3n,540,398,0,96,3
11374,pueblo+de+Vakna,542,602,31459,26,0
11375,A018+%7E+Rocket,609,470,1783178,693,4
11376,Restructuracion+del+Arte,501,390,1982781,1813,0
11377,yecktor+03,472,391,2086862,457,8
11378,Pueblo+de+bonificaci%C3%B3n,388,484,0,62,8
11379,V+de+vendetta,613,488,2179524,1756,0
11380,Pueblo+de+bonificaci%C3%B3n,400,543,0,90,9
11381,pueblo+de+d3byan,445,534,933357,26,0
11382,Pueblo+de+b%C3%A1rbaros,551,599,0,101,0
11383,Pueblo+de+bonificaci%C3%B3n,405,439,0,110,3
11384,Pueblo+de+bonificaci%C3%B3n,534,605,0,109,5
11385,lord+tony,611,505,2184870,243,0
11386,Pueblo+de+bonificaci%C3%B3n,586,426,0,159,4
11387,pueblo+de+SpaceJam,393,534,2178077,2693,0
11388,37.,462,398,2124912,403,8
11389,Pueblo+de+bonificaci%C3%B3n,562,594,0,110,2
11390,pueblo+de+Drake31,414,429,2180535,2505,0
11391,Pueblo+de+b%C3%A1rbaros,509,387,0,112,0
11392,008+-+Honor+a+Don+Alkimia,455,600,286637,1798,5
11393,Pueblo+de+bonificaci%C3%B3n,572,585,0,71,2
11394,pueblo+de+Rey+Viriato,524,392,2177328,1917,0
11395,Pueblo+de+b%C3%A1rbaros,554,401,0,106,0
11396,Pueblo+de+bonificaci%C3%B3n,427,418,0,89,1
11397,Pueblo+de+bonificaci%C3%B3n,392,520,0,101,6
11398,pueblo+de+Kaden+Armstrong23,454,402,2180538,2189,0
11399,Pueblo+de+bonificaci%C3%B3n,408,439,0,64,6
11400,pueblo+de+Houston+Prosacco5,398,459,2180536,2441,0
11401,Pueblo+de+bonificaci%C3%B3n,414,571,0,93,4
11402,N000,407,444,2113964,2709,8
11403,pueblo+de+pepenando,485,609,2070726,26,0
11404,Pueblo+de+b%C3%A1rbaros,603,458,0,113,0
11405,Pueblo+de+bonificaci%C3%B3n,613,493,0,102,3
11406,BICKTOS,610,495,2434,684,0
11407,Pueblo+de+b%C3%A1rbaros,428,417,0,170,0
11408,Pueblo+de+bonificaci%C3%B3n,562,408,0,114,9
11409,pueblo+de+ELPARAETO,511,604,2184871,505,0
11410,Pueblo+de+bonificaci%C3%B3n,393,469,0,113,5
11411,Pueblo+de+bonificaci%C3%B3n,522,393,0,85,1
11412,001+Protegido+de+KanO,432,409,944051,1135,0
11413,Pueblo+de+bonificaci%C3%B3n,539,605,0,92,1
11414,028+El+Ultimo+Hogar,557,402,164,1468,4
11415,001+AURANA,603,546,1262171,736,0
11416,Pueblo+de+b%C3%A1rbaros,590,561,0,104,0
11417,Pueblo+de+bonificaci%C3%B3n,447,400,0,95,2
11418,Pueblo+de+bonificaci%C3%B3n,433,588,0,63,1
11419,rozacunetas,605,530,2184872,2698,0
11420,Pueblo+de+bonificaci%C3%B3n,598,556,0,104,5
11421,pueblo+de+maxbanyoles,477,609,1238619,26,0
11422,oooohtia+AmeegoH+004,480,394,2051496,827,9
11423,Pueblo+de+bonificaci%C3%B3n,573,587,0,78,4
11424,pueblo+de+sombrasdemordor,532,580,2079605,1990,0
11425,Pueblo+de+bonificaci%C3%B3n,505,388,0,106,9
11426,es103A-La+Plata,610,494,2094649,1792,0
11427,0016,442,597,1344475,1400,4
11428,Pueblo+de+bonificaci%C3%B3n,528,609,0,88,7
11429,pueblo+de+Prietuni,404,439,2170779,26,0
11430,Pueblo+de+bonificaci%C3%B3n,558,406,1994337,1933,8
11431,013+solovisa,430,417,2071214,276,8
11433,Pueblo+de+bonificaci%C3%B3n,440,593,0,99,5
11434,pueblo+de+themper,406,442,2123179,26,0
11435,A023+%7E+Thunderbolt+Tempo,609,478,1783178,326,4
11436,Pueblo+de+bonificaci%C3%B3n,609,512,0,117,7
11437,elgranangelete,397,465,429933,536,0
11438,Pueblo+de+bonificaci%C3%B3n,398,463,0,109,7
11439,Profeback,559,404,2184874,1591,0
11440,Pueblo+de+b%C3%A1rbaros,591,435,0,138,0
11441,Noble+0005,387,509,403419,2406,8
11442,pueblo+de+Invitado184875,487,389,2184875,50,0
11443,Pueblo+de+b%C3%A1rbaros,549,597,0,79,0
11444,Pueblo+de+bonificaci%C3%B3n,388,486,0,90,6
11445,Panchito,410,567,2182356,699,0
11446,Pueblo+de+b%C3%A1rbaros,425,586,0,74,0
11447,Pueblo+de+bonificaci%C3%B3n,437,408,0,86,1
11448,Pueblo+de+bonificaci%C3%B3n,592,438,0,62,1
11449,pueblo+de+Se%C3%B1or+Victor,568,411,2179188,345,0
11450,Pueblo+de+bonificaci%C3%B3n,410,432,0,88,7
11451,01+Guinness,397,458,1327372,2825,0
11452,Pueblo+de+bonificaci%C3%B3n,553,399,0,53,9
11453,pueblo+de+Alkimim,587,431,2184349,191,0
11454,Pueblo+de+bonificaci%C3%B3n,479,610,0,74,1
11455,pueblo+de+Romax,461,607,1937293,26,0
11456,Pueblo+de+b%C3%A1rbaros,444,406,0,85,0
11457,Pueblo+de+bonificaci%C3%B3n,611,482,0,108,8
11458,Pueblo+de+bonificaci%C3%B3n,608,522,0,86,5
11459,pueblo+de+A+n+d+r+e+s,574,584,2182082,26,0
11460,Pueblo+de+b%C3%A1rbaros,492,611,0,85,0
11461,HeLeNa,451,602,23046,2499,1
11462,Pueblo+de+bonificaci%C3%B3n,607,537,0,107,8
11463,RamayonCity,498,613,1919083,344,0
11464,004+sur,512,612,2181523,2282,3
11465,pueblo+de+laracha,389,497,1294992,89,0
11466,Pueblo+de+bonificaci%C3%B3n,488,389,0,102,3
11467,pueblo+de+GaFeBi,426,417,2072440,66,0
11468,003+HDA+ocioso,603,543,1519293,672,8
11469,pueblo+de+edgar2793,561,590,1933392,26,0
11470,Pueblo+de+bonificaci%C3%B3n,416,573,0,113,8
11471,001+%7C,390,515,2184877,800,0
11472,Pueblo+de+bonificaci%C3%B3n,433,585,0,128,1
11473,pueblo+de+enek00x,576,583,2174108,121,0
11474,Pueblo+de+bonificaci%C3%B3n,579,581,0,74,2
11475,pueblo+de+PEZ-DIABLO,614,508,2078998,2318,0
11476,Pueblo+de+bonificaci%C3%B3n,428,584,0,110,5
11477,%5B001%5D+Vikyng,534,609,157446,3334,0
11478,Romero,573,584,2073946,1316,8
11479,pueblo+de+tevoPunk,611,523,1734482,64,0
11480,Pueblo+de+bonificaci%C3%B3n,580,576,0,95,4
11481,pueblo+de+Juliux,446,425,2184255,1568,0
11482,Pueblo+de+b%C3%A1rbaros,427,580,0,92,0
11483,Pueblo+de+bonificaci%C3%B3n,570,584,0,102,1
11484,Pueblo+de+bonificaci%C3%B3n,480,389,0,78,7
11485,CORME,455,604,2184878,47,0
11486,Pueblo+de+b%C3%A1rbaros,396,545,0,94,0
11487,Pueblo+de+bonificaci%C3%B3n,601,449,0,97,3
11488,pueblo+de+Dani88,609,511,2179795,2304,0
11489,Pueblo+de+bonificaci%C3%B3n,491,389,0,101,3
11490,pueblo+de+YESTE,393,481,2180095,2530,0
11491,Pueblo+de+b%C3%A1rbaros,392,504,0,113,0
11492,013+-,392,487,1169034,1881,4
11493,Villa+Prinx,589,563,2038837,232,0
11494,Pueblo+de+bonificaci%C3%B3n,604,547,0,62,3
11495,pueblo+de+jonas,408,562,2184879,80,0
11496,Pueblo+de+b%C3%A1rbaros,463,396,0,78,0
11497,Pueblo+de+bonificaci%C3%B3n,540,601,0,105,3
11498,Pueblo+de+bonificaci%C3%B3n,521,611,0,100,9
11499,oooohtia+AmeegoH,481,392,2051496,5141,0
11500,Pueblo+de+bonificaci%C3%B3n,563,594,0,103,3
11501,052+GROCC,610,513,2133408,1891,4
11503,Noble+B005,504,614,2123065,1003,1
11504,Pueblo+de+bonificaci%C3%B3n,395,462,0,157,3
11505,pueblo+de+DarkLegend,396,536,1592344,1439,0
11506,Pueblo+de+bonificaci%C3%B3n,388,502,0,98,9
11507,Aiur,503,389,2175306,411,0
11508,Pueblo+de+b%C3%A1rbaros,531,391,0,102,0
11509,Pueblo+de+bonificaci%C3%B3n,605,464,0,78,5
11510,02+Merlina,398,461,1327372,454,4
11511,Pueblo+de+Juanjo63,455,399,2054684,836,0
11512,Pueblo+de+bonificaci%C3%B3n,553,402,0,85,5
11513,Pueblo+de+bonificaci%C3%B3n,388,512,1546340,112,4
11514,pueblo+de+Jotakaide,392,476,2110420,187,0
11515,Pueblo+de+b%C3%A1rbaros,505,389,0,87,0
11516,Pueblo+de+bonificaci%C3%B3n,463,604,0,59,6
11521,pueblo+de+tiagopoli,397,541,2184882,26,0
11522,Pueblo+de+b%C3%A1rbaros,392,485,0,119,0
11523,Pueblo+de+bonificaci%C3%B3n,613,495,0,75,2
11524,pueblo+de+Al+Bundy,575,582,2173499,26,0
11525,Pueblo+de+b%C3%A1rbaros,612,511,0,96,0
11526,Pueblo+de+bonificaci%C3%B3n,407,567,0,118,5
11527,Pueblo+de+bonificaci%C3%B3n,445,599,0,95,2
11528,Mamen,505,609,2178467,3531,0
11529,Pueblo+de+b%C3%A1rbaros,429,417,0,71,0
11530,Pueblo+de+bonificaci%C3%B3n,462,608,0,93,2
11531,N001,404,443,2113964,2252,8
11532,VILLA+MARIA,397,535,2124895,1349,0
11533,Pueblo+de+b%C3%A1rbaros,391,482,0,94,0
11534,Pueblo+de+bonificaci%C3%B3n,473,609,0,100,6
11535,Pueblo+de+bonificaci%C3%B3n,610,524,0,89,7
11536,pueblo+de+Guillermo7,513,426,317909,1415,0
11537,Pueblo+de+bonificaci%C3%B3n,450,600,0,84,6
11538,Pueblo+de+bonificaci%C3%B3n,601,550,0,106,3
11539,pueblo+de+Mae+Legros,463,607,2180534,2429,0
11540,Pueblo+de+bonificaci%C3%B3n,543,602,0,111,9
11541,pueblo+de+galiux,447,598,1890471,1967,0
11542,Pueblo+de+bonificaci%C3%B3n,492,612,0,108,4
11543,Pueblo+de+bonificaci%C3%B3n,389,495,0,105,5
11544,001,559,595,1563523,1672,0
11545,Pueblo+de+bonificaci%C3%B3n,571,417,0,83,7
11546,018,394,529,311234,785,4
11547,pueblo+de+-InsideOrMind-,574,586,2127098,26,0
11548,Pueblo+de+b%C3%A1rbaros,428,415,0,120,0
11549,Pueblo+de+bonificaci%C3%B3n,457,397,0,98,2
11550,Pueblo+de+bonificaci%C3%B3n,520,391,0,100,4
11551,pueblo+de+albeert368,551,593,2144056,392,0
11552,Pueblo+de+b%C3%A1rbaros,579,418,0,67,0
11553,Pueblo+de+bonificaci%C3%B3n,439,594,0,95,9
11554,Pueblo+de+bonificaci%C3%B3n,420,419,0,92,2
11555,GAMISALA,595,439,2173233,218,0
11556,Pueblo+de+b%C3%A1rbaros,507,611,0,88,0
11557,Pueblo+de+bonificaci%C3%B3n,560,594,0,75,6
11558,Pueblo+de+bonificaci%C3%B3n,407,439,0,86,9
11559,pueblo+de+kidok,412,566,2184243,26,0
11560,Pueblo+de+bonificaci%C3%B3n,421,579,0,142,4
11561,Pueblo+de+bonificaci%C3%B3n,404,561,0,80,2
11562,pueblo+de+ronda,612,484,2184884,26,0
11563,Pueblo+de+b%C3%A1rbaros,424,421,0,99,0
11564,Pueblo+de+bonificaci%C3%B3n,602,544,0,78,8
11566,Pueblo+de+b%C3%A1rbaros,608,531,0,49,0
11567,Pueblo+de+bonificaci%C3%B3n,442,407,0,86,6
11568,pueblo+de+yannette,601,507,1943414,446,0
11569,Pueblo+de+bonificaci%C3%B3n,591,436,0,102,6
11570,015,393,524,311234,1110,9
11571,pueblo+de+julioguerrajr,576,459,2182083,354,0
11572,004,584,424,2182121,1936,4
11573,Pueblo+de+bonificaci%C3%B3n,420,581,0,69,5
11575,Pueblo+de+b%C3%A1rbaros,422,421,0,73,0
11576,Pueblo+de+bonificaci%C3%B3n,407,557,0,83,5
11577,Peru,588,463,2184885,970,0
11578,Pueblo+de+b%C3%A1rbaros,594,561,0,88,0
11579,Pueblo+de+bonificaci%C3%B3n,405,556,0,123,9
11580,Pueblo+de+bonificaci%C3%B3n,589,566,0,67,7
11581,meh,556,597,402246,1843,0
11582,Pueblo+de+b%C3%A1rbaros,508,388,0,89,0
11583,Pueblo+de+bonificaci%C3%B3n,452,397,0,62,2
11584,Pueblo+de+bonificaci%C3%B3n,387,506,0,63,4
11585,AlAmUt,446,404,869648,1194,0
11586,Pueblo+de+b%C3%A1rbaros,418,580,0,64,0
11587,Pueblo+de+bonificaci%C3%B3n,465,607,0,82,6
11589,Pueblo+de+bonificaci%C3%B3n,602,455,0,90,4
11590,pueblo+de+PORTUGA+DIAMOND,410,431,2178691,26,0
11591,Pueblo+de+b%C3%A1rbaros,390,472,0,100,0
11592,Pueblo+de+bonificaci%C3%B3n,427,416,0,99,7
11593,Pueblo+de+bonificaci%C3%B3n,428,583,0,108,3
11595,Pueblo+de+b%C3%A1rbaros,427,415,0,81,0
11596,Pueblo+de+bonificaci%C3%B3n,509,613,0,86,3
11597,pueblo+de+GaSecco,397,454,962319,26,0
11598,Pueblo+de+b%C3%A1rbaros,580,418,0,98,0
11599,Pueblo+de+bonificaci%C3%B3n,585,575,0,136,3
11600,Pueblo+de+bonificaci%C3%B3n,412,569,0,98,3
11601,pueblo+de+Blublu,567,588,2184201,434,0
11602,Pueblo+de+b%C3%A1rbaros,602,456,0,114,0
11603,04+Roma,395,458,1327372,361,5
11604,Pueblo+de+bonificaci%C3%B3n,387,511,0,99,7
11605,pueblo+de+HooLeeShet,576,455,2184505,182,0
11606,Pueblo+de+b%C3%A1rbaros,510,614,0,74,0
11607,Pueblo+de+bonificaci%C3%B3n,462,607,0,100,1
11608,Pueblo+de+bonificaci%C3%B3n,523,389,0,66,8
11609,Asunci%C3%B3n,608,528,2182237,753,0
11610,Pueblo+de+b%C3%A1rbaros,566,590,0,86,0
11611,Pueblo+de+bonificaci%C3%B3n,402,556,0,65,7
11612,Pueblo+de+bonificaci%C3%B3n,454,604,0,129,2
11613,Se%C3%B1orLuisHdez,541,395,2030151,407,0
11614,Pueblo+de+bonificaci%C3%B3n,563,591,0,119,5
11615,San+Marcos,391,517,2184889,204,0
11616,Pueblo+de+b%C3%A1rbaros,391,514,0,100,0
11617,Pueblo+de+bonificaci%C3%B3n,449,404,0,73,1
11618,Pueblo+de+bonificaci%C3%B3n,543,600,0,61,7
11619,pueblo+de+HEAT,550,399,2140446,2413,0
11620,Pueblo+de+bonificaci%C3%B3n,433,408,0,81,8
11621,SI+VIS+PACEM%2C+PARA+BELLUM,489,501,433818,1320,0
11622,Pueblo+de+b%C3%A1rbaros,387,513,0,75,0
11623,Pueblo+de+bonificaci%C3%B3n,609,527,0,66,5
11624,MAXIMO,444,428,2096081,3415,0
11625,Pueblo+de+bonificaci%C3%B3n,540,603,0,108,8
11626,Pueblo+de+bonificaci%C3%B3n,481,609,1863997,77,8
11627,pueblo+de+curro88,464,397,1329046,693,0
11628,Pueblo+de+b%C3%A1rbaros,442,404,0,65,0
11629,Pueblo+de+bonificaci%C3%B3n,546,397,0,70,5
11630,pueblo+de+ReydelaVictoria,399,453,2184890,26,0
11631,Pueblo+de+b%C3%A1rbaros,511,387,0,108,0
11632,Pueblo+de+bonificaci%C3%B3n,395,454,0,81,6
11633,pueblo+de+foncho,461,604,203514,960,0
11634,Pueblo+de+bonificaci%C3%B3n,594,436,0,86,1
11635,pueblo+de+Redinton,430,578,2129732,5760,0
11636,Pueblo+de+bonificaci%C3%B3n,487,609,0,102,9
11637,Pueblo+de+bonificaci%C3%B3n,414,424,0,103,7
11638,pueblo+de+Invitado184892,577,418,2184892,32,0
11639,Pueblo+de+b%C3%A1rbaros,596,560,0,125,0
11640,Pueblo+de+bonificaci%C3%B3n,446,596,0,98,1
11641,009+-+Honor+a+Don+Alkimia,456,603,286637,1351,5
11642,01.,446,437,2173719,2466,0
11643,Pueblo+de+b%C3%A1rbaros,591,434,0,115,0
11644,Pueblo+de+bonificaci%C3%B3n,586,572,0,103,8
11645,Pueblo+de+bonificaci%C3%B3n,603,544,0,89,2
11646,pueblo+de+satornu195,588,567,2119752,48,0
11647,Pueblo+de+b%C3%A1rbaros,400,446,0,70,0
11648,Pueblo+de+bonificaci%C3%B3n,424,581,0,75,9
11649,pueblo+de+ariel9874,609,514,107796,26,0
11650,Pueblo+de+b%C3%A1rbaros,612,485,0,126,0
11651,Pueblo+de+bonificaci%C3%B3n,460,394,0,68,2
11652,pueblo+de+abderafi,522,611,320258,26,0
11653,Pueblo+de+bonificaci%C3%B3n,390,525,0,50,7
11654,Helmantica,411,429,1638135,369,0
11655,Pueblo+de+b%C3%A1rbaros,597,440,0,71,0
11656,Pueblo+de+bonificaci%C3%B3n,403,440,0,90,8
11657,Pueblo+de+bonificaci%C3%B3n,533,606,0,87,2
11658,pueblo+de+aguilar09,536,392,227730,152,0
11659,Pueblo+de+b%C3%A1rbaros,521,388,0,110,0
11660,Pueblo+de+bonificaci%C3%B3n,456,398,0,69,8
11661,Pueblo+de+bonificaci%C3%B3n,608,529,0,99,5
11662,pueblo+de+JAJAEF,443,599,821730,1767,0
11663,Pueblo+de+bonificaci%C3%B3n,580,422,0,72,6
11664,La+Castellonera,424,420,2184893,532,0
11665,A030%7E+East+Blue,608,472,1783178,185,5
11666,pueblo+de+Lwliet,610,529,1013969,26,0
11667,Pueblo+de+b%C3%A1rbaros,537,396,0,126,0
11668,Pueblo+de+bonificaci%C3%B3n,603,457,0,109,4
11669,-001-+ANTIPERUANOS,607,471,2080999,3085,0
11670,Pueblo+de+b%C3%A1rbaros,566,587,0,71,0
11671,Pueblo+de+bonificaci%C3%B3n,395,542,0,82,3
11672,Pueblo+de+bonificaci%C3%B3n,588,571,0,83,7
11673,pueblo+de+Theodorburg,505,614,2081973,228,0
11674,Pueblo+de+bonificaci%C3%B3n,441,597,0,146,9
11675,0000,506,388,992825,1055,8
11676,pueblo+de+Alfarinha,610,480,2171390,32,0
11677,Pueblo+de+b%C3%A1rbaros,604,535,0,66,0
11678,Pueblo+de+bonificaci%C3%B3n,393,475,0,118,7
11679,pueblo+de+rastapopolus,567,577,2121082,776,0
11680,Pueblo+de+b%C3%A1rbaros,428,412,0,72,0
11681,Pueblo+de+bonificaci%C3%B3n,536,393,2090745,174,6
11682,Se%C3%B1or+Daniels+01,486,389,2170741,1137,0
11683,Pueblo+de+bonificaci%C3%B3n,466,393,0,103,8
11684,Pueblo+de+bonificaci%C3%B3n,610,502,0,89,7
11685,pueblo+de+pucelano,603,452,2181744,532,0
11686,Pueblo+de+bonificaci%C3%B3n,406,564,0,75,9
11687,pueblo+de+cuervo92,405,563,2102025,718,0
11688,Pueblo+de+bonificaci%C3%B3n,584,423,0,90,8
11689,pueblo+de+guidolo200,386,486,504602,450,0
11690,Pueblo+de+bonificaci%C3%B3n,391,537,0,70,7
11692,Pueblo+de+bonificaci%C3%B3n,611,500,0,72,3
11693,Pueblo+de+bonificaci%C3%B3n,528,392,0,97,5
11694,pueblo+de+tigaelgt,402,559,2184895,32,0
11695,Pueblo+de+bonificaci%C3%B3n,388,515,0,109,6
11696,Pueblo+de+bonificaci%C3%B3n,391,524,0,62,1
11697,Pueblo+de+b%C3%A1rbaros,520,612,0,464,0
11698,Pueblo+de+b%C3%A1rbaros,549,598,0,68,0
11699,Pueblo+de+bonificaci%C3%B3n,607,465,0,52,8
11700,Pueblo+de+bonificaci%C3%B3n,602,546,0,74,5
11701,pueblo+de+zeus03,447,404,747111,399,0
11702,Pueblo+de+bonificaci%C3%B3n,396,463,0,94,1
11703,Pueblo+de+bonificaci%C3%B3n,549,397,0,54,9
11704,pueblo+de+Arkronz,528,389,2184896,110,0
11705,Pueblo+de+bonificaci%C3%B3n,387,492,0,70,3
11706,Pueblo+de+bonificaci%C3%B3n,385,500,0,128,2
11707,pueblo+de+JohN+Connor,457,607,2174595,26,0
11708,Pueblo+de+b%C3%A1rbaros,414,568,0,88,0
11709,Pueblo+de+bonificaci%C3%B3n,394,470,0,64,9
11710,Pueblo+de+bonificaci%C3%B3n,540,606,0,78,1
11711,pueblo+de+T+I+A+G+O+t+e+n+N,386,494,2184897,26,0
11715,pueblo+de+timberleik,390,485,1627610,26,0
11716,Pueblo+de+bonificaci%C3%B3n,418,573,0,81,5
11717,pueblo+de+sadas26,581,576,2128837,26,0
11718,Pueblo+de+b%C3%A1rbaros,508,387,0,89,0
11719,Pueblo+de+bonificaci%C3%B3n,466,607,0,95,6
11720,pueblo+de+verijames,514,576,433392,1943,0
11721,020-Probando,431,415,1317137,947,8
11722,pueblo+de+ZULADNA,585,571,2007265,934,0
11723,Pueblo+de+bonificaci%C3%B3n,603,453,0,71,6
11724,Pueblo+de+bonificaci%C3%B3n,609,487,0,82,6
11725,pueblo+de+Alber7o,413,570,2184898,81,0
11726,Pueblo+de+b%C3%A1rbaros,413,574,0,98,0
11727,Pueblo+de+bonificaci%C3%B3n,409,432,0,87,2
11728,Otero,578,582,764261,410,0
11729,Pueblo+de+b%C3%A1rbaros,539,397,0,56,0
11730,Pueblo+de+bonificaci%C3%B3n,515,387,0,81,1
11731,Pueblo+de+bonificaci%C3%B3n,454,603,0,54,2
11732,pueblo+de+zSPeeDZoom8ii,485,613,2174793,79,0
11733,05+Ragnarok,397,462,1327372,136,2
11734,pueblo+de+Jenkins,397,548,2136589,116,0
11735,Pueblo+de+bonificaci%C3%B3n,571,590,0,77,7
11736,Pueblo+de+bonificaci%C3%B3n,433,410,0,92,8
11737,pueblo+de+El-pillo,558,405,409970,26,0
11738,Pueblo+de+b%C3%A1rbaros,538,606,0,62,0
11739,Pueblo+de+bonificaci%C3%B3n,595,443,0,89,6
11740,Pueblo+de+bonificaci%C3%B3n,398,451,0,66,1
11741,pueblo+de+gabrielgalego,500,385,2184899,82,0
11742,Pueblo+de+b%C3%A1rbaros,610,489,0,66,0
11743,Pueblo+de+bonificaci%C3%B3n,403,439,0,57,5
11744,Pueblo+de+bonificaci%C3%B3n,606,458,0,79,4
11745,pueblo+de+te+lo+meto,480,608,2176170,26,0
11746,Pueblo+de+b%C3%A1rbaros,603,461,0,61,0
11747,Pueblo+de+bonificaci%C3%B3n,523,392,0,61,9
11748,Sevilla,520,387,2184901,178,0
11749,Pueblo+de+b%C3%A1rbaros,475,388,0,80,0
11750,Pueblo+de+bonificaci%C3%B3n,449,599,0,59,2
11751,Pueblo+de+bonificaci%C3%B3n,598,449,0,131,8
11752,pueblo+de+Invitado183607,610,471,2183607,1082,0
11753,Pueblo+de+b%C3%A1rbaros,572,589,0,97,0
11754,Pueblo+de+bonificaci%C3%B3n,535,396,0,55,7
11755,Pueblo+de+bonificaci%C3%B3n,478,392,0,98,7
11756,Avalon,580,430,2184234,1717,0
11757,Pueblo+de+bonificaci%C3%B3n,389,496,0,65,7
11758,Pueblo+de+bonificaci%C3%B3n,588,572,0,106,1
11759,pueblo+de+Vhanok,537,604,123151,26,0
11760,Pueblo+de+bonificaci%C3%B3n,608,535,0,107,9
11761,Pueblo+de+bonificaci%C3%B3n,615,509,0,58,2
11762,pueblo+de+Sr.Makako,545,398,2180431,26,0
11763,041.+McLeod,596,438,2088603,884,8
11764,Pueblo+de+bonificaci%C3%B3n,489,388,0,74,5
11765,pueblo+de+esteiko,524,405,2184321,26,0
11766,Pueblo+de+b%C3%A1rbaros,543,397,0,73,0
11767,Pueblo+de+bonificaci%C3%B3n,598,443,0,67,7
11768,pueblo+de+minion2034,552,572,2184908,138,0
11769,Pueblo+de+b%C3%A1rbaros,530,608,0,41,0
11770,Pueblo+de+bonificaci%C3%B3n,608,478,0,113,7
11771,pueblo+de+gabrielgalego3800,536,394,2184909,26,0
11772,Pueblo+de+bonificaci%C3%B3n,613,499,0,90,7
11773,otra+vez%21%21,401,446,19715,388,0
11774,Pueblo+de+bonificaci%C3%B3n,387,481,0,52,5
11775,Pueblo+de+bonificaci%C3%B3n,535,393,0,69,7
11776,pueblo+de+lord+gael,482,391,2144316,615,0
11777,Pueblo+de+bonificaci%C3%B3n,503,387,0,85,5
11778,pueblo+de+A.c.maximiano,416,421,2184910,32,0
11779,Pueblo+de+bonificaci%C3%B3n,551,603,0,50,4
11780,pueblo+de+salvamayor,397,551,2095168,262,0
11781,%2A2P%2A,518,608,2184526,1001,8
11782,pueblo+de+nomidista1,388,493,2119104,93,0
11783,Peri+barro,464,609,28243,1045,2
11784,Pueblo+de+bonificaci%C3%B3n,612,520,0,115,4
11785,pueblo+de+chiquitita,425,469,100797,208,0
11786,Pueblo+de+b%C3%A1rbaros,556,600,0,69,0
11787,Pueblo+de+bonificaci%C3%B3n,424,418,0,101,1
11788,Pueblo+de+bonificaci%C3%B3n,400,448,0,90,5
11789,El+Negro+Zumbon+estubo+aqui,547,399,585014,1055,0
11790,Pueblo+de+bonificaci%C3%B3n,527,393,0,55,4
11791,Pueblo+de+bonificaci%C3%B3n,399,449,0,69,1
11792,pueblo+de+TeamHS,526,390,2024660,68,0
11793,Pueblo+de+b%C3%A1rbaros,612,508,0,108,0
11794,011+-+Honor+a+Don+Alkimia,459,604,286637,882,4
11795,Pueblo+de+bonificaci%C3%B3n,440,408,0,100,8
11796,pueblo+de+Xitboy,412,574,2182309,47,0
11797,Pueblo+de+b%C3%A1rbaros,609,525,0,71,0
11798,Pueblo+de+bonificaci%C3%B3n,396,537,0,103,3
11799,Pueblo+de+bonificaci%C3%B3n,476,388,0,60,1
11800,pueblo+de+Dappuk,492,386,277740,26,0
11801,Pueblo+de+bonificaci%C3%B3n,604,458,0,60,4
11803,Pueblo+de+b%C3%A1rbaros,406,559,0,92,0
11804,Pueblo+de+bonificaci%C3%B3n,490,612,0,58,9
11805,Pueblo+de+bonificaci%C3%B3n,394,454,0,89,3
11806,Sr+Platano,413,556,2184912,1077,0
11807,Pueblo+de+b%C3%A1rbaros,391,476,0,104,0
11808,06+Mafering,395,457,1327372,209,9
11809,W103+-+Pueblo+de+bonificaci%C3%B3n,390,532,2048251,71,8
11810,pueblo+de+dannymir97,435,405,2184915,201,0
11811,Pueblo+de+b%C3%A1rbaros,526,610,0,78,0
11812,Pueblo+de+bonificaci%C3%B3n,528,612,0,60,3
11813,pueblo+de+Legna,613,489,2184916,124,0
11814,Pueblo+de+bonificaci%C3%B3n,437,594,0,102,6
11815,Pueblo+de+bonificaci%C3%B3n,452,603,0,74,2
11816,pueblo+de+desperteferro,415,422,1052135,311,0
11817,Pueblo+de+b%C3%A1rbaros,465,609,0,79,0
11818,Pueblo+de+bonificaci%C3%B3n,550,602,0,67,6
11820,Pueblo+de+bonificaci%C3%B3n,614,501,0,56,5
11821,pueblo+de+betosan123,407,564,2181488,412,0
11822,Pueblo+de+b%C3%A1rbaros,596,558,0,62,0
11823,Pueblo+de+bonificaci%C3%B3n,425,418,0,58,4
11824,pueblo+de+resurrecion,419,575,1646936,218,0
11825,Pueblo+de+b%C3%A1rbaros,595,556,0,58,0
11826,Pueblo+de+bonificaci%C3%B3n,385,508,0,101,6
11827,Cucuys,488,386,2181032,921,0
11828,Pueblo+de+bonificaci%C3%B3n,465,395,0,91,5
11830,Pueblo+de+bonificaci%C3%B3n,595,561,0,87,5
11831,Pueblo+de+bonificaci%C3%B3n,592,439,0,59,2
11832,pueblo+de+Destro%C3%A7ador20,457,398,2184919,26,0
11833,Pueblo+de+b%C3%A1rbaros,551,398,0,123,0
11834,Pueblo+de+bonificaci%C3%B3n,613,486,0,74,7
11835,021-Probando,428,416,1317137,960,9
11836,Cabezadevaca,417,575,2184920,971,0
11837,Pueblo+de+bonificaci%C3%B3n,570,408,0,85,5
11838,Pueblo+de+bonificaci%C3%B3n,531,390,0,83,5
11839,Exterminador+king,399,548,656164,1591,0
11840,Pueblo+de+b%C3%A1rbaros,440,402,0,76,0
11841,Pueblo+de+bonificaci%C3%B3n,390,499,0,77,7
11842,Noble+B009,503,612,2123065,812,8
11843,pueblo+de+XxaaronxX,595,559,2042685,26,0
11844,Pueblo+de+b%C3%A1rbaros,391,536,0,85,0
11845,Pueblo+de+bonificaci%C3%B3n,394,540,0,63,8
11846,001+BeBeni,506,386,2072660,845,0
11847,Pueblo+de+b%C3%A1rbaros,612,521,0,76,0
11848,Pueblo+de+bonificaci%C3%B3n,552,400,0,56,6
11849,Pueblo+de+bonificaci%C3%B3n,387,518,0,54,2
11850,pueblo+de+Se%C3%B1or+Heredia,612,486,2114618,26,0
11851,Pueblo+de+bonificaci%C3%B3n,415,570,0,63,6
11852,pueblo+de+Klein,393,457,15527,201,0
11853,Pueblo+de+bonificaci%C3%B3n,509,615,0,51,3
11854,C+de+C,435,410,2175287,220,0
11855,Pueblo+de+b%C3%A1rbaros,553,598,0,69,0
11856,Pueblo+de+bonificaci%C3%B3n,410,434,0,102,7
11857,Zeratulo,512,388,2197,917,0
11858,Pueblo+de+b%C3%A1rbaros,537,395,0,63,0
11859,Pueblo+de+bonificaci%C3%B3n,598,446,0,95,8
11860,Pueblo+de+bonificaci%C3%B3n,412,573,0,83,5
11862,Pueblo+de+bonificaci%C3%B3n,607,468,0,114,3
11863,Guererrosazules+01,607,528,2109384,644,0
11864,thoron04,402,449,2122320,67,2
11865,pueblo+de+zack19,463,393,2184924,54,0
11866,Pueblo+de+bonificaci%C3%B3n,388,507,0,80,6
11867,Pueblo+de+bonificaci%C3%B3n,570,413,0,62,3
11868,pueblo+de+Invitado184925,588,569,2184925,117,0
11869,Pueblo+de+b%C3%A1rbaros,476,392,0,101,0
11870,Pueblo+de+bonificaci%C3%B3n,524,613,0,64,1
11871,pueblo+de+Pueblos+de+barbaros,412,425,1370083,26,0
11872,Pueblo+de+bonificaci%C3%B3n,609,540,0,69,9
11873,pueblo+de+Abril,609,529,2184926,86,0
11874,Pueblo+de+b%C3%A1rbaros,480,388,0,78,0
11875,Pueblo+de+bonificaci%C3%B3n,385,507,1546340,98,4
11876,pueblo+de+Faustos+Deal,414,430,2041304,270,0
11877,Pueblo+de+b%C3%A1rbaros,530,609,0,87,0
11878,Pueblo+de+bonificaci%C3%B3n,411,571,0,68,2
11879,pueblo+de+NIKEF.,405,437,2113522,162,0
11880,Pueblo+de+b%C3%A1rbaros,569,591,0,66,0
11881,Pueblo+de+bonificaci%C3%B3n,569,411,0,69,9
11883,Pueblo+de+bonificaci%C3%B3n,588,429,0,48,5
11884,Pueblo+de+bonificaci%C3%B3n,433,593,0,98,1
11885,pueblo+de+KingRagnora,601,453,2181051,71,0
11886,Pueblo+de+bonificaci%C3%B3n,469,608,0,96,1
11887,pueblo+de+Monoera,615,508,2184928,290,0
11888,Pueblo+de+bonificaci%C3%B3n,610,486,0,69,3
11889,pueblo+de+oneko,527,388,2171820,26,0
11890,054+-+Noble,429,409,2179394,1907,5
11891,pueblo+de+Ismanu2910,572,590,2184927,26,0
11892,Pueblo+de+bonificaci%C3%B3n,512,387,0,83,1
11893,103%5B001%5D,493,613,952827,767,0
11894,Pueblo+de+b%C3%A1rbaros,516,610,0,49,0
11895,Pueblo+de+bonificaci%C3%B3n,392,472,0,51,3
11896,Pueblo+de+bonificaci%C3%B3n,486,386,0,99,7
11897,.i.,550,503,2124890,213,0
11898,Pueblo+de+bonificaci%C3%B3n,394,543,0,54,5
11899,pueblo+de+alejandroleic,589,432,1396464,26,0
11900,Pueblo+de+bonificaci%C3%B3n,573,589,0,93,9
11901,Shakymatrix,415,577,1642395,807,0
11902,Pueblo+de+bonificaci%C3%B3n,400,556,0,51,3
11904,Pueblo+de+b%C3%A1rbaros,386,501,0,74,0
11905,Pueblo+de+bonificaci%C3%B3n,499,390,0,70,3
11906,pueblo+de+Emiko12ar,395,470,2117494,1225,0
11907,Pueblo+de+b%C3%A1rbaros,579,578,0,93,0
11908,Pueblo+de+bonificaci%C3%B3n,448,400,0,56,5
11909,Pueblo+de+bonificaci%C3%B3n,523,390,0,79,5
11910,-%3DJ+sz+B%3D-,611,526,2184932,776,0
11911,Pueblo+de+b%C3%A1rbaros,604,541,0,77,0
11912,Pueblo+de+bonificaci%C3%B3n,411,428,0,86,7
11913,S003-zarra,513,612,19450,418,1
11914,GRX.,611,511,2183451,581,0
11915,Pueblo+de+b%C3%A1rbaros,507,615,0,64,0
11916,Pueblo+de+bonificaci%C3%B3n,387,497,0,61,1
11917,Pueblo+de+bonificaci%C3%B3n,569,592,0,108,9
11918,pueblo+de+ScraperP,450,537,2184933,1218,0
11919,Pueblo+de+b%C3%A1rbaros,605,536,0,85,0
11920,Pueblo+de+bonificaci%C3%B3n,405,440,0,99,9
11921,Pueblo+de+bonificaci%C3%B3n,602,457,0,56,2
11922,pueblo+de+Coke+Espi,454,394,2182026,26,0
11923,Pueblo+de+bonificaci%C3%B3n,613,484,0,60,9
11924,Pueblo+de+bonificaci%C3%B3n,493,614,0,61,7
11925,pueblo+de+Bomboncito18,458,554,2184934,45,0
11929,pueblo+de+Beethoven,458,551,2178204,868,0
11930,Pueblo+de+b%C3%A1rbaros,385,494,0,83,0
11931,Pueblo+de+bonificaci%C3%B3n,599,556,0,64,2
11932,pueblo+de+DejamePatear,459,570,2130617,1112,0
11933,Pueblo+de+bonificaci%C3%B3n,601,551,0,83,4
11934,Cabra,530,390,2184937,1055,0
11935,Pueblo+de+bonificaci%C3%B3n,539,607,0,55,1
11936,Pueblo+de+bonificaci%C3%B3n,591,570,0,122,9
11937,pueblo+de+Valeska1ar,388,470,2120650,210,0
11938,Pueblo+de+b%C3%A1rbaros,420,423,0,63,0
11939,001-Guerra+y+Poder,608,466,2182145,422,8
11940,pueblo+de+Invitado2000,465,548,2184938,1188,0
11941,Pueblo+de+bonificaci%C3%B3n,386,503,0,79,8
11942,Pueblo+de+bonificaci%C3%B3n,392,541,0,70,8
11943,pueblo+de+charlye,613,503,75864,296,0
11944,Pueblo+de+bonificaci%C3%B3n,608,476,0,59,7
11945,pueblo+de+xEMPRESS,486,567,2184939,61,0
11948,pueblo+de+znnarks,608,526,2183798,26,0
11949,Pueblo+de+bonificaci%C3%B3n,451,396,0,100,7
11950,Pueblo+de+bonificaci%C3%B3n,504,386,0,57,7
11951,pueblo+de+Chejote,550,600,2184940,26,0
11952,Pueblo+de+bonificaci%C3%B3n,580,581,0,57,7
11953,Pueblo+de+bonificaci%C3%B3n,393,538,0,53,5
11954,pueblo+de+avermonguar,607,505,2184941,126,0
11955,Pueblo+de+b%C3%A1rbaros,565,406,0,72,0
11956,Pueblo+de+bonificaci%C3%B3n,436,404,0,55,5
11957,vsem+privet,445,535,2179728,2383,0
11958,Pueblo+de+b%C3%A1rbaros,483,611,0,61,0
11959,Pueblo+de+bonificaci%C3%B3n,386,499,0,64,5
11960,pueblo+de+CabrerAntrax,440,598,2184961,68,0
11961,Pueblo+de+bonificaci%C3%B3n,511,389,0,91,9
11962,OJOS+NEGROS,491,385,2096365,1544,0
11963,Pueblo+de+bonificaci%C3%B3n,615,493,0,62,9
11964,Pueblo+de+bonificaci%C3%B3n,612,483,0,54,5
11965,pueblo+de+Bellingham,606,456,2132110,228,0
11966,Pueblo+de+b%C3%A1rbaros,498,385,0,53,0
11967,Pueblo+de+bonificaci%C3%B3n,487,386,0,69,4
11968,Pueblo+de+bonificaci%C3%B3n,408,433,0,43,1
11969,pueblo+de+Stutgart,568,588,2144326,234,0
11970,Pueblo+de+b%C3%A1rbaros,597,556,0,58,0
11971,Pueblo+de+bonificaci%C3%B3n,611,476,0,45,6
11972,Pueblo+de+bonificaci%C3%B3n,407,566,0,51,6
11973,pueblo+de+Kiste,612,499,2177327,471,0
11974,005+HDA+bernabeu,567,592,1519293,1256,8
11975,pueblo+de+CamelToe,410,569,2110338,234,0
11976,Pueblo+de+b%C3%A1rbaros,592,435,0,73,0
11977,Pueblo+de+bonificaci%C3%B3n,396,540,0,55,8
11978,Pueblo+de+bonificaci%C3%B3n,526,388,0,48,4
11979,pueblo+de+Juanantonio,388,471,2178080,202,0
11980,Pueblo+de+b%C3%A1rbaros,420,583,0,80,0
11981,A027+%7E+Hawkeyes,612,476,1783178,244,5
11982,pueblo+de+AFKEterno,482,388,2182062,234,0
11983,Pueblo+de+b%C3%A1rbaros,402,563,0,57,0
11984,Pueblo+de+bonificaci%C3%B3n,388,472,0,58,1
11985,Pueblo+de+bonificaci%C3%B3n,467,394,0,54,3
11986,pueblo+de+Kiaram.,507,613,2182060,234,0
11987,Pueblo+de+b%C3%A1rbaros,612,514,0,103,0
11988,Pueblo+de+bonificaci%C3%B3n,420,420,0,53,6
11989,Pueblo+de+bonificaci%C3%B3n,589,570,0,80,7
11990,pueblo+de+Spiderman,572,587,2178078,234,0
11991,Pueblo+de+b%C3%A1rbaros,412,427,0,59,0
11992,Pueblo+de+bonificaci%C3%B3n,408,564,0,58,1
11993,Pueblo+de+bonificaci%C3%B3n,412,429,0,102,4
11994,pueblo+de+Valeera,444,600,2179791,234,0
11995,Pueblo+de+bonificaci%C3%B3n,394,542,0,62,5
11996,pueblo+de+joxema91,533,394,2180058,26,0
11997,Pueblo+de+b%C3%A1rbaros,393,539,0,67,0
11998,Cord+2,535,611,2133518,250,2
11999,Pueblo+de+bonificaci%C3%B3n,507,612,0,43,1
12000,pueblo+de+pereira,486,615,2178638,1089,0
12001,Pueblo+de+bonificaci%C3%B3n,535,391,0,72,5
12002,Pueblo+de+bonificaci%C3%B3n,608,459,0,61,7
12003,pueblo+de+cony77,392,525,2184985,1174,0
12004,Pueblo+de+b%C3%A1rbaros,577,416,0,92,0
12005,Pueblo+de+bonificaci%C3%B3n,486,613,0,85,3
12006,Pueblo+de+bonificaci%C3%B3n,400,443,0,64,2
12007,ragnarok,489,616,2184988,533,0
12008,Pueblo+de+b%C3%A1rbaros,456,395,0,80,0
12009,Pueblo+de+bonificaci%C3%B3n,468,390,0,63,4
12010,Pueblo+de+bonificaci%C3%B3n,385,499,0,62,9
12011,pueblo+de+santanyi,605,550,2184990,44,0
12012,Pueblo+de+bonificaci%C3%B3n,413,429,0,58,6
12013,Pueblo+de+bonificaci%C3%B3n,510,615,0,61,3
12014,Kalope01,492,391,2184992,645,0
12015,Pueblo+de+bonificaci%C3%B3n,605,538,0,58,4
12016,Pueblo+de+bonificaci%C3%B3n,402,551,0,71,8
12017,Can+Blaiker,612,530,2184993,509,0
12018,Pueblo+de+bonificaci%C3%B3n,395,551,0,57,1
12022,pueblo+de+mai93,490,611,2176087,174,0
12023,Pueblo+de+b%C3%A1rbaros,460,604,0,76,0
12024,04+ventisca,577,580,1691132,321,8
12025,pueblo+de+Tenea+Tecnologias,391,523,2113702,228,0
12026,Pueblo+de+b%C3%A1rbaros,587,569,0,70,0
12027,Pueblo+de+bonificaci%C3%B3n,391,467,0,58,8
12028,Pueblo+de+bonificaci%C3%B3n,385,492,0,59,2
12029,SrAnubis,553,401,2184995,298,0
12030,Pueblo+de+bonificaci%C3%B3n,573,591,0,51,1
12031,Pueblo+de+bonificaci%C3%B3n,482,389,0,60,3
12032,pueblo+de+Kaniel+Outis,616,499,2184996,26,0
12033,Pueblo+de+b%C3%A1rbaros,613,519,0,59,0
12034,Pueblo+de+bonificaci%C3%B3n,423,419,0,69,7
12035,Cord+1,536,611,2133518,292,3
12036,pueblo+de+paulinho,402,555,2059664,26,0
12037,Pueblo+de+bonificaci%C3%B3n,597,560,0,65,8
12038,pueblo+de+reigodofwar,392,529,2175504,26,0
12039,Pueblo+de+b%C3%A1rbaros,565,594,0,63,0
12040,Pueblo+de+bonificaci%C3%B3n,397,553,0,55,3
12041,Terra,570,593,2184997,214,0
12044,Pueblo+de+bonificaci%C3%B3n,572,409,0,75,4
12045,pueblo+de+papablazy,421,422,2184999,75,0
12046,Pueblo+de+bonificaci%C3%B3n,417,425,0,46,7
12047,pueblo+de+jhonatan+6,483,390,2172065,187,0
12048,Pueblo+de+b%C3%A1rbaros,428,586,0,53,0
12049,Pueblo+de+bonificaci%C3%B3n,388,509,0,77,1
12051,Pueblo+de+bonificaci%C3%B3n,543,395,0,47,6
12052,016,389,526,311234,814,4
12053,axxs,605,460,2185000,965,0
12054,Pueblo+de+bonificaci%C3%B3n,448,396,0,67,2
12055,Pueblo+de+bonificaci%C3%B3n,467,392,0,58,2
12056,Ilice+Augusta,389,465,2185001,793,0
12057,Pueblo+de+bonificaci%C3%B3n,423,587,0,47,7
12058,Emiland,488,388,2185002,743,0
12059,Pueblo+de+b%C3%A1rbaros,584,576,0,88,0
12060,Pueblo+de+bonificaci%C3%B3n,550,599,0,52,5
12061,pueblo+de+FolhaSchnell,452,468,2184969,1542,0
12062,Pueblo+de+bonificaci%C3%B3n,585,427,0,105,3
12063,Pueblo+de+bonificaci%C3%B3n,397,552,0,42,5
12064,pueblo+de+hammerglass,448,462,2184957,1542,0
12065,Pueblo+de+b%C3%A1rbaros,590,574,0,44,0
12066,Pueblo+de+bonificaci%C3%B3n,387,476,0,140,9
12067,Pueblo+de+bonificaci%C3%B3n,385,498,0,62,7
12068,pueblo+de+krieg02,455,454,2184974,56,0
12070,pueblo+de+Eisen.Dragao,588,426,2184568,1478,0
12071,Pueblo+de+b%C3%A1rbaros,427,414,0,54,0
12072,Pueblo+de+bonificaci%C3%B3n,490,615,0,43,5
12073,pueblo+de+quillFugl,459,463,2184949,1542,0
12074,Pueblo+de+b%C3%A1rbaros,424,413,0,45,0
12075,Pueblo+de+bonificaci%C3%B3n,527,610,0,46,2
12076,Noble+B006,502,615,2123065,1010,2
12077,pueblo+de+grimtronco,462,462,2184981,1542,0
12078,Pueblo+de+bonificaci%C3%B3n,450,602,0,62,4
12079,Pueblo+de+bonificaci%C3%B3n,552,402,0,67,2
12080,pueblo+de+duna-hono7,456,464,2184956,1542,0
12081,Pueblo+de+bonificaci%C3%B3n,584,426,0,67,9
12082,pueblo+de+quarryt4ngle,458,458,2184975,1588,0
12083,Pueblo+de+bonificaci%C3%B3n,565,591,0,59,6
12084,Pueblo+de+bonificaci%C3%B3n,518,613,0,104,4
12085,pueblo+de+desertoYama,459,455,2184978,1542,0
12086,Pueblo+de+b%C3%A1rbaros,394,546,0,66,0
12087,Pueblo+de+bonificaci%C3%B3n,430,587,0,61,6
12088,pueblo+de+ashon89,460,471,2184968,1456,0
12089,Pueblo+de+bonificaci%C3%B3n,418,579,0,79,4
12090,Pueblo+de+bonificaci%C3%B3n,602,445,0,66,7
12091,pueblo+de+LoupWildWhite,461,468,2184964,1542,0
12092,Pueblo+de+b%C3%A1rbaros,408,568,0,54,0
12093,Pueblo+de+bonificaci%C3%B3n,388,469,0,62,1
12094,pueblo+de+Ebon+Raid,464,466,2184973,1542,0
12095,Pueblo+de+bonificaci%C3%B3n,449,604,0,80,1
12096,Pueblo+de+bonificaci%C3%B3n,553,600,0,59,2
12097,pueblo+de+MuroGarra,460,458,2184952,1542,0
12098,Pueblo+de+b%C3%A1rbaros,403,443,0,60,0
12099,Pueblo+de+bonificaci%C3%B3n,487,614,0,51,1
12100,Pueblo+de+bonificaci%C3%B3n,394,452,0,70,9
12101,pueblo+de+shroud9,457,474,2184966,1496,0
12102,Pueblo+de+bonificaci%C3%B3n,426,584,0,66,1
12103,Pueblo+de+bonificaci%C3%B3n,422,582,0,42,4
12104,pueblo+de+corvo.root,463,466,2184987,1478,0
12105,Pueblo+de+b%C3%A1rbaros,421,585,0,79,0
12106,Pueblo+de+bonificaci%C3%B3n,486,610,0,61,6
12107,pueblo+de+derdragao,461,463,2184986,1542,0
12108,Pueblo+de+b%C3%A1rbaros,510,612,0,64,0
12109,Pueblo+de+bonificaci%C3%B3n,614,524,0,56,3
12110,Pueblo+de+bonificaci%C3%B3n,403,557,0,88,7
12111,pueblo+de+h1erroskygge,450,461,2184962,1588,0
12112,Noble+B008,499,614,2123065,1010,2
12113,pueblo+de+mrVineFjell,462,468,2184951,1542,0
12114,Pueblo+de+bonificaci%C3%B3n,552,601,0,55,4
12115,Pueblo+de+bonificaci%C3%B3n,386,527,0,73,3
12116,pueblo+de+Hyster,457,458,2184828,1542,0
12117,004+-+Mikuru,581,584,1549959,198,8
12118,Pueblo+de+bonificaci%C3%B3n,471,612,0,52,3
12119,pueblo+de+ztjernetide1,462,448,2184979,1496,0
12120,Pueblo+de+b%C3%A1rbaros,559,405,0,52,0
12121,Pueblo+de+bonificaci%C3%B3n,614,476,0,51,8
12122,Pueblo+de+bonificaci%C3%B3n,511,386,2090745,145,6
12123,pueblo+de+derglass,452,465,2184970,1432,0
12124,Pueblo+de+b%C3%A1rbaros,575,584,0,57,0
12125,organizaciones+unidas,550,605,2184150,258,1
12126,pueblo+de+yukiwache8,465,456,2184977,1542,0
12127,Pueblo+de+b%C3%A1rbaros,608,534,0,75,0
12128,Pueblo+de+bonificaci%C3%B3n,490,384,0,66,9
12129,Pueblo+de+bonificaci%C3%B3n,405,560,0,55,8
12130,pueblo+de+trotzcuervo9,451,463,2184954,1542,0
12131,Pueblo+de+bonificaci%C3%B3n,399,443,0,57,7
12132,Pueblo+de+bonificaci%C3%B3n,484,612,0,62,2
12133,pueblo+de+howlhund4,455,458,2184960,1542,0
12134,Pueblo+de+b%C3%A1rbaros,518,612,0,95,0
12135,Pueblo+de+bonificaci%C3%B3n,437,403,0,64,8
12136,pueblo+de+hollowZang,454,451,2184963,1542,0
12137,Pueblo+de+b%C3%A1rbaros,491,384,0,53,0
12138,Pueblo+de+bonificaci%C3%B3n,455,397,0,51,1
12139,Pueblo+de+bonificaci%C3%B3n,390,461,0,56,4
12140,pueblo+de+nochxwither,447,475,2184965,1542,0
12141,pueblo+de+deepvagu3,453,457,2184943,1542,0
12142,Pueblo+de+b%C3%A1rbaros,388,521,0,95,0
12143,Pueblo+de+bonificaci%C3%B3n,398,549,0,58,1
12144,pueblo+de+smokeTorch,447,469,2184980,1478,0
12145,Pueblo+de+bonificaci%C3%B3n,395,550,0,50,1
12146,Pueblo+de+b%C3%A1rbaros,539,392,0,54,0
12147,Pueblo+de+bonificaci%C3%B3n,610,532,0,51,8
12148,pueblo+de+wickbrann7,455,468,2184945,1542,0
12149,Pueblo+de+bonificaci%C3%B3n,550,396,0,66,9
12150,pueblo+de+vindmantle,460,465,2184946,1478,0
12152,Pueblo+de+bonificaci%C3%B3n,472,392,0,84,7
12153,pueblo+de+briarkurocuch,456,466,2184976,1597,0
12154,Pueblo+de+bonificaci%C3%B3n,607,543,0,88,7
12155,pueblo+de+rokcia4,465,464,2184983,1478,0
12156,Pueblo+de+bonificaci%C3%B3n,561,404,0,49,6
12157,Pueblo+de+bonificaci%C3%B3n,603,542,0,51,6
12158,pueblo+de+knokkelmori,444,459,2184948,1542,0
12159,Pueblo+de+bonificaci%C3%B3n,438,402,0,80,6
12160,pueblo+de+penhascous,454,459,2184972,1542,0
12161,pueblo+de+xzangetsu5,446,457,2184967,1432,0
12162,Pueblo+de+b%C3%A1rbaros,434,406,0,68,0
12163,pueblo+de+onyxrittmort,458,449,2184953,1542,0
12164,pueblo+de+brinonbogen,444,469,2184944,1432,0
12165,Pueblo+de+b%C3%A1rbaros,419,419,0,47,0
12166,Pueblo+de+bonificaci%C3%B3n,416,420,0,89,3
12167,Pueblo+de+bonificaci%C3%B3n,453,393,0,61,4
12168,Pueblo+de+b%C3%A1rbaros,559,599,0,58,0
12169,Pueblo+de+bonificaci%C3%B3n,582,581,0,85,7
12170,Pueblo+de+bonificaci%C3%B3n,444,598,0,49,7
12171,Pueblo+de+bonificaci%C3%B3n,594,432,0,52,7
12172,Pueblo+de+bonificaci%C3%B3n,512,384,0,84,3
12173,Pueblo+de+bonificaci%C3%B3n,393,466,0,53,8
12174,pueblo+de+pyreusquarry,450,456,2184984,1542,0
12176,pueblo+de+fl3uvekaze,448,461,2184982,1542,0
12177,Pueblo+de+b%C3%A1rbaros,506,614,0,48,0
12178,Pueblo+de+bonificaci%C3%B3n,539,394,0,82,9
12179,Pueblo+de+b%C3%A1rbaros,392,456,0,54,0
12180,Pueblo+de+bonificaci%C3%B3n,534,392,0,91,6
12181,pueblo+de+Fuego+Wick,459,471,2184950,1542,0
12182,Pueblo+de+bonificaci%C3%B3n,614,482,0,61,5
12183,Pueblo+de+bonificaci%C3%B3n,405,567,0,57,8
12184,pueblo+de+Spire+White,456,456,2184947,1542,0
12185,Pueblo+de+b%C3%A1rbaros,554,399,0,52,0
12186,Pueblo+de+bonificaci%C3%B3n,387,519,0,50,2
12187,pueblo+de+schnellkuorscar59,575,416,2184959,1542,0
12188,Pueblo+de+b%C3%A1rbaros,425,583,0,95,0
12189,012+-+Honor+a+Don+Alkimia,458,605,286637,665,3
12190,Pueblo+de+bonificaci%C3%B3n,450,395,0,54,9
12191,pueblo+de+fiammatetsu,445,463,2184989,1496,0
12192,Pueblo+de+bonificaci%C3%B3n,469,609,0,57,3
12193,pueblo+de+reefEspada,465,470,2184991,1542,0
12194,Pueblo+de+b%C3%A1rbaros,492,613,0,47,0
12195,Pueblo+de+bonificaci%C3%B3n,613,481,2078678,331,8
12196,pueblo+de+llamaxhush,456,459,2184971,1542,0
12197,Pueblo+de+b%C3%A1rbaros,452,395,0,75,0
12198,Pueblo+de+bonificaci%C3%B3n,511,614,0,41,5
12199,Pueblo+de+bonificaci%C3%B3n,426,588,0,48,2
12200,pueblo+de+rojocask,447,458,2184955,1432,0
12201,Pueblo+de+b%C3%A1rbaros,609,542,0,46,0
12202,Pueblo+de+bonificaci%C3%B3n,423,414,0,48,9
12203,Pueblo+de+bonificaci%C3%B3n,525,613,0,60,6
12204,pueblo+de+st4lkpyre,467,455,2184958,1542,0
12205,W103+-+Pueblo+de+bonificaci%C3%B3n,388,532,2048251,60,4
12206,Pueblo+de+bonificaci%C3%B3n,570,412,0,53,1
12207,pueblo+de+The+Clash,572,593,1889044,26,0
12208,A013+%7E+Cobra,610,477,1783178,798,9
12209,Pueblo+de+bonificaci%C3%B3n,545,605,0,61,2
12210,pueblo+de+jcvv,561,600,2109362,627,0
12211,Pueblo+de+b%C3%A1rbaros,437,596,0,53,0
12212,Pueblo+de+bonificaci%C3%B3n,533,611,2133518,110,5
12213,Pueblo+de+bonificaci%C3%B3n,514,388,0,81,8
12214,Saga,613,478,2076052,529,0
12215,Pueblo+de+b%C3%A1rbaros,614,488,0,64,0
12216,Pueblo+de+bonificaci%C3%B3n,477,613,0,68,1
12217,Pueblo+de+bonificaci%C3%B3n,452,398,0,50,7
12218,pueblo+de+arniux,422,418,2185003,49,0
12219,Pueblo+de+b%C3%A1rbaros,387,529,0,62,0
12220,Pueblo+de+bonificaci%C3%B3n,617,493,0,80,2
12221,pueblo+de+Paketero,458,393,2185004,166,0
12222,Azafran,576,585,2073946,619,8
12223,Pueblo+de+bonificaci%C3%B3n,406,433,0,61,7
12224,miguepeska,610,470,1867084,125,0
12225,copa+rota,549,605,2184150,550,8
12226,Pueblo+de+bonificaci%C3%B3n,394,465,0,56,6
12227,pueblo+de+AD+YT,444,596,2030670,26,0
12228,Pueblo+de+bonificaci%C3%B3n,532,387,0,85,2
12229,pueblo+de+Lady+violet,575,579,2128117,270,0
12230,Pueblo+de+b%C3%A1rbaros,535,390,0,47,0
12231,Pueblo+de+bonificaci%C3%B3n,573,590,0,59,5
12232,Valhalland,562,404,2185005,671,0
12233,012.+MXL,414,428,2058795,2154,1
12235,Pueblo+de+bonificaci%C3%B3n,603,552,0,51,7
12236,Noble+B004,505,616,2123065,955,4
12237,pueblo+de+Sirr,385,486,2185007,45,0
12238,Pueblo+de+b%C3%A1rbaros,574,412,0,55,0
12239,Pueblo+de+bonificaci%C3%B3n,597,558,0,89,7
12240,pueblo+de+AdReNaLiNe,607,461,2042086,26,0
12241,Pueblo+de+bonificaci%C3%B3n,494,612,0,82,2
12242,Pueblo+de+bonificaci%C3%B3n,583,582,0,49,6
12243,pueblo+de+Gats,603,554,2185008,407,0
12244,Pueblo+de+bonificaci%C3%B3n,407,434,0,48,7
12245,Pueblo+de+bonificaci%C3%B3n,494,617,0,73,2
12246,pueblo+de+Juankitanke,592,565,2181818,234,0
12247,Pueblo+de+bonificaci%C3%B3n,387,526,0,62,2
12248,pueblo+de+Aegorn,599,447,1689646,83,0
12249,Pueblo+de+bonificaci%C3%B3n,469,389,0,84,5
12250,Pueblo+de+bonificaci%C3%B3n,388,534,0,57,2
12252,Pueblo+de+bonificaci%C3%B3n,419,583,0,69,4
12253,templo+templario,595,566,2122819,1232,0
12254,Pueblo+de+b%C3%A1rbaros,610,541,0,54,0
12255,Pueblo+de+bonificaci%C3%B3n,562,406,0,56,1
12256,Pueblo+de+bonificaci%C3%B3n,576,412,0,72,3
12257,Chiwi,463,608,2185010,720,0
12258,Pueblo+de+bonificaci%C3%B3n,614,506,0,53,2
12259,Pueblo+de+bonificaci%C3%B3n,442,403,0,55,4
12260,pueblo+de+Tonichu,609,537,2178075,234,0
12261,Pueblo+de+bonificaci%C3%B3n,386,492,0,50,5
12262,Pueblo+de+bonificaci%C3%B3n,403,565,0,68,2
12263,pueblo+de+VoidHammer,567,594,2177697,228,0
12264,Pueblo+de+bonificaci%C3%B3n,383,506,1546340,119,4
12265,Pueblo+de+bonificaci%C3%B3n,541,608,0,56,6
12266,pueblo+de+Elena08,592,569,2178083,229,0
12267,Pueblo+de+bonificaci%C3%B3n,526,387,0,46,3
12269,Pueblo+de+bonificaci%C3%B3n,439,600,0,47,9
12270,Pueblo+de+bonificaci%C3%B3n,478,614,0,59,4
12271,Valhalla,602,556,2185012,978,0
12272,Pueblo+de+b%C3%A1rbaros,470,387,0,44,0
12273,Pueblo+de+bonificaci%C3%B3n,428,587,0,51,9
12274,Pueblo+de+bonificaci%C3%B3n,493,617,0,55,5
12275,pueblo+de+djcipi,415,424,1315027,82,0
12276,Pueblo+de+b%C3%A1rbaros,386,522,0,66,0
12277,Pueblo+de+bonificaci%C3%B3n,387,505,0,70,9
12278,Pueblo+de+bonificaci%C3%B3n,388,510,0,67,6
12280,Pueblo+de+b%C3%A1rbaros,615,516,0,53,0
12281,Pueblo+de+bonificaci%C3%B3n,528,390,0,53,5
12282,pueblo+de+FOlcina,521,612,2098302,26,0
12283,Pueblo+de+b%C3%A1rbaros,607,539,0,51,0
12284,Pueblo+de+bonificaci%C3%B3n,617,488,0,55,3
12285,Pueblo+de+bonificaci%C3%B3n,390,465,0,46,9
12286,pueblo+de+Velkhar,466,392,2182064,228,0
12287,Pueblo+de+bonificaci%C3%B3n,615,490,0,88,5
12288,Pueblo+de+bonificaci%C3%B3n,393,452,0,65,2
12289,Garden+City,580,416,2143714,263,0
12290,Pueblo+de+b%C3%A1rbaros,417,417,0,50,0
12291,Pueblo+de+bonificaci%C3%B3n,429,408,0,53,5
12292,Pueblo+de+bonificaci%C3%B3n,417,419,0,55,7
12293,pueblo+de+dreicko,591,429,2133595,150,0
12294,Pueblo+de+bonificaci%C3%B3n,570,410,0,60,5
12295,Pueblo+de+bonificaci%C3%B3n,497,387,0,61,8
12296,pueblo+de+Deadmouse,613,492,1568957,228,0
12297,Pueblo+de+bonificaci%C3%B3n,394,550,0,48,4
12298,pueblo+de+Angelirola,517,613,2185014,53,0
12299,Pueblo+de+b%C3%A1rbaros,425,410,0,63,0
12300,Pueblo+de+bonificaci%C3%B3n,474,614,0,51,1
12301,pueblo+de+sangoten,436,405,2185015,26,0
12302,Pueblo+de+bonificaci%C3%B3n,572,591,1894074,655,8
12303,Pueblo+de+bonificaci%C3%B3n,470,610,0,57,8
12304,Kakariko+Village,566,436,2184342,519,0
12305,Pueblo+de+bonificaci%C3%B3n,617,515,0,55,3
12306,Pueblo+de+bonificaci%C3%B3n,557,598,0,63,1
12307,001,607,462,2074335,837,0
12308,Pueblo+de+b%C3%A1rbaros,422,587,0,45,0
12309,Pueblo+de+bonificaci%C3%B3n,615,476,0,56,6
12310,Pueblo+de+bonificaci%C3%B3n,449,605,0,55,6
12311,pueblo+de+Gadidc,589,428,1729262,779,0
12312,Pueblo+de+bonificaci%C3%B3n,465,390,0,45,5
12313,Pueblo+de+bonificaci%C3%B3n,431,595,0,34,5
12314,pueblo+de+Invitado185025,616,515,2185025,75,0
12315,Pueblo+de+bonificaci%C3%B3n,508,613,0,74,9
12316,Pueblo+de+bonificaci%C3%B3n,516,389,0,51,6
12317,pueblo+de+edux,601,440,2097747,162,0
12318,Pueblo+de+bonificaci%C3%B3n,527,614,0,57,2
12319,Pueblo+de+bonificaci%C3%B3n,468,612,0,71,1
12320,pueblo+de+Sergi,409,570,2177329,228,0
12321,Pueblo+de+b%C3%A1rbaros,449,603,0,61,0
12322,Pueblo+de+bonificaci%C3%B3n,590,573,0,101,6
12323,pueblo+de+Klagenfurt,556,399,2185038,39,0
12324,Pueblo+de+bonificaci%C3%B3n,435,404,0,45,4
12325,pueblo+1,549,394,2183441,429,0
12326,Pueblo+de+bonificaci%C3%B3n,396,543,0,55,1
12327,Gallur,579,586,2185039,562,0
12328,Pueblo+de+bonificaci%C3%B3n,457,395,0,50,6
12329,pueblo+de+pedro15,391,533,2185040,26,0
12330,Pueblo+de+bonificaci%C3%B3n,444,399,0,48,9
12331,Peri+ferro,464,610,28243,999,3
12332,pueblo+de+Negreira,487,462,2180125,322,0
12333,Pueblo+de+b%C3%A1rbaros,600,440,0,59,0
12334,Pueblo+de+bonificaci%C3%B3n,492,388,0,71,4
12335,pueblo+de+joselitolepero14,611,474,2080812,787,0
12336,Pueblo+de+bonificaci%C3%B3n,412,428,0,53,2
12337,Pueblo+de+bonificaci%C3%B3n,431,408,0,57,9
12338,pueblo+de+Chef+zeff,393,454,2180147,26,0
12339,Pueblo+de+bonificaci%C3%B3n,460,611,0,41,7
12340,Rohan,455,608,741933,208,0
12341,Pueblo+de+bonificaci%C3%B3n,399,450,0,60,5
12342,Pueblo+de+bonificaci%C3%B3n,415,419,0,55,9
12343,alexcorp,515,616,1449109,223,0
12344,Pueblo+de+b%C3%A1rbaros,406,431,0,50,0
12345,Pueblo+de+bonificaci%C3%B3n,397,444,0,75,8
12347,Pueblo+de+b%C3%A1rbaros,390,521,0,78,0
12348,Pueblo+de+bonificaci%C3%B3n,384,489,0,53,9
12349,Pueblo+de+bonificaci%C3%B3n,579,582,0,50,7
12350,wargun,529,396,2078176,979,0
12351,Pueblo+de+b%C3%A1rbaros,579,587,0,51,0
12352,Pueblo+de+bonificaci%C3%B3n,576,587,0,50,3
12353,Pueblo+de+bonificaci%C3%B3n,596,562,0,89,6
12354,A+MB+0001,444,426,772163,525,0
12355,Pueblo+de+b%C3%A1rbaros,598,566,0,43,0
12356,Pueblo+de+bonificaci%C3%B3n,420,586,0,49,5
12357,pueblo+de+Ataque+de+titanes,436,592,2142486,228,0
12358,Pueblo+de+bonificaci%C3%B3n,459,605,0,56,7
12359,pueblo+de+kilates,564,536,2181974,557,0
12360,Pueblo+de+b%C3%A1rbaros,385,506,0,45,0
12361,Pueblo+de+bonificaci%C3%B3n,411,424,0,74,2
12362,pueblo+de+pablushca,581,582,1751869,97,0
12363,Pueblo+de+bonificaci%C3%B3n,396,555,0,76,5
12364,Pueblo+de+bonificaci%C3%B3n,399,440,0,52,1
12365,Juliobriga1,424,411,2185087,575,0
12366,Pueblo+de+b%C3%A1rbaros,393,546,0,55,0
12367,Pueblo+de+bonificaci%C3%B3n,414,427,0,42,6
12368,Pueblo+de+bonificaci%C3%B3n,386,496,0,56,7
12369,pueblo+de+DiegoM,390,474,2177723,46,0
12370,Pueblo+de+bonificaci%C3%B3n,555,601,0,53,7
12371,Pueblo+de+bonificaci%C3%B3n,395,452,0,52,2
12372,pueblo+de+MorCloud,436,435,1707975,1690,0
12373,Pueblo+de+bonificaci%C3%B3n,382,510,0,68,4
12374,pueblo+de+CHEVY+LUCAS,612,470,1028035,331,0
12375,Pueblo+de+b%C3%A1rbaros,434,403,0,52,0
12376,Pueblo+de+bonificaci%C3%B3n,617,504,0,44,1
12377,Alexandria,596,568,387600,470,0
12378,Pueblo+de+b%C3%A1rbaros,425,584,0,62,0
12379,Pueblo+de+bonificaci%C3%B3n,405,438,0,51,1
12380,Ripollet,479,389,2185088,457,0
12381,Pueblo+de+bonificaci%C3%B3n,388,531,0,65,6
12382,Pueblo+de+bonificaci%C3%B3n,385,488,0,42,6
12383,pueblo+de+Carlos33db,523,612,2125976,108,0
12384,Pueblo+de+b%C3%A1rbaros,610,534,0,46,0
12385,Pueblo+de+bonificaci%C3%B3n,607,542,0,60,1
12386,Pueblo+de+bonificaci%C3%B3n,529,391,0,96,1
12387,pueblo+de+InberTF,614,475,2129194,526,0
12388,Pueblo+de+b%C3%A1rbaros,616,516,0,46,0
12389,Pueblo+de+bonificaci%C3%B3n,395,547,0,50,7
12390,pueblo+de+HayTabla,611,533,2111998,228,0
12391,Pueblo+de+bonificaci%C3%B3n,413,425,0,51,7
12392,Pueblo+de+bonificaci%C3%B3n,407,570,0,59,3
12393,pueblo+de+Maiers,466,391,2143687,70,0
12394,Pueblo+de+b%C3%A1rbaros,408,571,0,46,0
12395,Pueblo+de+bonificaci%C3%B3n,562,595,0,35,4
12396,%5B001%5D,570,574,1867004,977,0
12397,Pueblo+de+b%C3%A1rbaros,608,465,0,50,0
12398,Pueblo+de+bonificaci%C3%B3n,597,563,0,38,5
12399,Pueblo+de+bonificaci%C3%B3n,575,412,0,77,9
12400,pueblo+de+Hugo1110942737477,602,453,2185095,26,0
12401,Pueblo+de+b%C3%A1rbaros,383,485,0,55,0
12402,Pueblo+de+bonificaci%C3%B3n,606,450,0,52,9
12403,Pueblo+de+bonificaci%C3%B3n,548,605,0,54,7
12404,pueblo+de+LUISXXV,577,586,2182027,26,0
12405,Pueblo+de+b%C3%A1rbaros,413,575,0,37,0
12406,Pueblo+de+bonificaci%C3%B3n,564,594,0,61,6
12407,Pueblo+de+bonificaci%C3%B3n,389,534,0,48,7
12408,pueblo+de+juanito33,403,434,2185100,204,0
12409,Pueblo+de+bonificaci%C3%B3n,451,601,0,50,9
12410,pueblo+de+Yavanna,499,618,2181023,137,0
12411,Pueblo+de+bonificaci%C3%B3n,605,458,0,46,2
12412,pueblo+de+riske,488,384,2185113,26,0
12413,Pueblo+de+bonificaci%C3%B3n,481,616,0,39,1
12414,Pueblo+de+bonificaci%C3%B3n,389,483,0,55,3
12415,Alocer+P1,520,614,2185115,285,0
12416,Pueblo+de+b%C3%A1rbaros,507,386,0,46,0
12417,Pueblo+de+bonificaci%C3%B3n,440,596,0,50,5
12418,Pueblo+de+bonificaci%C3%B3n,530,389,0,36,8
12419,villa+escalofr%C3%ADo,401,560,2142015,883,0
12420,Pueblo+de+b%C3%A1rbaros,549,604,0,51,0
12421,Pueblo+de+bonificaci%C3%B3n,506,615,0,48,9
12422,pueblo+de+Romero71,382,504,2185116,234,0
12423,Pueblo+de+b%C3%A1rbaros,589,576,0,61,0
12424,Pueblo+de+bonificaci%C3%B3n,530,612,0,41,1
12425,Pueblo+de+bonificaci%C3%B3n,598,437,0,36,5
12426,Ghondor,384,494,2123543,635,0
12427,Pueblo+de+bonificaci%C3%B3n,385,491,0,44,1
12428,Pueblo+de+bonificaci%C3%B3n,406,430,0,53,3
12429,pueblo+de+Janierin,561,398,2116068,567,0
12430,Pueblo+de+bonificaci%C3%B3n,438,596,0,63,2
12431,Pueblo+de+bonificaci%C3%B3n,575,590,0,45,9
12432,pueblo+de+KuKuRiCa+olivy,387,524,2181331,26,0
12433,Pueblo+de+b%C3%A1rbaros,411,430,0,45,0
12434,Pueblo+de+bonificaci%C3%B3n,607,541,0,48,7
12435,Pueblo+de+bonificaci%C3%B3n,448,602,0,64,7
12436,TIB_103,559,400,1573465,775,0
12437,Pueblo+de+b%C3%A1rbaros,580,584,0,39,0
12438,Pueblo+de+bonificaci%C3%B3n,609,472,0,40,7
12439,Shadow+Garden,592,428,1724068,442,0
12440,Pueblo+de+bonificaci%C3%B3n,445,396,0,33,7
12441,pueblo+de+Deixa+Pro+Pai,579,414,2144655,26,0
12442,Pueblo+de+bonificaci%C3%B3n,387,487,0,57,3
12443,Pueblo+de+bonificaci%C3%B3n,390,535,0,56,7
12444,pueblo+de+Elgranlitri,483,612,2173300,136,0
12445,Pueblo+de+bonificaci%C3%B3n,425,585,0,68,6
12446,pueblo+de+Crimetim,495,616,2185139,218,0
12450,JasonRech-hijo+de+p%2A%2A%2A,444,425,902339,177,0
12451,Pueblo+de+b%C3%A1rbaros,449,393,0,50,0
12452,Pueblo+de+bonificaci%C3%B3n,427,592,0,52,1
12453,pueblo+de+ZafyrSR,414,425,2141273,44,0
12454,Pueblo+de+b%C3%A1rbaros,485,616,0,42,0
12455,Pueblo+de+bonificaci%C3%B3n,406,437,0,49,3
12456,pueblo+de+theArenaBrine,453,468,2185155,723,0
12457,Pueblo+de+b%C3%A1rbaros,590,431,0,51,0
12458,Pueblo+de+bonificaci%C3%B3n,584,579,0,49,7
12459,012,398,443,2127679,175,8
12460,pueblo+de+TrovaoSentry52,460,459,2185167,728,0
12461,Pueblo+de+b%C3%A1rbaros,537,612,0,54,0
12462,Pueblo+de+bonificaci%C3%B3n,386,473,0,53,1
12463,pueblo+de+xTuskKalt,464,469,2185163,723,0
12464,Pueblo+de+bonificaci%C3%B3n,460,608,0,76,3
12465,Pueblo+de+bonificaci%C3%B3n,386,470,0,56,7
12466,pueblo+de+areiaus58,456,458,2185166,709,0
12467,Pueblo+de+b%C3%A1rbaros,440,403,0,46,0
12468,Pueblo+de+bonificaci%C3%B3n,604,554,0,44,6
12469,pueblo+de+fjorden,452,457,2185142,723,0
12470,Pueblo+de+b%C3%A1rbaros,605,447,0,43,0
12471,Pueblo+de+bonificaci%C3%B3n,616,479,0,77,7
12472,pueblo+de+7hrush1ld,460,456,2185148,735,0
12473,Pueblo+de+b%C3%A1rbaros,425,414,0,52,0
12474,Pueblo+de+bonificaci%C3%B3n,459,394,0,60,2
12475,pueblo+de+cinder21foudre,459,465,2185146,638,0
12476,Pueblo+de+bonificaci%C3%B3n,596,563,0,53,1
12477,pueblo+de+nebelwashi,467,460,2185153,723,0
12478,Pueblo+de+bonificaci%C3%B3n,548,394,0,54,7
12479,pueblo+de+cielo-corvo,468,460,2185151,735,0
12480,Pueblo+de+bonificaci%C3%B3n,425,591,0,48,7
12481,Pueblo+de+bonificaci%C3%B3n,443,401,0,47,4
12482,pueblo+de+darkwolke36,465,466,2185156,714,0
12483,Pueblo+de+b%C3%A1rbaros,512,616,0,51,0
12484,Pueblo+de+bonificaci%C3%B3n,384,524,0,44,2
12485,Pueblo+de+bonificaci%C3%B3n,606,457,0,64,5
12486,pueblo+de+Lua.Colline,456,457,2185161,735,0
12487,Pueblo+de+b%C3%A1rbaros,546,608,0,35,0
12488,Pueblo+de+bonificaci%C3%B3n,412,422,0,59,1
12489,Pueblo+de+bonificaci%C3%B3n,389,524,0,55,7
12490,pueblo+de+aranha.hoshi,466,470,2185160,723,0
12491,Pueblo+de+b%C3%A1rbaros,386,517,0,44,0
12492,Pueblo+de+bonificaci%C3%B3n,587,575,0,72,6
12493,Pueblo+de+bonificaci%C3%B3n,599,563,0,43,5
12494,pueblo+de+CorbeauQuill,456,468,2185147,723,0
12495,Pueblo+de+bonificaci%C3%B3n,426,409,0,57,4
12496,Pueblo+de+bonificaci%C3%B3n,510,385,0,53,4
12497,pueblo+de+neoPyreMork,452,469,2185162,638,0
12498,Pueblo+de+b%C3%A1rbaros,564,593,0,96,0
12499,Pueblo+de+bonificaci%C3%B3n,555,397,0,66,7
12500,pueblo+de+acier.yama,461,461,2185141,638,0
12501,Pueblo+de+bonificaci%C3%B3n,566,403,0,57,8
12502,Pueblo+de+bonificaci%C3%B3n,482,612,0,47,6
12503,pueblo+de+brum3n0ir,461,451,2185157,599,0
12504,Pueblo+de+b%C3%A1rbaros,396,551,0,50,0
12505,Pueblo+de+bonificaci%C3%B3n,445,397,0,34,8
12506,pueblo+de+derridge9,463,461,2185145,599,0
12507,Pueblo+de+b%C3%A1rbaros,513,383,0,48,0
12508,Pueblo+de+bonificaci%C3%B3n,418,417,0,41,8
12509,pueblo+de+c1elo0rm,457,468,2185154,688,0
12510,Pueblo+de+b%C3%A1rbaros,492,387,0,40,0
12511,Pueblo+de+bonificaci%C3%B3n,593,428,0,50,1
12512,Pueblo+de+bonificaci%C3%B3n,480,384,0,44,8
12513,pueblo+de+jern18wild,466,458,2185140,735,0
12514,Pueblo+de+b%C3%A1rbaros,383,488,0,45,0
12515,Pueblo+de+bonificaci%C3%B3n,591,574,0,54,1
12516,Pueblo+de+bonificaci%C3%B3n,544,394,0,56,8
12517,pueblo+de+krieburg,463,450,2185149,56,0
12520,pueblo+de+Echo.Foudre,463,453,2185158,638,0
12521,Pueblo+de+bonificaci%C3%B3n,610,468,0,53,6
12522,pueblo+de+elVineFleuve,469,459,2185164,723,0
12523,Pueblo+de+b%C3%A1rbaros,583,419,0,69,0
12524,Pueblo+de+bonificaci%C3%B3n,397,442,0,76,8
12525,Pueblo+de+bonificaci%C3%B3n,470,611,0,49,6
12526,pueblo+de+xshadow79,472,466,2185150,728,0
12527,Pueblo+de+b%C3%A1rbaros,444,401,0,47,0
12528,Pueblo+de+bonificaci%C3%B3n,587,425,0,37,4
12529,pueblo+de+thekitsune2,458,468,2185143,612,0
12530,Pueblo+de+b%C3%A1rbaros,612,464,0,60,0
12531,Pueblo+de+bonificaci%C3%B3n,563,405,0,54,4
12532,pueblo+de+RimeSpur,472,463,2185152,588,0
12533,Pueblo+de+bonificaci%C3%B3n,526,614,0,42,2
12534,Pueblo+de+bonificaci%C3%B3n,423,583,0,61,4
12535,pueblo+de+Aco+Kamp,450,472,2185165,723,0
12536,Pueblo+de+b%C3%A1rbaros,457,393,0,49,0
12537,Pueblo+de+bonificaci%C3%B3n,547,609,0,83,3
12538,Pueblo+de+bonificaci%C3%B3n,500,384,0,32,2
12539,pueblo+de+HollowRime,466,463,2185159,638,0
12540,Pueblo+de+b%C3%A1rbaros,484,383,0,65,0
12541,Pueblo+de+bonificaci%C3%B3n,442,402,0,58,5
12542,pueblo+de+jern8aquila,463,470,2185144,718,0
12543,Pueblo+de+bonificaci%C3%B3n,407,569,0,43,2
12544,Pueblo+de+bonificaci%C3%B3n,597,437,0,39,1
12545,pueblo+de+medyna14,449,396,1691091,428,0
12546,Pueblo+de+b%C3%A1rbaros,438,405,0,43,0
12547,Pueblo+de+bonificaci%C3%B3n,481,383,0,52,5
12548,Pueblo+de+bonificaci%C3%B3n,390,542,0,36,1
12549,pueblo+de+yaelito,609,454,149167,26,0
12550,Pueblo+de+b%C3%A1rbaros,385,503,0,54,0
12551,Pueblo+de+bonificaci%C3%B3n,414,426,0,54,7
12552,Pozo+de+lamentos,401,558,2185169,354,0
12553,Pueblo+de+b%C3%A1rbaros,563,400,0,37,0
12554,Pueblo+de+bonificaci%C3%B3n,458,608,0,48,8
12555,Pueblo+de+bonificaci%C3%B3n,479,616,0,48,7
12556,pueblo+de+Naruto,461,610,2142482,41,0
12557,Pueblo+de+b%C3%A1rbaros,451,394,0,47,0
12558,Pueblo+de+bonificaci%C3%B3n,607,545,0,45,6
12559,Davak,583,566,2133183,269,0
12560,Peri+mad,466,609,28243,769,1
12561,Pueblo+de+bonificaci%C3%B3n,393,536,0,51,7
12563,Pueblo+de+bonificaci%C3%B3n,589,425,0,69,3
12564,Pueblo+de+bonificaci%C3%B3n,388,477,0,40,4
12565,Ethelwulf,606,546,2185197,504,0
12566,Noble+B022,501,613,2123065,483,7
12567,pueblo+de+Decxos,395,554,2185198,32,0
12568,Pueblo+de+b%C3%A1rbaros,531,612,0,49,0
12569,004+CRAIOVA,609,532,2124935,278,8
12570,Pueblo+de+bonificaci%C3%B3n,613,521,0,52,4
12571,pueblo+de+BOTS+Y+SCRIPT+ILEGALES,614,477,2077224,26,0
12572,Pueblo+de+b%C3%A1rbaros,618,505,0,42,0
12573,Pueblo+de+bonificaci%C3%B3n,568,595,0,42,7
12574,King+MaureX,522,387,2185199,505,0
12575,Pueblo+de+bonificaci%C3%B3n,614,496,0,49,3
12576,Pueblo+de+bonificaci%C3%B3n,457,394,0,35,1
12578,Pueblo+de+bonificaci%C3%B3n,417,580,0,45,7
12579,Pueblo+de+bonificaci%C3%B3n,432,594,0,49,4
12580,T%C3%A0rrega,614,512,2185201,441,0
12581,Pueblo+de+b%C3%A1rbaros,496,615,0,48,0
12582,Pueblo+de+bonificaci%C3%B3n,608,454,0,43,5
12583,Pueblo+de+bonificaci%C3%B3n,456,606,286637,94,4
12584,pueblo+de+acb.88,596,561,2185202,70,0
12585,Pueblo+de+b%C3%A1rbaros,428,592,0,45,0
12586,Pueblo+de+bonificaci%C3%B3n,501,617,0,42,5
12587,Otero,481,615,1231327,411,0
12588,Pueblo+de+bonificaci%C3%B3n,383,484,0,51,6
12589,Pueblo+de+bonificaci%C3%B3n,472,389,0,84,1
12590,Villa,423,416,276237,181,0
12591,Pueblo+de+bonificaci%C3%B3n,490,618,0,57,8
12592,Pueblo+de+bonificaci%C3%B3n,424,414,0,70,1
12593,pueblo+de+junpii,399,441,1420798,26,0
12594,Pueblo+de+bonificaci%C3%B3n,608,462,0,41,8
12595,Pueblo+de+bonificaci%C3%B3n,555,602,0,52,8
12596,pueblo+de+javivalvieja6,421,583,2131331,26,0
12597,Pueblo+de+bonificaci%C3%B3n,391,540,0,35,1
12598,Pueblo+de+bonificaci%C3%B3n,618,494,0,55,6
12599,pueblo+de+baruel,494,615,2040619,26,0
12600,Pueblo+de+b%C3%A1rbaros,514,382,0,67,0
12601,Pueblo+de+bonificaci%C3%B3n,568,592,0,40,5
12602,pueblo+de+Blink94,614,522,2185203,50,0
12603,Pueblo+de+b%C3%A1rbaros,388,527,0,31,0
12604,024,383,517,311234,107,4
12605,pueblo+de+rubiales555,381,498,2070424,26,0
12606,Pueblo+de+bonificaci%C3%B3n,541,609,0,27,5
12607,pueblo+de+Hypermsc,439,599,2174072,362,0
12608,Pueblo+de+bonificaci%C3%B3n,514,618,0,39,3
12609,Angband,607,458,2182169,342,0
12610,Pueblo+de+b%C3%A1rbaros,440,597,0,69,0
12611,Pueblo+de+bonificaci%C3%B3n,391,544,0,61,1
12612,Pueblo+de+bonificaci%C3%B3n,580,587,0,52,4
12613,pueblo+de+%2Aeduard%2A,616,507,2180088,41,0
12614,Pueblo+de+bonificaci%C3%B3n,567,404,0,40,7
12615,001,603,441,2029149,397,0
12616,Pueblo+de+bonificaci%C3%B3n,454,393,0,46,9
12617,pueblo+de+pokerokr,607,456,2185205,54,0
12618,Pueblo+de+b%C3%A1rbaros,577,417,0,32,0
12619,Pueblo+de+bonificaci%C3%B3n,525,612,0,52,1
12620,pueblo+de+Marley,485,404,1827900,248,0
12621,Pueblo+de+b%C3%A1rbaros,489,387,0,61,0
12622,Pueblo+de+bonificaci%C3%B3n,576,415,0,45,8
12623,pueblo+de+Saadsa,479,388,2185219,34,0
12624,Pueblo+de+bonificaci%C3%B3n,381,504,0,50,7
12625,Pueblo+de+bonificaci%C3%B3n,404,566,0,36,8
12627,Pueblo+de+b%C3%A1rbaros,559,402,0,56,0
12628,Pueblo+de+bonificaci%C3%B3n,424,410,0,51,9
12629,pueblo+de+Orbit69,589,572,2185237,54,0
12630,Pueblo+de+b%C3%A1rbaros,410,423,0,55,0
12631,Pueblo+de+bonificaci%C3%B3n,609,541,0,43,5
12637,Pueblo+de+bonificaci%C3%B3n,423,415,0,50,3
12638,pueblo+de+Andyrubio1993,494,616,2184211,26,0
12639,Pueblo+de+b%C3%A1rbaros,425,408,0,74,0
12640,Pueblo+de+bonificaci%C3%B3n,408,575,0,38,7
12641,Pueblo+de+bonificaci%C3%B3n,612,479,0,41,1
12642,Mosc%C3%BA,615,501,2185249,184,0
12643,Pueblo+de+b%C3%A1rbaros,418,421,0,52,0
12644,Pueblo+de+bonificaci%C3%B3n,566,404,0,46,5
12645,Pueblo+de+bonificaci%C3%B3n,602,442,0,44,3
12646,pueblo+de+Mikezodape,401,435,2185250,60,0
12647,Pueblo+de+bonificaci%C3%B3n,602,551,0,82,7
12648,Pueblo+de+bonificaci%C3%B3n,578,587,0,44,7
12650,Pueblo+de+b%C3%A1rbaros,393,453,0,51,0
12651,Pueblo+de+bonificaci%C3%B3n,387,528,0,46,9
12652,pueblo+de+morcu1973,472,615,2139312,228,0
12653,Pueblo+de+b%C3%A1rbaros,509,617,0,51,0
12654,Pueblo+de+bonificaci%C3%B3n,550,393,0,51,7
12655,pueblo+de+Sr.+De+la+Muerte,606,452,2172537,26,0
12656,Pueblo+de+bonificaci%C3%B3n,610,535,0,61,6
12657,pueblo+de+ArthurP01,537,392,2185259,235,0
12658,Pueblo+de+b%C3%A1rbaros,388,516,0,37,0
12659,Cord+10,537,611,2133518,403,8
12660,pueblo+de+emavelez,385,475,1682871,163,0
12661,Pueblo+de+bonificaci%C3%B3n,394,458,0,53,5
12662,pueblo+de+Heizoc,512,615,2184435,32,0
12663,Pueblo+de+bonificaci%C3%B3n,544,609,0,75,3
12664,001+Gustavocid,616,484,2185268,229,0
12665,Pueblo+de+b%C3%A1rbaros,416,423,0,38,0
12666,Pueblo+de+bonificaci%C3%B3n,392,544,0,43,5
12667,Pueblo+de+bonificaci%C3%B3n,574,411,0,52,8
12668,pueblo+de+Bruuu,387,508,2185278,26,0
12669,A031+%7E+Red+Line,609,468,1783178,121,5
12670,Central,608,540,663586,627,0
12671,Pueblo+de+b%C3%A1rbaros,436,598,0,40,0
12672,Pueblo+de+bonificaci%C3%B3n,383,510,0,45,2
12673,pueblo+de+babello+de+ovino,605,549,2185279,26,0
12674,Pueblo+de+b%C3%A1rbaros,421,590,0,48,0
12675,Pueblo+de+bonificaci%C3%B3n,495,386,0,40,2
12676,pueblo+de+tony+montaanaa,584,418,1951509,26,0
12677,Pueblo+de+b%C3%A1rbaros,419,580,0,49,0
12678,Pueblo+de+bonificaci%C3%B3n,612,475,0,35,8
12679,Toby3000,574,418,2185280,671,0
12680,Pueblo+de+b%C3%A1rbaros,388,481,0,33,0
12681,Pueblo+de+bonificaci%C3%B3n,446,397,0,40,2
12682,pueblo+de+drll28061986,390,458,2136328,26,0
12683,Pueblo+de+bonificaci%C3%B3n,512,385,0,68,8
12684,Pueblo+de+bonificaci%C3%B3n,613,517,0,53,9
12685,pueblo+de+Bronco,384,486,2118182,26,0
12686,Pueblo+de+bonificaci%C3%B3n,604,549,0,47,7
12687,pueblo+de+Veinticinco,484,406,2131097,246,0
12688,Pueblo+de+b%C3%A1rbaros,384,518,0,34,0
12689,Pueblo+de+bonificaci%C3%B3n,564,404,0,49,5
12690,Pueblo+de+bonificaci%C3%B3n,393,543,0,40,5
12691,pueblo+de+goja,421,418,2181144,26,0
12692,Pueblo+de+b%C3%A1rbaros,563,596,0,46,0
12693,025,384,517,311234,71,8
12694,Pueblo+de+bonificaci%C3%B3n,596,432,0,43,4
12695,pueblo+de+CalleJero,572,408,1581345,26,0
12696,Pueblo+de+bonificaci%C3%B3n,445,395,0,42,8
12697,pueblo+de+huskrelampago,461,464,2185275,463,0
12698,Pueblo+de+bonificaci%C3%B3n,615,519,0,46,2
12699,pueblo+de+DonnerFableFarol,462,465,2185258,496,0
12700,Pueblo+de+bonificaci%C3%B3n,447,607,0,38,8
12701,Pueblo+de+bonificaci%C3%B3n,601,559,786529,216,8
12702,pueblo+de+bogenx7,453,458,2185262,503,0
12703,Pueblo+de+bonificaci%C3%B3n,483,386,0,50,1
12704,Pueblo+de+bonificaci%C3%B3n,393,458,0,36,2
12705,pueblo+de+AigleCeniza,464,467,2185242,463,0
12706,Pueblo+de+bonificaci%C3%B3n,596,567,0,55,7
12707,pueblo+de+boltynkokoro,451,469,2185206,460,0
12708,Pueblo+de+bonificaci%C3%B3n,385,482,0,61,9
12709,pueblo+de+garraArbre,462,464,2185260,532,0
12710,Pueblo+de+bonificaci%C3%B3n,512,386,0,50,9
12711,pueblo+de+hamm3rfumaca,465,461,2185210,496,0
12712,pueblo+de+fuen7equiv3r,469,466,2185174,460,0
12713,Pueblo+de+bonificaci%C3%B3n,588,420,0,44,9
12714,Pueblo+de+b%C3%A1rbaros,577,584,0,48,0
12715,Pueblo+de+bonificaci%C3%B3n,506,617,0,39,6
12716,pueblo+de+Bramble+Coltello,465,462,2185171,503,0
12717,Pueblo+de+b%C3%A1rbaros,542,393,0,36,0
12718,Pueblo+de+bonificaci%C3%B3n,574,414,0,47,5
12719,pueblo+de+colleflint88,459,456,2185207,463,0
12720,Pueblo+de+b%C3%A1rbaros,466,390,0,37,0
12721,Pueblo+de+bonificaci%C3%B3n,385,476,0,41,2
12722,pueblo+de+himmelfiamma25,464,472,2185277,496,0
12723,Pueblo+de+bonificaci%C3%B3n,546,394,0,41,5
12724,Pueblo+de+bonificaci%C3%B3n,614,535,0,37,4
12725,pueblo+de+korinuitbouc,455,464,2185272,496,0
12726,Pueblo+de+bonificaci%C3%B3n,451,395,0,36,8
12727,pueblo+de+Hiver+Kuro,453,466,2185265,463,0
12728,Pueblo+de+b%C3%A1rbaros,446,398,0,48,0
12729,Pueblo+de+bonificaci%C3%B3n,433,598,0,49,5
12730,Pueblo+de+bonificaci%C3%B3n,489,385,0,67,4
12731,pueblo+de+knot-brasa,467,461,2185263,503,0
12732,pueblo+de+BlutBleakHimmel,460,474,2185245,463,0
12733,Pueblo+de+b%C3%A1rbaros,393,456,0,45,0
12734,Pueblo+de+b%C3%A1rbaros,608,542,0,48,0
12735,Pueblo+de+bonificaci%C3%B3n,441,600,0,41,8
12736,Pueblo+de+bonificaci%C3%B3n,469,612,0,33,2
12737,Pueblo+de+bonificaci%C3%B3n,612,459,0,49,1
12738,pueblo+de+Montanha.Orage,448,472,2185248,496,0
12739,Pueblo+de+bonificaci%C3%B3n,503,618,0,41,7
12740,Pueblo+de+bonificaci%C3%B3n,393,547,0,41,5
12741,pueblo+de+Arvore-Granite,460,470,2185256,496,0
12742,Pueblo+de+bonificaci%C3%B3n,451,604,0,48,2
12743,pueblo+de+darktallow2,459,457,2185173,496,0
12744,Pueblo+de+bonificaci%C3%B3n,475,385,0,45,6
12745,Pueblo+de+bonificaci%C3%B3n,608,456,0,36,7
12746,pueblo+de+darkcuervo84,454,456,2185246,463,0
12747,Pueblo+de+b%C3%A1rbaros,392,547,0,41,0
12748,Pueblo+de+bonificaci%C3%B3n,520,384,0,27,5
12749,pueblo+de+Gorge+Flint,464,471,2185208,503,0
12750,Pueblo+de+bonificaci%C3%B3n,398,449,0,50,7
12751,Pueblo+de+bonificaci%C3%B3n,385,489,0,47,8
12752,pueblo+de+MyGE,562,597,2181809,41,0
12753,Pueblo+de+bonificaci%C3%B3n,440,603,0,33,7
12754,pueblo+de+Zerkhan,515,614,2185307,26,0
12755,Pueblo+de+bonificaci%C3%B3n,388,533,0,43,1
12756,pueblo+de+Backdiamond,384,485,2132717,26,0
12757,Pueblo+de+bonificaci%C3%B3n,616,519,0,46,6
12758,Pueblo+de+bonificaci%C3%B3n,382,508,0,37,8
12759,pueblo+de+coors,512,617,2185330,250,0
12760,Pueblo+de+b%C3%A1rbaros,584,578,0,40,0
12761,Pueblo+de+bonificaci%C3%B3n,460,612,0,50,4
12762,Ryuk92+pps,470,473,254547,546,0
12763,Pueblo+de+bonificaci%C3%B3n,429,405,0,49,2
12764,pueblo+de+alrischa,429,592,2127891,123,0
12765,Pueblo+de+b%C3%A1rbaros,435,406,0,40,0
12766,Pueblo+de+bonificaci%C3%B3n,398,448,0,33,3
12767,Pueblo+de+bonificaci%C3%B3n,593,427,0,40,1
12768,pueblo+de+Killuminati,581,417,2185332,26,0
12772,pueblo+de+fer+cara+floja,521,615,2185333,32,0
12773,Pueblo+de+b%C3%A1rbaros,516,382,0,46,0
12774,Pueblo+de+bonificaci%C3%B3n,467,612,0,43,1
12775,Pueblo+de+bonificaci%C3%B3n,503,615,0,43,6
12776,pueblo+de+Pepe21,473,613,1042347,224,0
12777,Pueblo+de+bonificaci%C3%B3n,438,599,0,36,1
12778,pueblo+de+guije%C3%B1o,583,585,493707,289,0
12779,Pueblo+de+bonificaci%C3%B3n,542,607,0,31,8
12780,pueblo+de+sasasaa,466,613,2185334,38,0
12781,Pueblo+de+bonificaci%C3%B3n,610,537,0,28,9
12782,Diox103,573,408,2177342,360,0
12783,Pueblo+de+bonificaci%C3%B3n,417,581,0,38,5
12784,pueblo+de+MapuntadeBridgewatch,494,405,2185336,32,0
12785,Pueblo+de+bonificaci%C3%B3n,579,413,0,42,2
12786,pueblo+de+chinwi,384,527,2185337,57,0
12787,Pueblo+de+bonificaci%C3%B3n,572,592,0,39,9
12788,pueblo+de+BenaMan,484,402,2185338,26,0
12789,Pueblo+de+bonificaci%C3%B3n,387,473,0,37,1
12790,Pueblo+de+bonificaci%C3%B3n,542,609,0,30,6
12791,Villa+Argo,391,545,2185339,235,0
12792,Pueblo+de+bonificaci%C3%B3n,403,432,0,53,8
12793,Molonrouge,548,604,2141165,298,0
12794,Pueblo+de+bonificaci%C3%B3n,608,450,0,45,8
12795,Pueblo+de+bonificaci%C3%B3n,472,610,0,42,1
12796,ESPARTANO+MEJICANO,479,488,2183840,289,0
12797,Pueblo+de+bonificaci%C3%B3n,570,594,0,60,2
12798,Pueblo+de+bonificaci%C3%B3n,610,459,0,37,1
12799,pueblo+de+Slappy,585,422,2185345,26,0
12800,Pueblo+de+bonificaci%C3%B3n,402,566,0,33,1
12801,pueblo+de+PELIADA,605,547,80656,26,0
12802,Pueblo+de+b%C3%A1rbaros,595,570,0,42,0
12803,Pueblo+de+bonificaci%C3%B3n,521,613,0,28,6
12804,pueblo+de+Emilioelgarras,492,394,2185349,26,0
12805,Pueblo+de+bonificaci%C3%B3n,616,494,0,33,1
12806,pueblo+de+kocas27,458,609,1996022,26,0
12807,Pueblo+de+b%C3%A1rbaros,613,485,0,51,0
12808,Pueblo+de+bonificaci%C3%B3n,421,588,0,41,3
12809,pueblo+de+felix750,614,509,2113353,360,0
12810,Pueblo+de+bonificaci%C3%B3n,419,585,0,39,6
12811,pueblo+de+oier1921,520,616,2058645,174,0
12812,Pueblo+de+bonificaci%C3%B3n,585,416,0,35,3
12813,Pueblo+de+bonificaci%C3%B3n,474,388,0,37,4
12814,pueblo+de+Invitado185356,481,613,2185356,26,0
12815,Pueblo+de+bonificaci%C3%B3n,585,420,0,42,7
12816,Pueblo+de+bonificaci%C3%B3n,547,604,0,40,4
12817,pueblo+de+Andreu123,601,556,1036840,135,0
12818,Pueblo+de+b%C3%A1rbaros,395,552,0,37,0
12819,Pueblo+de+bonificaci%C3%B3n,601,438,0,41,4
12820,Pueblo+de+bonificaci%C3%B3n,617,492,0,37,2
12821,pueblo+de+Invitado185366,439,597,2185366,26,0
12822,Pueblo+de+b%C3%A1rbaros,383,497,0,39,0
12823,Pueblo+de+bonificaci%C3%B3n,411,573,0,30,9
12824,kenshikiller,433,599,2185367,356,0
12825,Pueblo+de+bonificaci%C3%B3n,585,417,0,28,8
12826,pueblo+de+-vida+louka-,552,603,2126274,26,0
12827,Pueblo+de+b%C3%A1rbaros,602,447,0,34,0
12828,Pueblo+de+bonificaci%C3%B3n,557,394,0,39,2
12829,pueblo+de+Cipri,464,613,1859373,26,0
12830,Pueblo+de+bonificaci%C3%B3n,436,595,0,41,2
12831,Anirri+Quint,416,419,2134524,427,0
12832,Pueblo+de+b%C3%A1rbaros,418,581,0,37,0
12833,Pueblo+de+bonificaci%C3%B3n,610,540,0,40,5
12834,Pueblo+de+bonificaci%C3%B3n,443,600,0,40,6
12835,pueblo+de+mestro7,382,502,2185381,300,0
12836,Pueblo+de+bonificaci%C3%B3n,543,393,0,38,6
12837,pueblo+de+LEMO,389,529,1933963,370,0
12838,Pueblo+de+b%C3%A1rbaros,562,601,0,34,0
12839,Pueblo+de+bonificaci%C3%B3n,598,433,0,32,4
12840,Pueblo+de+bonificaci%C3%B3n,394,553,0,37,8
12841,pueblo+de+SteamUser1725226071,462,611,2139066,26,0
12842,Pueblo+de+bonificaci%C3%B3n,561,603,0,47,5
12843,Atlanta,407,430,2185382,324,0
12844,Pueblo+de+b%C3%A1rbaros,566,596,0,39,0
12845,Pueblo+de+bonificaci%C3%B3n,390,546,0,41,1
12846,Pueblo+de+bonificaci%C3%B3n,506,619,0,41,6
12847,pueblo+de+SeShermans,459,391,2185383,26,0
12849,Pueblo+del+Callao,513,386,987723,241,0
12850,Pueblo+de+bonificaci%C3%B3n,432,595,0,40,8
12851,pueblo+de+Dariio,456,389,2091123,210,0
12852,Pueblo+de+b%C3%A1rbaros,593,575,0,27,0
12853,Pueblo+de+bonificaci%C3%B3n,600,561,0,35,7
12854,Pueblo+de+bonificaci%C3%B3n,488,618,0,65,2
12855,pueblo+de+Dbz2025,384,519,2176949,26,0
12856,Pueblo+de+b%C3%A1rbaros,393,450,0,32,0
12857,Pueblo+de+bonificaci%C3%B3n,387,464,0,41,7
12858,Pueblo+de+bonificaci%C3%B3n,384,497,0,35,2
12859,pueblo+de+qma2,504,619,7365,342,0
12860,Pueblo+de+b%C3%A1rbaros,618,506,0,40,0
12861,Pueblo+de+bonificaci%C3%B3n,545,390,0,37,1
12862,Pueblo+de+bonificaci%C3%B3n,602,561,0,27,5
12863,pueblo+de+marcosmir,563,403,576592,26,0
12864,Pueblo+de+b%C3%A1rbaros,394,552,0,42,0
12865,Pueblo+de+bonificaci%C3%B3n,617,478,0,32,3
12866,pueblo+de+Invitado185387,447,606,2185387,26,0
12867,Pueblo+de+b%C3%A1rbaros,609,539,0,38,0
12868,Pueblo+de+bonificaci%C3%B3n,567,595,0,36,4
12869,Atenas,387,533,2055435,223,0
12870,Pueblo+de+b%C3%A1rbaros,388,526,0,50,0
12871,Pueblo+de+bonificaci%C3%B3n,591,578,0,38,7
12872,pueblo+de+-+S+a+v+a+g+e+%2A,385,525,2175606,26,0
12873,Pueblo+de+b%C3%A1rbaros,423,413,0,39,0
12874,Pueblo+de+bonificaci%C3%B3n,586,417,0,33,8
12875,pueblo+de+elkety,426,589,2179036,69,0
12876,Pueblo+de+bonificaci%C3%B3n,554,396,0,35,7
12877,Pueblo+de+bonificaci%C3%B3n,530,384,0,40,1
12878,pueblo+de+balearic,472,613,2104259,236,0
12879,Pueblo+de+b%C3%A1rbaros,561,401,0,41,0
12880,Pueblo+de+bonificaci%C3%B3n,619,513,0,34,4
12881,Pueblo+de+bonificaci%C3%B3n,566,599,0,33,1
12882,pueblo+de+sayolin+kiuneh,568,593,2185399,91,0
12883,Pueblo+de+b%C3%A1rbaros,385,478,0,35,0
12884,Pueblo+de+bonificaci%C3%B3n,400,437,0,39,9
12885,pueblo+de+GuilleMateo,417,415,2185402,214,0
12886,Pueblo+de+bonificaci%C3%B3n,404,565,0,37,9
12887,pueblo+de+eeeloy,488,383,2141578,288,0
12888,Pueblo+de+b%C3%A1rbaros,507,616,0,33,0
12889,Pueblo+de+bonificaci%C3%B3n,577,410,0,41,3
12890,Carmen,478,616,2185408,178,0
12891,Pueblo+de+bonificaci%C3%B3n,529,386,0,29,8
12892,pueblo+de+pepeca,560,599,1267847,194,0
12893,Pueblo+de+bonificaci%C3%B3n,615,491,0,39,8
12894,pueblo+de+Ferchotre,557,530,2181135,84,0
12895,Pueblo+de+b%C3%A1rbaros,384,514,0,33,0
12896,Pueblo+de+bonificaci%C3%B3n,588,425,0,30,7
12897,pueblo+de+Cuervo+de+Hierro,608,453,2185442,26,0
12899,pueblo+de+pizzahat,582,580,2179414,37,0
12900,Pueblo+de+bonificaci%C3%B3n,553,394,0,46,3
12901,pueblo+de+Kuper,441,398,2178778,26,0
12902,Pueblo+de+b%C3%A1rbaros,466,386,0,38,0
12903,Pueblo+de+bonificaci%C3%B3n,405,428,0,40,3
12904,pueblo+de+Fedaikin,420,414,1475038,63,0
12905,Pueblo+de+bonificaci%C3%B3n,526,613,0,29,8
12906,Pueblo+de+bonificaci%C3%B3n,562,400,0,32,6
12907,pueblo+de+Timdoor,487,380,2184936,26,0
12908,Pueblo+de+bonificaci%C3%B3n,439,400,0,38,5
12909,pueblo+de+lafamiliaprimaditutto,575,410,2178622,49,0
12910,Pueblo+de+b%C3%A1rbaros,418,418,0,33,0
12911,Pueblo+de+bonificaci%C3%B3n,391,463,0,28,5
12912,Pueblo+de+bonificaci%C3%B3n,592,427,0,32,6
12913,pueblo+de+Strangehuman,381,503,2185462,49,0
12914,Pueblo+de+bonificaci%C3%B3n,385,504,0,34,5
12915,Pueblo+de+bonificaci%C3%B3n,557,398,0,39,7
12916,pueblo+de+Invitado185464,393,554,2185464,26,0
12917,Pueblo+de+b%C3%A1rbaros,499,381,0,28,0
12918,Pueblo+de+bonificaci%C3%B3n,578,412,0,35,5
12919,Pueblo+de+bonificaci%C3%B3n,477,382,0,32,9
12920,pueblo+de+Igor2k,409,574,2177955,26,0
12921,Pueblo+de+b%C3%A1rbaros,608,548,0,41,0
12922,Pueblo+de+bonificaci%C3%B3n,453,609,0,35,3
12923,Pueblo+de+bonificaci%C3%B3n,570,402,0,47,1
12924,pueblo+de+ReyKranger,576,593,1816744,26,0
12925,Pueblo+de+bonificaci%C3%B3n,466,387,0,35,4
12926,Pueblo+de+bonificaci%C3%B3n,607,450,0,31,8
12927,pueblo+de+blabb44,617,512,2185466,26,0
12928,Pueblo+de+bonificaci%C3%B3n,535,609,0,28,1
12929,Pueblo+de+bonificaci%C3%B3n,382,491,0,28,7
12930,pueblo+de+pistachos,414,581,1749444,26,0
12931,Pueblo+de+b%C3%A1rbaros,383,477,0,34,0
12932,Pueblo+de+bonificaci%C3%B3n,618,485,0,40,2
12933,Pueblo+de+bonificaci%C3%B3n,401,565,0,34,5
12934,pueblo+de+Welmejorr,568,598,2115128,26,0
12935,Pueblo+de+b%C3%A1rbaros,444,602,0,42,0
12936,Pueblo+de+bonificaci%C3%B3n,617,489,0,28,5
12937,pueblo+de+aSSaSSinSS,381,505,2054307,26,0
12938,Pueblo+de+bonificaci%C3%B3n,474,612,0,47,7
12939,pueblo+de+jesusiyo3333,396,553,1643481,26,0
12940,Pueblo+de+bonificaci%C3%B3n,382,496,0,27,5
12941,pueblo+de+ignacio17,553,599,2063206,360,0
12942,Pueblo+de+bonificaci%C3%B3n,399,438,0,38,7
12943,pueblo+de+dieguinloko,615,503,986252,222,0
12944,Pueblo+de+b%C3%A1rbaros,598,435,0,41,0
12945,Pueblo+de+bonificaci%C3%B3n,537,610,0,34,3
12946,pueblo+de+PicaMinas,388,475,2185476,221,0
12947,Pueblo+de+bonificaci%C3%B3n,426,592,0,36,4
12948,Pueblo+de+bonificaci%C3%B3n,463,386,0,32,6
12949,pueblo+de+rompetabikes,521,386,2181850,101,0
12950,Pueblo+de+b%C3%A1rbaros,567,401,0,29,0
12951,Pueblo+de+bonificaci%C3%B3n,620,503,0,40,3
12952,pueblo+de+Se%C3%B1or+josimar,547,391,2175447,26,0
12953,Pueblo+de+b%C3%A1rbaros,564,600,0,27,0
12954,Pueblo+de+bonificaci%C3%B3n,385,517,0,28,2
12955,Pueblo+de+bonificaci%C3%B3n,486,619,0,39,1
12956,pueblo+de+Armisen,584,586,2176663,255,0
12957,Pueblo+de+bonificaci%C3%B3n,491,381,0,27,8
12958,pueblo+de+Cire20,493,383,2176774,26,0
12959,Pueblo+de+b%C3%A1rbaros,541,391,0,35,0
12960,Pueblo+de+bonificaci%C3%B3n,589,427,0,35,7
12961,Pueblo+de+bonificaci%C3%B3n,616,480,0,44,8
12962,pueblo+de+Mrpsycho,485,382,2185509,26,0
12963,Pueblo+de+bonificaci%C3%B3n,384,516,0,26,1
12964,Pueblo+de+bonificaci%C3%B3n,411,419,0,32,5
12965,pueblo+de+Indomito,383,511,2173666,26,0
12966,Pueblo+de+b%C3%A1rbaros,544,610,0,28,0
12967,Pueblo+de+bonificaci%C3%B3n,577,408,0,27,7
12968,Pueblo+de+bonificaci%C3%B3n,443,395,0,26,8
12969,pueblo+de+meixide,595,434,1410,26,0
12970,Pueblo+de+b%C3%A1rbaros,586,420,0,27,0
12971,Pueblo+de+bonificaci%C3%B3n,521,383,0,26,3
12972,Pueblo+de+bonificaci%C3%B3n,538,612,0,27,9
12973,pueblo+de+gracioso,562,399,2134386,149,0
12974,Pueblo+de+b%C3%A1rbaros,609,544,0,32,0
12975,Pueblo+de+bonificaci%C3%B3n,478,384,0,26,5
12976,Pueblo+de+bonificaci%C3%B3n,613,520,0,26,7
12977,pueblo+de+A+COP,391,454,1762371,26,0
12978,Pueblo+de+b%C3%A1rbaros,566,595,0,27,0
12979,Pueblo+de+bonificaci%C3%B3n,616,511,0,27,1
12980,pueblo+de+Muyayin,619,498,2105233,93,0
12981,Pueblo+de+bonificaci%C3%B3n,616,472,0,26,7
